drug_id,prot_id,label,prot_domain
13830,9,1,virus
37150,22,1,virus
40358,6,0,virus
12444,168,1,virus
45738,64,1,virus
14728,145,0,virus
20008,16,0,virus
23838,54,1,virus
32479,18,0,virus
45894,191,1,virus
2705,24,1,virus
35420,43,1,virus
18267,216,0,virus
754,54,1,virus
25996,16,0,virus
13293,168,0,virus
54624,50,0,virus
14612,108,0,virus
5004,25,1,virus
9693,24,1,virus
4777,24,0,virus
31027,43,1,virus
50129,155,1,virus
39188,22,1,virus
33559,21,0,virus
44415,6,1,virus
48424,136,1,virus
7598,189,1,virus
1643,43,0,virus
22399,2,0,virus
21348,95,0,virus
23764,54,1,virus
14534,18,0,virus
12204,16,1,virus
45427,41,0,virus
2943,49,0,virus
49974,155,1,virus
32787,21,0,virus
12207,6,1,virus
14108,2,0,virus
23070,22,1,virus
8304,24,1,virus
2577,2,1,virus
1723,54,1,virus
39749,13,1,virus
29636,43,1,virus
10397,56,0,virus
21814,2,0,virus
42493,106,0,virus
18612,103,0,virus
32961,18,0,virus
15924,16,1,virus
12891,2,1,virus
1449,2,1,virus
32340,21,0,virus
21910,10,0,virus
49973,155,1,virus
33490,21,0,virus
43914,239,0,virus
24433,134,0,virus
9711,203,1,virus
23360,55,0,virus
38600,24,1,virus
50311,155,1,virus
35365,43,1,virus
13306,2,0,virus
9810,24,1,virus
45989,256,1,virus
20136,100,1,virus
48203,43,0,virus
19942,16,0,virus
23822,9,1,virus
15001,2,1,virus
2957,24,1,virus
21129,56,0,virus
13653,168,0,virus
9338,24,1,virus
34707,21,0,virus
4121,2,1,virus
54896,6,1,virus
12100,168,1,virus
51610,262,1,virus
29844,17,1,virus
34385,21,0,virus
37046,23,1,virus
24383,16,1,virus
8569,9,0,virus
38698,20,1,virus
37088,189,1,virus
50767,43,0,virus
19672,18,0,virus
15870,18,0,virus
29446,43,1,virus
21292,168,0,virus
34701,21,0,virus
41785,216,0,virus
2937,49,0,virus
38596,24,1,virus
8635,56,1,virus
39619,20,1,virus
51351,262,1,virus
51516,262,1,virus
30229,18,0,virus
3412,3,0,virus
25643,20,1,virus
18476,106,0,virus
5175,24,1,virus
20663,10,0,virus
39732,13,1,virus
25979,6,0,virus
45605,64,1,virus
13457,222,0,virus
12458,16,0,virus
49865,64,1,virus
12475,50,0,virus
2569,17,0,virus
52188,262,1,virus
20795,126,1,virus
760,9,1,virus
51624,262,1,virus
26348,145,1,virus
10538,2,0,virus
6323,168,0,virus
8434,6,0,virus
1455,2,1,virus
13632,16,0,virus
26825,43,1,virus
15223,64,0,virus
1081,139,1,virus
7294,47,1,virus
33376,43,1,virus
28796,18,0,virus
40141,189,1,virus
47654,43,0,virus
20580,5,0,virus
10234,9,1,virus
31129,43,0,virus
2180,56,1,virus
42066,216,0,virus
1224,0,0,virus
39238,16,0,virus
26565,4,1,virus
31268,21,0,virus
32385,18,0,virus
9894,28,0,virus
13723,16,1,virus
24875,60,1,virus
54179,262,0,virus
31483,18,0,virus
35187,146,0,virus
21093,168,0,virus
40029,135,1,virus
35545,43,1,virus
46123,255,1,virus
15290,102,0,virus
48199,59,0,virus
25996,2,1,virus
39529,24,1,virus
2313,56,1,virus
13258,2,0,virus
34240,18,0,virus
38800,24,1,virus
4218,49,1,virus
16781,0,0,virus
49171,261,1,virus
33439,43,1,virus
11650,168,1,virus
49011,261,1,virus
7037,56,1,virus
16527,16,0,virus
53496,43,0,virus
402,0,0,virus
1663,6,1,virus
33074,21,0,virus
30610,18,0,virus
3349,17,0,virus
31680,2,1,virus
12587,16,1,virus
45599,191,1,virus
757,100,1,virus
41146,6,1,virus
40640,6,1,virus
9232,20,1,virus
30193,18,0,virus
39103,20,1,virus
11977,2,1,virus
19175,5,0,virus
36314,24,1,virus
597,137,1,virus
13135,2,0,virus
9437,189,1,virus
39367,20,0,virus
36766,135,1,virus
4619,16,0,virus
12143,16,0,virus
48213,43,0,virus
22857,42,1,virus
32942,18,0,virus
39206,22,1,virus
15973,0,0,virus
45834,191,1,virus
23761,136,1,virus
31171,43,1,virus
10211,9,0,virus
25526,2,1,virus
51944,262,1,virus
6733,6,1,virus
54687,2,0,virus
19042,102,0,virus
25559,222,1,virus
25344,126,0,virus
38598,24,1,virus
45186,59,1,virus
514,27,0,virus
31589,21,0,virus
23057,54,1,virus
19745,103,0,virus
54580,67,0,virus
21274,22,1,virus
25395,2,0,virus
15976,18,0,virus
20043,250,0,virus
33497,21,0,virus
6933,24,1,virus
32608,2,1,virus
16967,222,0,virus
16868,0,0,virus
40048,135,1,virus
11780,56,1,virus
12183,16,1,virus
35849,24,1,virus
31708,2,1,virus
32805,18,0,virus
28843,245,0,virus
39605,20,1,virus
45619,64,1,virus
35236,43,1,virus
38054,24,1,virus
2322,163,0,virus
11422,56,1,virus
47503,43,0,virus
4623,16,0,virus
14727,102,0,virus
7471,24,0,virus
42457,0,0,virus
16987,103,0,virus
9400,24,1,virus
2964,183,1,virus
13232,9,1,virus
22745,16,0,virus
12301,24,1,virus
47153,43,0,virus
5003,25,1,virus
7468,24,0,virus
24868,4,1,virus
32423,21,0,virus
4584,48,1,virus
9741,13,0,virus
54439,16,0,virus
32817,167,0,virus
19023,16,0,virus
4795,49,1,virus
52373,232,1,virus
42664,14,0,virus
18927,18,0,virus
39897,20,0,virus
17855,20,0,virus
17339,220,1,virus
10437,56,1,virus
37078,13,0,virus
17227,220,1,virus
41129,6,1,virus
47582,43,0,virus
38684,22,1,virus
16483,16,0,virus
14909,106,0,virus
18190,2,1,virus
12864,2,1,virus
20676,10,0,virus
26633,157,0,virus
7477,24,0,virus
39028,222,1,virus
14811,64,0,virus
5876,2,1,virus
35205,172,1,virus
25038,100,1,virus
205,1,0,virus
6099,57,0,virus
30462,91,0,virus
4812,49,1,virus
33452,21,0,virus
48527,237,1,virus
837,56,1,virus
43631,162,1,virus
47883,43,0,virus
25308,20,1,virus
33410,18,0,virus
7917,24,1,virus
39067,222,1,virus
44777,136,1,virus
43426,162,1,virus
34743,85,0,virus
24758,20,0,virus
1043,54,1,virus
22578,168,0,virus
51895,262,1,virus
36146,13,0,virus
49015,261,1,virus
19003,16,0,virus
35960,24,1,virus
2967,189,1,virus
45090,136,1,virus
37814,54,1,virus
4202,54,1,virus
3747,191,1,virus
13312,59,0,virus
18672,168,1,virus
26265,6,1,virus
39547,20,1,virus
14521,18,0,virus
8324,2,1,virus
23248,135,0,virus
39607,20,1,virus
31631,18,0,virus
25977,6,0,virus
8664,2,0,virus
14438,126,0,virus
45079,242,1,virus
43989,237,1,virus
25023,100,1,virus
14577,2,0,virus
25229,168,1,virus
10455,278,0,virus
12223,9,1,virus
22756,59,0,virus
39465,22,1,virus
1083,8,1,virus
32688,21,0,virus
4102,6,1,virus
51391,262,1,virus
3539,3,0,virus
52384,232,1,virus
4277,54,1,virus
23804,9,1,virus
18701,16,0,virus
31875,43,0,virus
31503,21,0,virus
23054,22,1,virus
19281,102,0,virus
31629,21,0,virus
9322,24,1,virus
40010,187,0,virus
28419,2,0,virus
19071,18,0,virus
17168,126,0,virus
8064,2,1,virus
10135,189,1,virus
24920,9,1,virus
24423,16,0,virus
54634,6,0,virus
21584,2,0,virus
32807,18,0,virus
32002,43,1,virus
8432,2,1,virus
31384,18,0,virus
16044,134,0,virus
34698,21,0,virus
37302,6,1,virus
29918,43,0,virus
50667,43,0,virus
26201,18,0,virus
31827,2,1,virus
17683,18,0,virus
208,56,1,virus
24693,2,0,virus
1485,222,1,virus
15198,0,0,virus
767,23,1,virus
15519,14,0,virus
32355,43,0,virus
32948,18,0,virus
43280,6,1,virus
785,22,1,virus
43506,162,1,virus
15577,0,0,virus
21580,222,1,virus
15654,103,0,virus
32457,21,0,virus
20602,2,0,virus
9867,9,0,virus
13797,16,0,virus
38514,24,1,virus
11815,2,1,virus
5216,67,1,virus
11891,168,0,virus
30881,18,0,virus
10169,189,1,virus
27313,24,1,virus
25649,168,0,virus
30255,18,0,virus
1044,34,1,virus
38787,20,1,virus
13952,16,0,virus
32869,18,0,virus
46128,255,1,virus
13237,168,0,virus
22003,5,0,virus
24842,126,0,virus
22165,10,0,virus
35611,43,1,virus
7306,42,0,virus
35795,135,1,virus
37837,189,1,virus
8049,191,1,virus
25595,2,1,virus
15971,0,0,virus
35437,24,1,virus
8920,2,0,virus
51860,262,1,virus
4264,25,1,virus
23025,22,1,virus
18531,14,0,virus
2528,4,1,virus
22367,59,0,virus
1070,8,1,virus
18596,105,0,virus
31538,21,0,virus
21782,16,0,virus
52147,262,1,virus
3468,195,1,virus
17437,216,0,virus
1439,2,1,virus
13780,10,0,virus
3065,45,0,virus
5955,189,1,virus
931,8,1,virus
24787,4,0,virus
1593,0,0,virus
25996,6,0,virus
5092,191,1,virus
21365,168,1,virus
33849,18,0,virus
13796,16,0,virus
755,54,1,virus
25716,2,1,virus
44788,136,1,virus
44127,239,1,virus
54290,43,1,virus
11812,222,0,virus
45875,64,1,virus
43231,6,1,virus
3879,48,1,virus
4365,54,1,virus
9479,6,1,virus
21990,5,0,virus
13268,168,1,virus
21278,272,1,virus
16813,14,0,virus
38215,135,1,virus
50781,43,1,virus
25585,2,0,virus
917,8,1,virus
13364,89,0,virus
47742,262,0,virus
2984,47,0,virus
14877,18,0,virus
11574,16,0,virus
34166,41,1,virus
37087,24,1,virus
22745,168,0,virus
6514,13,1,virus
51635,262,1,virus
40984,6,1,virus
3951,24,1,virus
22912,23,1,virus
13244,16,1,virus
43361,239,1,virus
38613,189,1,virus
9546,75,1,virus
12183,6,1,virus
2226,222,0,virus
2547,2,0,virus
33669,21,0,virus
606,34,1,virus
16352,103,0,virus
20666,126,0,virus
26286,2,0,virus
7490,24,0,virus
38945,20,1,virus
8694,9,0,virus
20465,125,0,virus
40272,189,1,virus
6803,24,1,virus
31122,21,0,virus
25971,2,0,virus
33026,21,0,virus
17985,105,0,virus
20554,55,1,virus
33584,18,0,virus
3050,48,1,virus
26899,8,1,virus
46889,43,0,virus
26024,2,1,virus
15464,0,0,virus
38406,24,1,virus
17964,18,0,virus
37498,22,1,virus
25417,91,0,virus
10527,56,0,virus
40036,135,1,virus
14833,18,0,virus
40144,189,1,virus
22391,5,0,virus
181,189,1,virus
35963,189,1,virus
14502,0,0,virus
14672,114,0,virus
31279,135,1,virus
23551,138,0,virus
2603,54,1,virus
43395,239,1,virus
18341,0,0,virus
40293,6,1,virus
33777,18,0,virus
33609,18,0,virus
13571,16,1,virus
8068,191,1,virus
4741,49,1,virus
41409,6,0,virus
18476,107,0,virus
35108,16,1,virus
20779,5,0,virus
38169,24,1,virus
33319,18,0,virus
40236,189,1,virus
37207,135,1,virus
28086,21,0,virus
32726,18,0,virus
38792,24,0,virus
25475,2,1,virus
52674,262,1,virus
16253,0,0,virus
36270,24,1,virus
45773,64,1,virus
3536,61,0,virus
45230,59,1,virus
38535,24,1,virus
47100,43,0,virus
40455,6,1,virus
34322,21,0,virus
9025,13,1,virus
43995,237,1,virus
15532,106,0,virus
19122,18,0,virus
45983,255,1,virus
22448,126,0,virus
42788,189,1,virus
45959,255,1,virus
31476,18,0,virus
12431,16,0,virus
43232,6,1,virus
36454,189,1,virus
3728,191,1,virus
300,16,1,virus
4307,2,0,virus
34838,16,1,virus
22988,23,1,virus
34326,21,0,virus
9426,16,0,virus
4002,22,0,virus
44661,239,1,virus
995,34,1,virus
2159,40,1,virus
1105,9,0,virus
1294,15,1,virus
31420,43,1,virus
8151,189,0,virus
39098,20,1,virus
18988,222,0,virus
2751,54,1,virus
18434,0,0,virus
23050,22,1,virus
44306,6,1,virus
35128,16,1,virus
9525,24,1,virus
30832,43,0,virus
27430,2,0,virus
41339,135,1,virus
11040,2,0,virus
38336,24,1,virus
54226,262,0,virus
40119,188,1,virus
35001,16,1,virus
38567,24,1,virus
40281,189,1,virus
5520,6,0,virus
33788,21,0,virus
45749,191,1,virus
18407,18,0,virus
29545,21,0,virus
22928,224,1,virus
37426,54,1,virus
36804,135,1,virus
52721,262,1,virus
51646,262,1,virus
19101,18,0,virus
39107,20,1,virus
38283,6,1,virus
46518,43,0,virus
25889,2,0,virus
21628,5,0,virus
11126,222,0,virus
33977,21,0,virus
39438,20,1,virus
32788,21,0,virus
12275,16,0,virus
29878,59,1,virus
31584,21,0,virus
15287,103,0,virus
19300,0,0,virus
33162,21,0,virus
45057,242,1,virus
24400,2,0,virus
19581,55,1,virus
17273,18,0,virus
7117,24,1,virus
32785,21,0,virus
9213,76,0,virus
33542,18,0,virus
14243,18,0,virus
39789,23,1,virus
421,0,0,virus
43129,237,1,virus
16184,18,0,virus
14058,16,0,virus
23044,22,1,virus
17300,2,1,virus
19791,43,1,virus
37227,13,1,virus
36262,24,1,virus
33663,18,0,virus
16449,59,0,virus
3361,6,1,virus
10093,16,1,virus
38635,24,1,virus
10612,16,0,virus
37180,24,1,virus
23223,54,1,virus
33408,18,0,virus
37501,13,1,virus
40202,189,1,virus
30538,43,1,virus
18112,18,0,virus
14290,0,0,virus
31683,18,0,virus
17264,107,0,virus
14148,2,0,virus
24497,23,1,virus
9232,6,1,virus
13356,222,0,virus
32635,21,0,virus
38494,24,1,virus
29518,18,0,virus
33331,21,1,virus
33514,18,0,virus
51718,262,1,virus
49897,64,1,virus
54942,222,1,virus
7599,190,1,virus
34938,16,1,virus
19346,18,0,virus
34071,21,0,virus
32107,43,1,virus
45910,191,1,virus
52598,262,1,virus
43384,239,1,virus
23803,9,1,virus
29433,18,0,virus
42722,221,1,virus
5190,24,1,virus
2206,2,0,virus
38907,20,1,virus
37563,189,1,virus
32552,18,0,virus
45804,191,1,virus
38372,24,1,virus
35924,135,1,virus
21731,5,0,virus
1670,6,0,virus
30748,21,0,virus
32617,21,0,virus
5531,2,0,virus
930,8,1,virus
16183,102,0,virus
45749,64,1,virus
30147,18,0,virus
17970,18,0,virus
48275,59,0,virus
7593,190,1,virus
23987,6,1,virus
26496,43,0,virus
3738,191,1,virus
22989,54,1,virus
14373,18,0,virus
2882,43,1,virus
40414,6,0,virus
25454,222,1,virus
19062,59,0,virus
36452,24,1,virus
52378,159,1,virus
45617,191,1,virus
12738,20,0,virus
44399,6,1,virus
14826,69,0,virus
51338,262,0,virus
5144,24,1,virus
36688,135,1,virus
27280,43,0,virus
26024,6,0,virus
10107,9,0,virus
33648,18,0,virus
44841,136,0,virus
2571,17,0,virus
30397,21,0,virus
29948,21,1,virus
54202,262,0,virus
19335,103,0,virus
3447,24,1,virus
10870,56,0,virus
52367,250,1,virus
6176,25,1,virus
11962,16,1,virus
16686,0,0,virus
36005,22,0,virus
25768,153,0,virus
32559,18,0,virus
22649,17,0,virus
52372,232,1,virus
17724,222,1,virus
31366,18,0,virus
39047,220,1,virus
9967,16,0,virus
4297,48,1,virus
38451,24,1,virus
4988,189,1,virus
38042,183,1,virus
27357,262,1,virus
13644,168,0,virus
51840,262,1,virus
24200,2,1,virus
9205,2,0,virus
42793,189,1,virus
45402,59,0,virus
38886,20,1,virus
32699,18,0,virus
30019,164,0,virus
36350,24,1,virus
45907,64,1,virus
19362,216,0,virus
4369,34,1,virus
43366,239,1,virus
17289,0,0,virus
8113,191,1,virus
18356,14,0,virus
40760,189,1,virus
47124,43,0,virus
43381,239,1,virus
48403,136,1,virus
24288,55,0,virus
46459,43,1,virus
65,2,0,virus
773,56,1,virus
7537,100,1,virus
6987,189,1,virus
14321,103,0,virus
40664,194,0,virus
958,34,1,virus
39446,20,1,virus
537,0,0,virus
45801,191,1,virus
38676,180,1,virus
13364,86,0,virus
22376,16,1,virus
15635,18,0,virus
24723,20,0,virus
11096,2,0,virus
4710,47,0,virus
52329,250,1,virus
30688,21,0,virus
22424,168,0,virus
18887,102,0,virus
37975,24,1,virus
24860,119,0,virus
38923,20,1,virus
12429,16,0,virus
11108,2,1,virus
24458,55,0,virus
19643,14,0,virus
48568,237,1,virus
5584,49,1,virus
13520,16,0,virus
7724,189,1,virus
40617,189,1,virus
47885,41,0,virus
8760,23,0,virus
9326,189,1,virus
35969,24,1,virus
15354,0,0,virus
21962,222,1,virus
55113,222,1,virus
38048,24,1,virus
37796,22,1,virus
36643,2,0,virus
7318,189,1,virus
22054,2,1,virus
25222,2,0,virus
13204,16,1,virus
30281,18,0,virus
14453,10,0,virus
55187,8,1,virus
11639,16,0,virus
49228,191,1,virus
24065,138,0,virus
17076,114,0,virus
7410,24,1,virus
20684,126,0,virus
13828,9,1,virus
5154,189,1,virus
33519,21,0,virus
13094,16,1,virus
12543,168,0,virus
54115,262,0,virus
33579,18,0,virus
12884,220,0,virus
9253,2,1,virus
40654,194,0,virus
14002,16,0,virus
50334,43,1,virus
53947,262,0,virus
32772,18,0,virus
32773,18,0,virus
40771,189,1,virus
10882,56,1,virus
52277,262,1,virus
5149,24,1,virus
20976,130,1,virus
12627,16,0,virus
10167,189,1,virus
29462,43,0,virus
40574,189,1,virus
20811,2,1,virus
2709,139,1,virus
35206,172,1,virus
12414,4,0,virus
8043,191,1,virus
21568,2,1,virus
29893,21,0,virus
38669,23,1,virus
16650,16,1,virus
25899,222,0,virus
12850,16,0,virus
23367,126,1,virus
52319,159,1,virus
54069,262,0,virus
13519,16,0,virus
14340,18,0,virus
4207,54,1,virus
16123,17,0,virus
31774,2,1,virus
49770,41,0,virus
38618,24,1,virus
45062,242,1,virus
34302,43,1,virus
15630,102,0,virus
850,8,1,virus
31274,21,1,virus
31980,21,0,virus
36389,24,1,virus
41445,6,0,virus
36112,24,1,virus
44244,240,1,virus
29926,21,0,virus
54206,262,0,virus
52389,159,1,virus
37138,189,1,virus
54730,2,1,virus
138,9,1,virus
31639,18,0,virus
37566,24,1,virus
25269,9,1,virus
6834,24,1,virus
23243,135,0,virus
40158,189,1,virus
1290,15,1,virus
13547,0,0,virus
13534,2,0,virus
47191,43,0,virus
15476,103,0,virus
13448,222,1,virus
14662,0,0,virus
8525,16,1,virus
38670,180,1,virus
52540,43,1,virus
22435,168,0,virus
46070,255,1,virus
39267,24,1,virus
38657,180,1,virus
45056,136,1,virus
37224,54,0,virus
14585,18,0,virus
30408,21,0,virus
9983,16,0,virus
23257,135,0,virus
8868,24,0,virus
2564,52,0,virus
36363,24,1,virus
52365,59,1,virus
45657,64,1,virus
227,22,1,virus
37735,24,1,virus
47279,43,0,virus
11637,168,1,virus
32990,18,0,virus
14528,0,0,virus
4533,48,1,virus
33501,18,0,virus
38591,189,1,virus
34259,18,0,virus
16811,14,0,virus
29508,43,1,virus
23849,136,1,virus
2455,48,1,virus
26239,2,0,virus
6834,189,1,virus
14560,2,0,virus
37007,189,1,virus
29895,21,0,virus
12092,16,0,virus
30418,18,0,virus
45644,64,1,virus
2671,189,1,virus
47293,43,0,virus
32997,21,0,virus
7052,9,1,virus
20801,222,1,virus
36625,24,1,virus
23668,136,1,virus
25060,54,1,virus
32986,18,0,virus
31852,18,0,virus
25184,20,1,virus
40000,184,0,virus
8102,191,1,virus
8068,2,1,virus
26098,22,1,virus
38617,189,1,virus
27465,2,1,virus
21067,16,1,virus
35946,24,1,virus
3902,2,1,virus
995,34,1,virus
40893,135,1,virus
32592,166,0,virus
54346,43,1,virus
2964,183,1,virus
6136,24,0,virus
33604,18,0,virus
12019,2,1,virus
33825,18,0,virus
31905,16,1,virus
25025,100,1,virus
33719,166,0,virus
22829,23,1,virus
29539,18,0,virus
25776,153,0,virus
22990,22,1,virus
34850,16,1,virus
53825,262,0,virus
27761,102,0,virus
31656,18,0,virus
23215,4,0,virus
4582,48,1,virus
47106,43,0,virus
22765,168,0,virus
14287,186,0,virus
11336,220,1,virus
27738,2,1,virus
4504,61,0,virus
17520,103,0,virus
49906,64,1,virus
4067,222,1,virus
776,23,1,virus
25481,16,0,virus
39734,23,1,virus
17066,18,0,virus
21335,2,0,virus
9392,16,0,virus
18664,2,0,virus
45781,191,1,virus
36905,2,1,virus
1283,34,0,virus
37626,18,0,virus
29810,21,1,virus
52051,262,1,virus
45717,64,1,virus
48500,237,1,virus
6429,43,0,virus
19834,95,0,virus
51762,262,1,virus
8488,28,1,virus
48852,160,0,virus
7475,24,0,virus
16106,17,0,virus
25932,145,0,virus
43358,239,1,virus
45853,191,1,virus
38283,6,1,virus
28774,21,0,virus
13793,168,0,virus
50207,155,1,virus
35824,40,1,virus
37766,24,1,virus
31054,24,1,virus
48728,43,1,virus
52157,262,1,virus
19984,10,0,virus
5965,24,1,virus
34093,18,0,virus
33720,21,1,virus
20042,59,0,virus
44564,239,1,virus
54857,6,1,virus
11812,2,0,virus
31563,18,0,virus
31344,43,0,virus
35289,24,1,virus
25059,100,1,virus
39066,222,1,virus
12304,20,1,virus
37137,189,1,virus
33717,167,0,virus
27349,56,0,virus
31054,20,1,virus
26138,43,0,virus
33037,18,0,virus
17216,220,1,virus
33763,21,1,virus
25718,222,1,virus
51903,262,1,virus
3469,18,0,virus
22786,2,0,virus
8295,77,0,virus
36036,24,1,virus
13153,74,0,virus
27138,24,1,virus
778,56,1,virus
2435,3,0,virus
6413,2,1,virus
23134,54,0,virus
14735,14,0,virus
45189,59,1,virus
31272,18,0,virus
778,23,1,virus
5133,24,1,virus
39860,16,1,virus
23159,54,0,virus
45011,189,1,virus
54280,43,1,virus
33466,18,0,virus
43342,6,1,virus
2550,47,0,virus
34086,21,0,virus
1423,2,0,virus
17604,103,0,virus
14268,103,0,virus
28628,43,0,virus
13338,220,1,virus
46222,43,1,virus
33723,164,0,virus
3159,24,1,virus
33320,21,0,virus
7950,9,1,virus
13992,16,0,virus
24073,55,0,virus
26468,43,0,virus
39062,2,1,virus
1388,9,0,virus
38627,189,1,virus
12326,20,0,virus
27124,24,1,virus
51166,262,0,virus
2709,6,1,virus
20453,9,0,virus
11435,9,1,virus
54204,262,0,virus
21055,5,0,virus
388,100,0,virus
36658,135,1,virus
39199,22,1,virus
39552,20,1,virus
23240,135,1,virus
34199,9,0,virus
2963,24,0,virus
1397,9,0,virus
31131,18,0,virus
5170,24,1,virus
2671,190,1,virus
14388,103,0,virus
29179,18,0,virus
27886,43,1,virus
20183,20,0,virus
11465,24,1,virus
50446,43,0,virus
12338,222,0,virus
16939,104,0,virus
33468,18,0,virus
8518,42,0,virus
37599,24,1,virus
38877,20,1,virus
45096,136,1,virus
52386,250,1,virus
44076,34,1,virus
28783,59,0,virus
15605,2,0,virus
7353,45,0,virus
39323,59,1,virus
36037,24,1,virus
27512,2,1,virus
7252,189,1,virus
48263,59,0,virus
8945,16,0,virus
31173,21,0,virus
26013,2,1,virus
42911,225,1,virus
30025,30,1,virus
23702,54,1,virus
22840,42,1,virus
38770,10,0,virus
31149,43,1,virus
32779,21,0,virus
51993,262,1,virus
32586,43,1,virus
52077,262,1,virus
15297,103,0,virus
32958,18,0,virus
45107,136,1,virus
40278,189,1,virus
26958,34,1,virus
15844,222,1,virus
5836,16,0,virus
37731,24,1,virus
3278,24,1,virus
2309,0,0,virus
25809,16,1,virus
38442,24,1,virus
39966,262,1,virus
506,25,1,virus
26242,2,0,virus
5185,24,1,virus
4781,222,0,virus
47352,43,0,virus
12081,168,0,virus
4567,25,1,virus
35716,24,1,virus
22289,16,1,virus
27918,43,0,virus
31045,24,1,virus
4300,48,1,virus
45426,41,0,virus
45660,64,1,virus
18222,168,0,virus
52254,262,1,virus
18040,5,0,virus
21152,14,0,virus
26021,2,1,virus
45661,191,1,virus
39035,2,1,virus
22512,5,0,virus
3374,6,1,virus
47573,43,0,virus
43543,162,1,virus
16798,14,0,virus
37605,22,1,virus
39531,43,1,virus
33670,18,0,virus
25939,145,0,virus
50228,155,1,virus
37999,6,1,virus
22928,23,1,virus
24396,138,0,virus
22949,224,1,virus
4066,56,1,virus
11728,222,0,virus
21169,5,0,virus
33995,43,0,virus
21200,222,1,virus
19417,168,1,virus
24377,55,0,virus
28713,58,1,virus
25456,2,1,virus
5503,9,0,virus
22995,22,1,virus
16424,14,0,virus
47887,43,0,virus
2532,4,1,virus
13858,16,1,virus
31892,18,0,virus
10724,2,1,virus
11374,2,1,virus
16550,102,0,virus
10297,9,0,virus
14998,2,0,virus
32814,21,0,virus
24116,20,1,virus
19567,16,1,virus
34712,18,0,virus
30436,18,0,virus
37951,24,1,virus
24426,16,0,virus
23014,54,1,virus
20492,5,0,virus
36820,6,1,virus
11947,2,0,virus
28239,91,0,virus
31619,18,0,virus
51937,262,1,virus
35353,43,1,virus
9232,135,1,virus
43772,239,1,virus
36200,24,1,virus
18939,18,0,virus
40779,135,1,virus
38062,183,1,virus
2450,2,0,virus
53844,262,0,virus
15424,102,0,virus
764,9,1,virus
10944,189,1,virus
34416,21,0,virus
18204,18,0,virus
30788,21,0,virus
17867,103,0,virus
32341,18,0,virus
29440,21,0,virus
53857,262,0,virus
2527,4,1,virus
5968,189,1,virus
25649,16,0,virus
17537,222,0,virus
235,22,1,virus
9514,16,0,virus
52063,262,1,virus
28866,18,0,virus
35894,19,0,virus
48981,261,1,virus
45093,242,1,virus
9777,6,1,virus
19781,64,0,virus
13633,220,1,virus
22959,22,1,virus
13953,16,0,virus
46971,43,0,virus
1643,183,1,virus
7661,3,0,virus
14062,16,0,virus
54811,6,1,virus
27136,24,1,virus
28443,43,0,virus
17203,222,1,virus
49878,64,1,virus
22967,22,1,virus
26955,43,0,virus
51982,262,1,virus
31462,18,0,virus
1594,5,0,virus
54453,16,0,virus
3741,2,1,virus
28691,167,0,virus
33002,18,0,virus
31464,18,0,virus
32303,21,0,virus
11959,168,1,virus
1360,22,1,virus
37695,189,1,virus
32431,21,0,virus
1332,15,1,virus
45833,64,1,virus
23710,136,1,virus
38651,20,1,virus
35422,24,1,virus
11813,236,1,virus
45823,191,1,virus
14879,18,0,virus
21164,5,0,virus
52366,159,1,virus
40110,188,1,virus
6510,13,1,virus
31448,43,0,virus
40561,189,1,virus
30685,21,0,virus
24797,10,0,virus
2769,24,1,virus
52192,262,1,virus
16903,103,0,virus
7715,189,1,virus
43020,233,0,virus
39590,20,1,virus
14365,5,0,virus
21613,14,0,virus
23012,224,1,virus
34264,21,0,virus
766,9,1,virus
23059,23,1,virus
41388,6,0,virus
40240,189,1,virus
2671,189,1,virus
30747,18,0,virus
23515,23,1,virus
38829,20,0,virus
33680,164,0,virus
40103,135,0,virus
14932,18,0,virus
8738,2,0,virus
12140,16,0,virus
17399,186,0,virus
23,2,1,virus
24564,16,0,virus
13644,16,0,virus
13414,168,0,virus
8957,6,1,virus
12492,95,0,virus
2275,2,1,virus
13119,2,0,virus
37877,24,1,virus
34934,16,1,virus
43057,6,0,virus
8609,56,1,virus
46007,256,1,virus
22178,14,0,virus
3422,3,0,virus
6383,2,0,virus
8488,73,1,virus
23009,54,1,virus
5950,24,1,virus
14621,0,0,virus
15360,222,0,virus
34167,18,0,virus
45057,136,1,virus
6346,43,0,virus
31501,165,0,virus
32824,21,0,virus
47224,43,0,virus
25988,2,1,virus
43604,162,1,virus
1608,0,0,virus
31646,21,0,virus
1985,15,1,virus
26075,145,0,virus
805,9,1,virus
3630,4,1,virus
37584,24,1,virus
41349,205,0,virus
16513,16,0,virus
38358,215,1,virus
5629,54,1,virus
14078,41,0,virus
37705,24,1,virus
52843,43,1,virus
50212,155,1,virus
10434,9,1,virus
1385,59,0,virus
36014,189,1,virus
23099,55,0,virus
22957,54,1,virus
45406,59,0,virus
17869,18,0,virus
38685,180,1,virus
7585,42,0,virus
33246,262,0,virus
15193,103,0,virus
15794,103,0,virus
25514,222,1,virus
181,135,1,virus
26160,2,0,virus
22820,20,0,virus
29449,21,0,virus
5033,2,1,virus
33044,164,0,virus
30526,21,0,virus
9825,6,1,virus
828,9,1,virus
54154,262,0,virus
40930,59,0,virus
14155,222,0,virus
2010,43,0,virus
20664,126,0,virus
32544,18,0,virus
37411,189,1,virus
9894,74,0,virus
940,8,1,virus
91,22,1,virus
15873,16,0,virus
21859,14,0,virus
9952,2,1,virus
36458,189,1,virus
43214,6,1,virus
36747,24,1,virus
52556,262,1,virus
50289,155,1,virus
17413,2,1,virus
15023,168,0,virus
32854,21,0,virus
10436,9,1,virus
1663,6,1,virus
9485,73,0,virus
31989,18,0,virus
6956,189,1,virus
9433,2,0,virus
49009,261,1,virus
13495,16,0,virus
440,56,1,virus
5708,54,1,virus
54263,43,1,virus
43760,239,1,virus
17613,103,0,virus
10692,2,1,virus
34057,21,0,virus
38959,135,1,virus
36932,3,1,virus
43360,239,1,virus
22912,224,1,virus
28878,21,0,virus
32394,18,0,virus
5088,191,1,virus
20068,16,0,virus
47877,159,0,virus
40120,188,1,virus
32368,18,0,virus
5911,168,1,virus
234,137,1,virus
33743,18,0,virus
18418,14,0,virus
28291,16,0,virus
30145,56,0,virus
1674,2,0,virus
10323,16,0,virus
1886,15,1,virus
54055,262,0,virus
51916,262,1,virus
181,189,1,virus
32732,18,0,virus
2282,2,0,virus
6071,47,1,virus
36269,24,1,virus
13353,168,0,virus
23844,54,1,virus
23706,136,1,virus
899,8,1,virus
2446,45,0,virus
11815,222,1,virus
45239,251,1,virus
18906,102,0,virus
1664,2,0,virus
34056,18,0,virus
28372,31,0,virus
13327,6,1,virus
35738,22,0,virus
48706,43,0,virus
6551,2,0,virus
23859,136,1,virus
33214,30,0,virus
44430,239,1,virus
33539,18,0,virus
7920,24,1,virus
52228,262,1,virus
20385,4,1,virus
42812,6,0,virus
13463,16,0,virus
767,9,1,virus
44417,6,1,virus
26948,145,0,virus
30519,18,0,virus
13239,168,1,virus
35532,43,1,virus
5503,56,0,virus
33523,18,0,virus
3180,24,1,virus
4138,2,0,virus
7271,2,0,virus
18816,103,0,virus
29515,21,0,virus
14463,14,0,virus
25720,2,1,virus
15660,103,0,virus
28108,2,0,virus
18432,18,0,virus
5023,189,1,virus
34371,21,0,virus
48957,261,0,virus
38627,24,1,virus
22853,42,1,virus
7856,196,0,virus
52354,43,1,virus
2894,54,1,virus
32592,167,0,virus
10900,9,1,virus
43903,239,1,virus
10176,2,0,virus
38325,24,1,virus
43099,34,0,virus
32258,21,0,virus
3646,42,1,virus
36767,135,1,virus
37512,13,1,virus
14439,126,0,virus
6584,3,0,virus
31347,262,0,virus
41285,100,1,virus
3207,24,1,virus
3114,24,1,virus
45990,256,1,virus
22175,168,0,virus
19727,70,0,virus
42275,216,0,virus
52351,232,1,virus
8780,24,1,virus
6138,24,0,virus
692,0,0,virus
27844,16,0,virus
21243,14,0,virus
24593,113,0,virus
32156,18,0,virus
179,15,1,virus
20610,2,0,virus
38167,189,1,virus
25505,222,1,virus
25092,9,1,virus
22847,42,1,virus
13598,16,1,virus
769,23,1,virus
20337,126,0,virus
50992,43,0,virus
31552,21,0,virus
28686,21,0,virus
17042,0,0,virus
30395,18,0,virus
8671,2,0,virus
10591,9,0,virus
24875,118,1,virus
25774,153,0,virus
9783,27,0,virus
55104,126,0,virus
14667,168,1,virus
330,0,0,virus
19569,168,1,virus
1869,27,0,virus
45778,64,1,virus
44016,237,1,virus
50199,155,1,virus
11760,222,0,virus
26284,24,1,virus
16031,103,0,virus
22949,54,1,virus
25115,8,1,virus
19257,18,0,virus
42788,188,1,virus
47595,43,0,virus
33833,18,0,virus
2471,47,0,virus
32801,18,0,virus
36774,24,1,virus
34286,21,0,virus
23063,22,1,virus
13832,9,1,virus
36477,6,1,virus
50989,43,0,virus
49135,261,1,virus
21602,5,0,virus
18501,103,0,virus
610,34,1,virus
38944,20,1,virus
13429,16,0,virus
50258,155,1,virus
21927,168,1,virus
15392,64,0,virus
32907,18,0,virus
5271,16,0,virus
15511,106,0,virus
9161,6,0,virus
721,0,0,virus
24665,147,0,virus
22673,5,0,virus
14899,2,0,virus
11933,16,1,virus
18555,107,0,virus
33082,18,0,virus
18668,168,1,virus
13182,16,0,virus
7805,28,0,virus
41178,6,1,virus
36590,24,1,virus
34263,18,0,virus
9472,16,0,virus
39100,20,1,virus
17569,16,0,virus
41803,216,0,virus
48804,237,1,virus
40152,189,1,virus
21432,2,0,virus
32549,18,0,virus
22160,16,0,virus
6643,189,1,virus
14454,10,0,virus
38805,24,1,virus
1000,8,1,virus
28020,102,0,virus
22988,54,1,virus
4782,49,1,virus
48425,136,1,virus
18499,103,0,virus
5507,2,0,virus
54715,22,0,virus
31046,24,1,virus
17586,106,0,virus
42903,13,0,virus
11332,222,1,virus
34186,43,0,virus
13024,59,0,virus
19970,118,1,virus
49295,264,1,virus
12096,6,1,virus
7578,24,0,virus
23048,54,1,virus
29580,18,0,virus
2765,24,1,virus
883,25,1,virus
33677,21,1,virus
31572,18,0,virus
20783,88,0,virus
48719,43,1,virus
1105,34,0,virus
33162,18,0,virus
8165,189,1,virus
25060,100,1,virus
19721,103,0,virus
17477,102,0,virus
38025,24,1,virus
22829,22,1,virus
611,34,1,virus
15879,18,0,virus
36190,22,0,virus
32996,18,0,virus
11771,2,0,virus
39475,23,1,virus
16472,0,0,virus
26150,43,0,virus
30768,18,0,virus
5360,49,0,virus
37559,13,1,virus
32347,165,0,virus
12683,16,1,virus
17790,103,0,virus
33761,165,0,virus
3190,24,1,virus
24794,10,0,virus
12974,168,0,virus
51639,262,1,virus
9283,24,1,virus
10613,16,0,virus
18703,16,1,virus
34624,43,1,virus
9757,6,1,virus
1064,8,1,virus
32676,21,0,virus
47306,43,0,virus
39671,24,1,virus
16865,18,0,virus
46086,255,1,virus
48617,43,1,virus
10289,9,0,virus
38736,20,1,virus
26943,2,1,virus
41984,216,0,virus
39461,20,1,virus
7928,24,1,virus
45676,64,1,virus
25083,9,1,virus
18209,69,0,virus
32430,18,0,virus
55083,222,1,virus
31233,18,0,virus
29720,60,0,virus
11332,2,1,virus
15846,16,1,virus
4380,45,0,virus
44015,237,1,virus
22266,16,0,virus
30565,18,0,virus
36988,13,0,virus
14287,2,0,virus
25499,2,1,virus
14665,2,0,virus
23759,54,1,virus
45888,191,1,virus
8537,278,0,virus
12778,168,0,virus
3745,191,1,virus
14915,103,0,virus
10871,56,0,virus
33391,18,0,virus
49527,6,1,virus
37992,135,1,virus
25035,22,1,virus
33562,21,0,virus
37168,24,1,virus
30216,21,0,virus
30204,21,0,virus
19045,16,0,virus
28078,164,0,virus
12241,16,1,virus
38921,20,1,virus
4163,6,0,virus
1578,2,1,virus
45600,64,1,virus
17812,103,0,virus
35839,24,1,virus
38384,2,1,virus
37419,189,1,virus
8763,16,0,virus
26031,2,1,virus
20262,126,0,virus
38325,189,1,virus
17341,2,1,virus
45736,191,1,virus
29460,43,0,virus
37603,24,1,virus
17522,14,0,virus
34021,18,0,virus
14015,16,0,virus
29835,18,0,virus
14937,5,0,virus
29655,21,0,virus
11549,20,0,virus
35102,16,1,virus
33692,21,0,virus
31879,18,0,virus
34999,16,1,virus
2015,9,0,virus
23897,136,1,virus
25339,16,0,virus
20639,168,0,virus
2104,16,0,virus
3174,24,1,virus
33712,164,0,virus
7387,47,1,virus
37136,24,1,virus
2671,6,1,virus
33104,21,0,virus
8775,189,1,virus
26973,137,1,virus
5851,43,0,virus
31386,21,0,virus
23135,54,0,virus
50275,155,1,virus
14962,112,0,virus
37813,13,1,virus
21683,2,0,virus
31200,18,0,virus
46968,43,0,virus
39480,188,1,virus
29673,43,0,virus
33720,167,0,virus
32552,21,0,virus
2247,15,1,virus
41133,6,1,virus
15334,106,0,virus
38217,135,1,virus
10284,56,1,virus
40143,189,1,virus
39354,20,0,virus
33394,18,0,virus
48645,43,1,virus
4485,168,0,virus
23032,224,1,virus
16991,103,0,virus
9209,189,1,virus
13231,9,1,virus
24051,20,1,virus
11014,74,0,virus
12722,2,1,virus
37970,24,1,virus
15712,0,0,virus
37615,18,0,virus
29631,43,1,virus
45651,64,1,virus
695,0,0,virus
6836,189,1,virus
23313,55,0,virus
38257,20,1,virus
15281,103,0,virus
28890,18,0,virus
49133,261,1,virus
20904,5,0,virus
39304,24,1,virus
6890,24,1,virus
39550,124,1,virus
47489,43,0,virus
15743,103,0,virus
39289,20,1,virus
37445,54,0,virus
38187,20,1,virus
39482,20,1,virus
16590,18,0,virus
40015,187,0,virus
32574,18,0,virus
15349,0,0,virus
32434,43,1,virus
17078,114,0,virus
44051,34,1,virus
7458,6,1,virus
49723,43,1,virus
13254,6,1,virus
19424,168,1,virus
47693,43,0,virus
318,25,0,virus
45743,191,1,virus
25038,23,1,virus
10965,24,0,virus
31753,2,0,virus
38347,24,1,virus
5506,222,0,virus
22549,5,0,virus
39492,23,1,virus
23903,100,1,virus
50234,155,1,virus
20346,126,0,virus
51331,262,1,virus
51994,262,1,virus
23028,23,1,virus
46072,255,1,virus
15603,168,0,virus
28420,4,0,virus
22333,16,0,virus
28994,166,0,virus
48734,43,1,virus
896,42,1,virus
422,9,1,virus
50669,43,0,virus
8853,2,0,virus
436,0,0,virus
5143,189,1,virus
19892,160,0,virus
9113,2,0,virus
21371,14,0,virus
14330,111,0,virus
45100,242,1,virus
1922,2,0,virus
35542,43,1,virus
40564,189,1,virus
3677,2,1,virus
35221,222,0,virus
54366,108,0,virus
39678,20,1,virus
10467,278,0,virus
47862,43,0,virus
24869,10,1,virus
49035,261,1,virus
19227,103,0,virus
38229,135,1,virus
32504,21,0,virus
29439,43,0,virus
37176,6,1,virus
15552,14,0,virus
51140,43,1,virus
26275,24,1,virus
23903,130,1,virus
13560,220,1,virus
31327,21,0,virus
21282,22,1,virus
49128,261,1,virus
33520,18,0,virus
27053,16,0,virus
14613,108,0,virus
44136,239,1,virus
30218,18,0,virus
7499,24,1,virus
1365,137,1,virus
17564,0,0,virus
35781,24,1,virus
31597,164,0,virus
13004,16,0,virus
18431,18,0,virus
15207,0,0,virus
52069,262,1,virus
46077,255,1,virus
13590,16,0,virus
32705,18,0,virus
26679,24,1,virus
43249,6,1,virus
44902,136,1,virus
12179,6,1,virus
1861,0,0,virus
8926,56,0,virus
35541,43,1,virus
1968,273,0,virus
45431,145,0,virus
10562,24,0,virus
33245,262,0,virus
16922,106,0,virus
47497,43,0,virus
9347,189,1,virus
30267,21,0,virus
16441,14,0,virus
23016,54,1,virus
18413,0,0,virus
37017,24,1,virus
20346,10,0,virus
20162,222,1,virus
53893,262,0,virus
20821,55,1,virus
9346,189,1,virus
8271,77,0,virus
6906,2,0,virus
44379,6,1,virus
3633,24,1,virus
25458,2,0,virus
12077,16,0,virus
34152,43,1,virus
573,0,0,virus
25647,156,1,virus
40380,189,0,virus
49713,43,1,virus
16504,168,0,virus
8479,28,1,virus
48468,237,0,virus
24864,3,1,virus
21986,16,0,virus
20950,168,1,virus
36074,24,1,virus
29195,43,0,virus
4265,25,1,virus
47198,43,0,virus
26181,43,1,virus
20550,55,1,virus
13787,168,1,virus
32853,18,0,virus
42829,14,0,virus
14537,18,0,virus
17116,103,0,virus
19746,103,0,virus
2141,16,0,virus
11374,222,1,virus
36610,24,1,virus
22926,54,1,virus
33537,18,0,virus
22920,54,1,virus
33774,167,0,virus
47936,43,1,virus
11792,222,0,virus
45739,64,1,virus
32568,21,0,virus
20386,118,1,virus
45292,251,1,virus
36397,189,1,virus
36655,24,1,virus
38658,22,1,virus
44948,136,1,virus
594,54,1,virus
15264,103,0,virus
27974,91,0,virus
812,8,1,virus
28821,21,0,virus
41345,135,1,virus
20324,126,0,virus
18883,168,0,virus
36660,24,1,virus
32263,18,0,virus
34828,16,1,virus
5805,2,0,virus
33736,164,0,virus
3884,24,0,virus
33098,18,0,virus
8080,2,1,virus
42853,189,1,virus
17948,18,0,virus
25116,8,1,virus
37976,24,1,virus
41036,6,1,virus
47104,43,0,virus
19555,238,0,virus
28724,58,1,virus
21434,2,0,virus
2139,59,0,virus
49629,6,1,virus
45768,64,1,virus
24111,59,0,virus
21737,5,0,virus
9534,24,1,virus
30258,18,0,virus
15742,103,0,virus
535,0,0,virus
4981,2,1,virus
48626,59,1,virus
38956,20,1,virus
21266,135,1,virus
41093,54,1,virus
21901,10,0,virus
7821,197,0,virus
36775,24,1,virus
30216,18,0,virus
24212,222,0,virus
5542,17,1,virus
34022,18,0,virus
25107,153,0,virus
39629,183,1,virus
19488,14,0,virus
29012,43,0,virus
34914,16,1,virus
10922,9,0,virus
40888,135,1,virus
2495,49,1,virus
39733,23,1,virus
33643,18,0,virus
13725,16,1,virus
26648,18,0,virus
40022,187,0,virus
33495,18,0,virus
928,8,1,virus
12081,16,0,virus
36435,1,0,virus
42793,189,1,virus
9556,2,0,virus
15941,16,0,virus
42786,54,1,virus
30858,21,0,virus
30992,43,1,virus
39770,23,1,virus
15753,222,1,virus
32051,43,0,virus
6219,2,1,virus
21610,2,0,virus
18729,18,0,virus
25356,222,0,virus
29988,21,0,virus
32384,21,0,virus
33793,165,0,virus
51689,262,1,virus
33287,18,0,virus
12634,168,0,virus
181,189,1,virus
36349,24,1,virus
357,91,0,virus
4005,42,0,virus
38733,20,1,virus
814,9,1,virus
13919,222,0,virus
31950,43,1,virus
25021,23,1,virus
12020,2,1,virus
34471,21,0,virus
7930,28,0,virus
17554,18,0,virus
33366,21,0,virus
30542,18,0,virus
35083,16,1,virus
46867,43,0,virus
36492,24,1,virus
25753,126,0,virus
45733,191,1,virus
25214,2,0,virus
13190,16,1,virus
33250,43,1,virus
32573,21,0,virus
38283,6,1,virus
29672,43,0,virus
7574,189,1,virus
36329,24,1,virus
34173,21,0,virus
33313,18,0,virus
34016,164,0,virus
48724,43,1,virus
30118,18,0,virus
12864,16,0,virus
4259,25,1,virus
1116,2,1,virus
19006,168,0,virus
20719,2,0,virus
597,23,1,virus
1784,6,1,virus
54027,262,0,virus
12756,16,0,virus
17428,222,0,virus
32520,18,0,virus
31147,43,1,virus
6009,18,0,virus
40035,135,1,virus
34303,43,1,virus
7473,24,0,virus
46726,43,0,virus
44678,239,1,virus
5107,191,1,virus
605,34,1,virus
37365,24,1,virus
9855,16,0,virus
45848,64,1,virus
52346,43,1,virus
11440,9,1,virus
267,15,1,virus
2835,24,1,virus
12348,10,1,virus
14229,18,0,virus
21836,2,1,virus
12859,222,1,virus
36158,24,1,virus
6072,47,1,virus
3935,24,1,virus
51713,262,1,virus
16005,111,0,virus
12272,16,0,virus
18060,222,0,virus
48502,237,1,virus
14525,105,0,virus
40754,189,1,virus
54399,16,0,virus
43242,6,1,virus
1805,168,1,virus
22891,42,1,virus
16865,102,0,virus
31081,24,1,virus
7225,22,0,virus
49231,191,1,virus
47072,43,0,virus
31029,59,1,virus
16211,102,0,virus
15009,168,0,virus
6264,47,1,virus
33760,164,0,virus
37188,183,1,virus
13342,168,0,virus
16380,14,0,virus
52758,262,1,virus
34698,18,0,virus
7626,24,1,virus
35130,16,1,virus
44402,6,1,virus
21237,222,0,virus
45982,255,1,virus
21014,5,0,virus
2334,15,1,virus
1901,19,0,virus
16326,2,1,virus
22946,23,1,virus
19301,0,0,virus
21616,5,0,virus
14845,2,1,virus
5862,16,0,virus
5160,189,1,virus
29926,18,0,virus
4811,49,1,virus
11660,9,0,virus
6544,16,1,virus
6795,189,1,virus
48220,59,0,virus
15218,2,0,virus
54597,126,0,virus
40665,194,0,virus
28843,249,0,virus
9956,16,0,virus
14527,20,0,virus
32562,21,0,virus
17399,2,0,virus
9490,189,1,virus
12945,16,0,virus
27099,2,0,virus
11759,20,1,virus
809,9,1,virus
52363,43,1,virus
31916,18,0,virus
22246,2,0,virus
15439,102,0,virus
18919,18,0,virus
9972,16,0,virus
30919,21,0,virus
14375,18,0,virus
54349,43,1,virus
7469,24,0,virus
2964,215,1,virus
48917,261,1,virus
52374,232,1,virus
16403,102,0,virus
6664,278,0,virus
2311,9,1,virus
25045,100,1,virus
37961,24,1,virus
29227,43,0,virus
441,9,1,virus
22985,224,1,virus
38782,20,1,virus
6628,42,0,virus
24510,22,1,virus
38108,20,1,virus
596,22,1,virus
48646,250,1,virus
3818,24,1,virus
32236,18,0,virus
11162,16,0,virus
24992,2,0,virus
45654,64,1,virus
34886,16,1,virus
11262,220,1,virus
13391,91,0,virus
46714,43,0,virus
23594,54,1,virus
6910,189,1,virus
19955,126,1,virus
45646,191,1,virus
41115,54,1,virus
13795,16,0,virus
47586,43,0,virus
38682,23,1,virus
37191,24,1,virus
23841,54,1,virus
31839,16,1,virus
42062,107,0,virus
11598,20,0,virus
13124,168,1,virus
28697,21,0,virus
19584,64,0,virus
34320,21,0,virus
19919,124,1,virus
30219,21,0,virus
34000,18,0,virus
1587,222,1,virus
43308,6,1,virus
4635,18,1,virus
756,56,1,virus
12906,222,1,virus
44557,239,1,virus
618,15,1,virus
29135,21,0,virus
37744,24,0,virus
33895,17,0,virus
34031,21,0,virus
22777,16,0,virus
52382,43,1,virus
22186,2,0,virus
30296,18,0,virus
23863,54,1,virus
33484,21,0,virus
30077,18,0,virus
25799,9,1,virus
23610,54,1,virus
10589,9,0,virus
8838,16,0,virus
44328,6,1,virus
40551,193,0,virus
33797,21,1,virus
13733,16,0,virus
43360,239,1,virus
38674,22,1,virus
9054,2,0,virus
12901,222,1,virus
19423,16,1,virus
17815,14,0,virus
4210,56,0,virus
40123,188,1,virus
34351,43,1,virus
23521,23,1,virus
21117,128,0,virus
43587,162,1,virus
16701,103,0,virus
29545,18,0,virus
28868,18,0,virus
32889,18,0,virus
39519,20,1,virus
30096,21,0,virus
39793,22,1,virus
20187,20,1,virus
49546,6,1,virus
772,9,1,virus
19168,0,0,virus
17013,106,0,virus
50925,43,1,virus
21768,56,0,virus
1390,9,0,virus
5883,2,1,virus
22994,224,1,virus
39013,2,0,virus
20657,126,0,virus
35767,173,0,virus
52024,262,1,virus
44215,241,1,virus
10922,56,0,virus
51352,262,1,virus
48167,43,0,virus
50211,155,1,virus
49958,155,1,virus
1155,56,0,virus
750,9,1,virus
33691,21,1,virus
38516,24,0,virus
7892,47,1,virus
903,34,1,virus
23075,54,1,virus
13937,95,0,virus
54266,43,1,virus
13015,168,0,virus
24867,10,1,virus
1997,24,0,virus
33459,18,0,virus
31679,2,1,virus
12253,56,1,virus
17278,2,0,virus
11415,9,1,virus
36178,23,0,virus
53908,262,0,virus
38046,20,1,virus
898,34,1,virus
17662,111,0,virus
4251,2,1,virus
42819,6,0,virus
25062,23,1,virus
30092,18,0,virus
13446,222,1,virus
34189,18,0,virus
27655,21,0,virus
39944,43,1,virus
25217,2,1,virus
7,2,1,virus
1045,34,1,virus
52592,262,1,virus
29538,167,0,virus
2930,24,1,virus
34048,21,0,virus
9918,24,0,virus
19651,103,0,virus
21796,16,0,virus
186,24,1,virus
45024,189,1,virus
45042,242,1,virus
37079,24,1,virus
50288,155,1,virus
1910,222,0,virus
38642,20,1,virus
4571,59,0,virus
22488,2,0,virus
12996,2,1,virus
46304,258,1,virus
1526,16,1,virus
36115,6,1,virus
32848,18,0,virus
13854,16,0,virus
1152,9,0,virus
44999,136,1,virus
25918,16,0,virus
33570,18,0,virus
14440,126,0,virus
40011,187,0,virus
30560,164,0,virus
26725,16,1,virus
23717,136,1,virus
37019,24,1,virus
440,9,1,virus
33096,18,0,virus
8542,56,1,virus
30246,21,0,virus
11576,88,1,virus
26483,157,0,virus
4229,49,0,virus
3449,24,1,virus
16217,16,0,virus
11844,16,1,virus
26674,16,0,virus
30575,21,0,virus
19568,16,1,virus
54443,168,0,virus
36581,24,1,virus
45088,136,1,virus
40265,189,1,virus
45884,191,1,virus
13256,16,1,virus
48558,237,1,virus
22175,16,0,virus
31706,2,1,virus
12423,168,0,virus
36103,24,1,virus
1833,9,1,virus
45614,64,1,virus
19874,222,0,virus
4719,56,0,virus
22235,14,0,virus
5198,67,1,virus
17486,18,0,virus
46620,43,0,virus
33033,18,0,virus
31168,59,1,virus
417,2,0,virus
29816,18,0,virus
28958,43,1,virus
49143,261,1,virus
45614,191,1,virus
15744,16,0,virus
15803,0,0,virus
14840,18,0,virus
6787,24,1,virus
588,137,1,virus
33877,21,0,virus
16242,0,0,virus
13697,168,0,virus
37867,24,1,virus
5791,54,0,virus
5939,16,0,virus
2496,4,0,virus
53998,262,0,virus
31613,21,0,virus
20144,222,0,virus
10518,56,0,virus
37568,24,1,virus
38435,24,1,virus
11792,2,0,virus
16518,16,0,virus
37410,189,1,virus
35654,2,0,virus
31611,21,0,virus
3200,24,1,virus
53993,262,0,virus
43610,162,1,virus
5238,56,1,virus
12268,16,0,virus
45771,64,1,virus
9852,56,1,virus
22776,19,0,virus
46586,43,0,virus
2177,9,1,virus
52161,262,1,virus
609,34,1,virus
3424,47,0,virus
32883,21,0,virus
14922,103,0,virus
2474,49,1,virus
7362,190,1,virus
39794,23,1,virus
53848,262,0,virus
17805,103,0,virus
22378,16,0,virus
31621,21,0,virus
859,9,1,virus
26724,168,1,virus
6883,24,1,virus
52237,262,1,virus
25627,2,0,virus
30882,18,0,virus
48618,43,1,virus
47286,43,0,virus
26400,250,1,virus
30614,18,0,virus
19043,0,0,virus
44405,6,1,virus
28412,43,1,virus
33606,21,0,virus
54291,43,1,virus
33744,18,0,virus
25037,22,1,virus
10092,2,1,virus
30812,262,0,virus
41095,54,1,virus
43638,162,1,virus
35936,24,1,virus
34250,18,0,virus
38654,20,1,virus
30705,43,1,virus
1622,15,1,virus
24941,2,1,virus
26566,4,1,virus
9283,189,1,virus
28726,21,0,virus
40305,6,1,virus
48197,43,0,virus
46936,43,0,virus
21706,222,0,virus
1557,9,1,virus
33872,21,0,virus
36329,189,1,virus
7374,24,1,virus
1745,5,0,virus
53749,262,0,virus
35572,43,1,virus
1741,5,0,virus
15877,18,0,virus
1783,2,1,virus
35575,43,1,virus
53663,43,0,virus
37270,23,1,virus
30824,18,0,virus
30781,21,0,virus
35907,24,1,virus
43380,239,1,virus
19084,18,0,virus
45819,191,1,virus
33782,18,0,virus
39969,43,1,virus
37409,189,1,virus
34900,16,1,virus
29226,43,0,virus
30546,18,0,virus
14196,168,0,virus
14115,16,0,virus
30755,18,0,virus
5020,25,1,virus
6171,2,0,virus
2583,47,0,virus
24185,222,1,virus
39119,20,1,virus
1042,34,1,virus
32320,166,0,virus
15359,222,0,virus
36084,24,1,virus
32851,18,0,virus
245,137,1,virus
47892,159,0,virus
39894,24,1,virus
26277,24,1,virus
14227,18,0,virus
31566,21,0,virus
7071,24,1,virus
5516,222,0,virus
37108,13,0,virus
14040,16,0,virus
53760,262,0,virus
18935,18,0,virus
10511,2,0,virus
5001,25,1,virus
19650,0,0,virus
15363,18,0,virus
11337,222,1,virus
32013,21,0,virus
1716,24,0,virus
43632,162,1,virus
46857,43,0,virus
25119,34,1,virus
40900,135,1,virus
44178,34,1,virus
47607,43,0,virus
21016,5,0,virus
24516,22,1,virus
1616,15,1,virus
20619,168,0,virus
47315,43,0,virus
29818,21,0,virus
23870,54,1,virus
38724,20,1,virus
29206,43,0,virus
51814,262,1,virus
12332,16,0,virus
44870,136,1,virus
8416,6,1,virus
43658,162,1,virus
14921,14,0,virus
41636,6,0,virus
37746,189,1,virus
1269,2,0,virus
43039,233,0,virus
23834,54,1,virus
43560,162,1,virus
15933,145,0,virus
7328,189,1,virus
16507,168,0,virus
36450,189,1,virus
13961,16,0,virus
11457,168,0,virus
43624,162,1,virus
6927,24,0,virus
37191,20,1,virus
33649,21,0,virus
22925,54,1,virus
6941,189,1,virus
865,0,0,virus
23519,224,1,virus
2548,2,0,virus
1339,15,1,virus
16942,2,1,virus
28780,59,0,virus
20440,16,1,virus
47707,43,0,virus
3689,48,1,virus
46049,255,1,virus
30260,18,0,virus
25066,54,1,virus
33711,18,0,virus
52129,262,1,virus
16872,18,0,virus
45217,59,0,virus
37861,135,1,virus
6513,13,1,virus
37937,183,1,virus
606,34,1,virus
37173,135,0,virus
37033,189,1,virus
36447,43,0,virus
36852,189,1,virus
20309,10,0,virus
29944,18,0,virus
37179,24,1,virus
6576,196,0,virus
31592,18,0,virus
16173,16,0,virus
31553,21,0,virus
25338,222,1,virus
15329,2,0,virus
46288,258,1,virus
30583,21,0,virus
45594,64,1,virus
18222,2,1,virus
31593,18,0,virus
5042,2,0,virus
14151,10,0,virus
38577,24,1,virus
31274,18,0,virus
4096,6,0,virus
42471,59,1,virus
1743,5,0,virus
41306,100,1,virus
26922,43,0,virus
30405,21,0,virus
32996,21,0,virus
9582,2,0,virus
21398,14,0,virus
25213,41,0,virus
41054,54,1,virus
40454,6,1,virus
52105,262,1,virus
37177,24,1,virus
34029,21,0,virus
23519,23,1,virus
7493,24,0,virus
8551,56,1,virus
21153,222,0,virus
15235,103,0,virus
709,33,0,virus
37845,189,1,virus
26131,43,0,virus
43521,162,1,virus
37844,135,1,virus
43344,6,1,virus
30182,21,0,virus
793,9,1,virus
9254,2,1,virus
6860,24,0,virus
26174,22,1,virus
6526,2,1,virus
15931,145,0,virus
8279,44,0,virus
20446,9,0,virus
7570,24,1,virus
34591,18,0,virus
2327,9,0,virus
36105,135,1,virus
16845,0,0,virus
24722,20,0,virus
50296,155,1,virus
5860,16,0,virus
36505,24,1,virus
2511,4,0,virus
8842,2,0,virus
21572,2,1,virus
29553,18,0,virus
37440,13,1,virus
15630,18,0,virus
16234,18,0,virus
19945,16,1,virus
2995,246,1,virus
49651,25,1,virus
47000,43,0,virus
20587,16,0,virus
8290,77,0,virus
23644,136,1,virus
5256,49,1,virus
40452,6,1,virus
10536,2,0,virus
52278,262,1,virus
46373,43,1,virus
33377,262,0,virus
12877,168,0,virus
28383,16,0,virus
18035,168,0,virus
36850,24,1,virus
12271,168,0,virus
31476,21,0,virus
13295,168,0,virus
4123,2,0,virus
36123,23,1,virus
24686,20,0,virus
897,34,1,virus
28714,16,1,virus
51530,262,1,virus
15021,102,0,virus
11365,222,0,virus
26224,31,1,virus
16231,216,0,virus
19595,4,0,virus
12777,6,0,virus
12907,222,1,virus
34818,85,0,virus
438,56,1,virus
43108,34,0,virus
23650,54,1,virus
21685,2,0,virus
15960,2,0,virus
52398,159,1,virus
6543,56,1,virus
38052,183,1,virus
40325,189,1,virus
2454,17,0,virus
25063,54,1,virus
18394,102,0,virus
1298,15,1,virus
52339,43,1,virus
6568,189,1,virus
6087,9,0,virus
36230,13,0,virus
52894,262,1,virus
17215,2,1,virus
35988,24,1,virus
28999,43,0,virus
26031,6,0,virus
428,0,0,virus
18553,103,0,virus
45028,189,1,virus
25497,222,1,virus
27581,2,1,virus
12274,168,0,virus
15401,16,0,virus
40054,135,1,virus
39790,23,1,virus
8155,24,0,virus
23749,54,1,virus
48660,31,1,virus
1643,183,1,virus
12692,16,1,virus
34352,43,1,virus
24837,144,0,virus
20754,20,1,virus
20992,222,1,virus
31924,43,0,virus
14944,16,0,virus
2490,3,0,virus
16482,16,0,virus
86,13,1,virus
53916,262,0,virus
3311,16,0,virus
16381,107,0,virus
437,9,1,virus
38743,20,1,virus
32010,21,0,virus
35976,189,1,virus
32525,43,0,virus
21157,222,1,virus
27931,2,1,virus
51612,262,1,virus
48843,160,0,virus
6100,57,0,virus
26445,43,0,virus
45688,64,1,virus
54812,6,1,virus
26302,24,1,virus
27929,2,1,virus
27940,2,0,virus
30508,18,0,virus
9017,189,1,virus
9786,56,0,virus
1394,109,0,virus
13512,168,0,virus
12224,168,1,virus
16767,103,0,virus
3812,24,1,virus
30404,18,0,virus
12021,2,1,virus
31095,18,0,virus
21824,20,1,virus
21799,20,1,virus
13584,168,0,virus
26069,43,0,virus
26905,8,1,virus
8054,191,1,virus
12311,24,1,virus
33499,21,0,virus
49972,155,1,virus
5231,42,0,virus
9016,24,1,virus
39422,20,1,virus
23346,55,0,virus
36746,24,1,virus
3192,20,1,virus
11310,34,1,virus
20584,222,0,virus
33652,18,0,virus
38004,24,1,virus
31868,21,0,virus
22953,224,1,virus
35337,43,1,virus
4362,24,1,virus
4828,34,1,virus
36611,6,1,virus
25452,222,1,virus
19975,126,0,virus
36753,24,1,virus
34120,18,0,virus
34705,18,0,virus
23031,54,1,virus
39741,22,1,virus
11458,24,1,virus
51894,262,1,virus
5864,16,0,virus
4624,24,1,virus
11899,16,0,virus
39268,24,1,virus
21463,222,1,virus
52280,262,1,virus
6057,9,0,virus
31040,6,1,virus
2447,24,1,virus
31752,2,0,virus
30224,21,0,virus
31769,2,1,virus
43,6,1,virus
5542,40,1,virus
30862,18,0,virus
1404,2,0,virus
33370,43,1,virus
33175,18,0,virus
605,34,1,virus
31055,24,0,virus
9842,24,1,virus
25714,222,1,virus
34204,2,0,virus
1913,2,0,virus
32912,21,0,virus
43121,34,1,virus
35403,43,1,virus
32848,166,0,virus
38995,2,0,virus
40763,189,1,virus
17737,0,0,virus
27208,17,0,virus
36804,24,1,virus
9021,22,1,virus
3177,43,1,virus
9443,189,1,virus
21547,222,0,virus
24595,20,1,virus
3744,191,1,virus
578,54,1,virus
2850,24,1,virus
23340,168,0,virus
33561,21,0,virus
11850,2,1,virus
30321,18,0,virus
16202,102,0,virus
2626,43,1,virus
43201,6,1,virus
23006,224,1,virus
32837,18,0,virus
18940,18,0,virus
22449,5,0,virus
903,34,1,virus
43377,239,1,virus
8669,2,1,virus
25488,2,1,virus
33311,165,0,virus
13590,168,0,virus
34662,21,0,virus
5145,24,1,virus
38584,24,1,virus
15301,16,0,virus
30435,21,0,virus
54677,108,0,virus
28717,23,1,virus
38102,135,1,virus
503,25,1,virus
32808,21,0,virus
4160,2,0,virus
10210,9,0,virus
33591,164,0,virus
2101,56,1,virus
15753,2,1,virus
33078,21,0,virus
21689,14,0,virus
21052,2,0,virus
37802,189,1,virus
7329,24,1,virus
38278,20,1,virus
47143,43,0,virus
31630,21,0,virus
6584,4,0,virus
20118,59,0,virus
5582,16,0,virus
51666,262,1,virus
3916,45,0,virus
40616,189,1,virus
12943,168,0,virus
42327,216,0,virus
14700,14,0,virus
7219,23,0,virus
2777,24,1,virus
12815,20,0,virus
30854,18,0,virus
29773,21,0,virus
45430,41,0,virus
21651,20,1,virus
48415,136,1,virus
33531,18,0,virus
31493,18,0,virus
6680,2,0,virus
46349,43,0,virus
32917,18,0,virus
30187,21,0,virus
17644,14,0,virus
26890,24,1,virus
27722,102,0,virus
20669,126,0,virus
48242,59,0,virus
4214,56,1,virus
11513,168,1,virus
17564,18,0,virus
32993,21,0,virus
11825,168,0,virus
34408,18,0,virus
33349,21,0,virus
23014,224,1,virus
10257,16,0,virus
34407,21,0,virus
13530,168,0,virus
4618,2,1,virus
32558,21,0,virus
52380,250,1,virus
16627,16,0,virus
34242,21,1,virus
1044,54,1,virus
15188,103,0,virus
49949,155,1,virus
17825,14,0,virus
23711,54,1,virus
17712,102,0,virus
32262,18,0,virus
22826,20,0,virus
45670,191,1,virus
25846,16,0,virus
11651,168,1,virus
4298,48,1,virus
25812,16,1,virus
30495,18,0,virus
19037,18,0,virus
12496,10,0,virus
1752,5,0,virus
37651,59,0,virus
23596,136,1,virus
28764,18,0,virus
17822,16,0,virus
31481,43,0,virus
15023,2,0,virus
16331,103,0,virus
37321,13,1,virus
20081,168,0,virus
31460,21,0,virus
2785,24,1,virus
23051,22,1,virus
29535,18,0,virus
31589,18,0,virus
2817,24,1,virus
22843,42,1,virus
22657,2,0,virus
27007,43,1,virus
884,25,1,virus
23868,54,1,virus
8712,24,0,virus
42448,13,0,virus
35520,43,1,virus
8478,73,1,virus
5521,222,0,virus
23839,54,1,virus
49976,155,1,virus
45095,242,1,virus
31909,21,0,virus
26876,102,0,virus
40784,135,1,virus
39231,20,1,virus
7077,2,0,virus
15492,103,0,virus
36769,24,1,virus
23107,55,0,virus
24883,10,1,virus
5911,43,0,virus
32233,43,0,virus
31574,21,0,virus
22109,20,0,virus
54558,6,0,virus
50640,43,0,virus
6537,16,0,virus
48521,237,1,virus
50553,43,1,virus
874,9,0,virus
33287,21,0,virus
52374,43,1,virus
19372,18,0,virus
16689,103,0,virus
13891,16,0,virus
45720,191,1,virus
8422,6,0,virus
35206,172,1,virus
48511,237,1,virus
48551,237,1,virus
43670,162,1,virus
29762,18,0,virus
24246,222,0,virus
32463,18,0,virus
22952,54,1,virus
15197,0,0,virus
17276,222,1,virus
777,9,1,virus
40120,188,1,virus
3908,16,0,virus
20625,2,0,virus
20182,20,0,virus
1872,26,0,virus
31650,21,0,virus
11630,20,0,virus
51595,262,1,virus
35585,174,0,virus
13905,9,0,virus
19872,222,0,virus
8313,6,1,virus
36461,24,1,virus
29182,21,0,virus
28764,21,0,virus
31261,21,0,virus
36762,189,1,virus
11791,2,0,virus
3252,24,1,virus
54117,262,0,virus
20594,2,0,virus
32015,43,0,virus
33464,18,0,virus
48509,237,1,virus
3206,24,1,virus
35314,43,1,virus
30035,30,0,virus
11485,90,1,virus
16118,17,0,virus
45824,64,1,virus
24261,138,0,virus
10336,56,1,virus
23772,54,1,virus
54507,16,0,virus
22990,23,1,virus
17855,59,0,virus
40190,189,1,virus
16456,14,0,virus
20996,222,1,virus
41029,6,1,virus
11354,4,0,virus
572,0,0,virus
26016,6,0,virus
40234,189,1,virus
13952,168,0,virus
44716,239,1,virus
22920,22,1,virus
33166,21,0,virus
30309,21,0,virus
34271,21,0,virus
14287,185,0,virus
40013,187,0,virus
36005,23,0,virus
10082,16,0,virus
29436,43,0,virus
39943,262,1,virus
21775,5,0,virus
21794,222,0,virus
11325,34,1,virus
22901,224,1,virus
15881,103,0,virus
54899,6,1,virus
32859,21,0,virus
2804,24,1,virus
35507,43,1,virus
43374,239,1,virus
13333,2,1,virus
21078,222,0,virus
23332,16,0,virus
28702,2,0,virus
950,34,1,virus
27230,43,1,virus
20143,14,0,virus
2027,9,0,virus
7325,189,1,virus
15437,0,0,virus
26256,24,1,virus
23763,136,1,virus
45115,242,1,virus
35956,24,1,virus
699,56,1,virus
24989,222,1,virus
33043,18,0,virus
33422,43,0,virus
31564,18,0,virus
30536,43,1,virus
35870,24,0,virus
46097,255,1,virus
28110,2,0,virus
36474,24,1,virus
27726,41,0,virus
8376,4,1,virus
17187,18,0,virus
49260,43,1,virus
30836,164,0,virus
48241,59,0,virus
25479,2,0,virus
11687,34,1,virus
52710,262,1,virus
31585,18,0,virus
27096,24,0,virus
8302,2,0,virus
14800,114,0,virus
4130,2,1,virus
38647,20,1,virus
33971,18,0,virus
35237,43,1,virus
33035,18,0,virus
38475,24,1,virus
37317,13,1,virus
13730,16,1,virus
21172,14,0,virus
29191,43,0,virus
30877,18,0,virus
19985,126,0,virus
28900,43,1,virus
49708,43,1,virus
7201,189,1,virus
33127,18,0,virus
410,2,0,virus
36134,24,1,virus
51737,262,1,virus
22896,42,1,virus
2056,5,0,virus
8768,22,0,virus
696,8,1,virus
15355,2,0,virus
9926,16,0,virus
25324,9,1,virus
23160,54,0,virus
17856,20,0,virus
38644,135,1,virus
7680,56,0,virus
8319,6,1,virus
23006,23,1,virus
14149,2,0,virus
33125,18,0,virus
38164,24,1,virus
146,15,1,virus
20644,5,0,virus
23820,34,1,virus
24709,9,0,virus
23349,55,0,virus
33816,18,0,virus
45766,191,1,virus
38774,20,1,virus
49059,261,1,virus
54987,220,0,virus
11264,220,1,virus
37101,13,1,virus
1045,8,1,virus
6580,195,1,virus
39470,54,1,virus
15102,103,0,virus
4740,6,1,virus
20062,14,0,virus
52904,262,1,virus
29538,164,0,virus
27936,2,1,virus
43465,162,1,virus
23042,22,1,virus
29359,43,0,virus
13920,222,0,virus
12346,222,0,virus
39735,13,1,virus
32818,18,0,virus
25045,23,1,virus
8901,2,0,virus
51607,262,1,virus
30735,43,0,virus
40058,135,1,virus
44881,136,1,virus
46911,43,0,virus
55166,8,1,virus
12826,222,1,virus
38612,24,1,virus
2470,47,0,virus
1066,8,1,virus
43699,162,1,virus
49123,261,1,virus
39375,188,1,virus
42466,0,0,virus
4008,24,1,virus
7705,24,1,virus
8048,191,1,virus
9224,6,1,virus
13170,74,0,virus
38240,135,1,virus
45845,191,1,virus
6331,10,0,virus
1159,9,0,virus
50031,155,1,virus
55016,168,0,virus
13597,168,1,virus
2,0,0,virus
3365,2,0,virus
9121,6,1,virus
25024,54,1,virus
48741,43,1,virus
18960,102,0,virus
12959,16,0,virus
22692,222,0,virus
22690,222,0,virus
36415,189,1,virus
25791,9,1,virus
38217,24,1,virus
14301,108,0,virus
13708,16,0,virus
44374,6,1,virus
117,5,0,virus
42960,229,0,virus
48700,31,1,virus
32864,18,0,virus
28794,113,0,virus
33567,164,0,virus
22952,22,1,virus
53904,262,0,virus
55057,222,1,virus
12450,16,1,virus
8197,16,0,virus
11983,10,0,virus
15949,69,0,virus
47160,43,0,virus
9410,2,0,virus
28240,21,0,virus
15546,16,0,virus
44121,239,1,virus
3772,191,1,virus
31587,21,0,virus
14605,168,1,virus
45400,59,0,virus
12071,168,0,virus
45865,64,1,virus
31358,21,0,virus
22987,54,1,virus
33612,166,0,virus
5424,62,1,virus
16512,16,0,virus
11208,16,1,virus
5881,16,0,virus
11078,2,0,virus
33288,167,0,virus
12209,16,1,virus
8741,2,0,virus
34857,85,0,virus
706,8,1,virus
12501,56,1,virus
858,9,1,virus
5574,189,1,virus
13110,20,1,virus
8008,191,1,virus
17525,102,0,virus
225,137,1,virus
12864,222,0,virus
6658,24,1,virus
6033,6,1,virus
12718,2,1,virus
38269,24,1,virus
45071,136,1,virus
13768,16,0,virus
48573,52,1,virus
34563,21,0,virus
45180,59,0,virus
4616,24,1,virus
22954,23,1,virus
35727,22,0,virus
45495,239,1,virus
14524,14,0,virus
39044,2,1,virus
52349,159,1,virus
47976,59,1,virus
20416,168,0,virus
30503,43,1,virus
20978,130,1,virus
52342,250,1,virus
16676,18,0,virus
9102,75,0,virus
26967,34,1,virus
33144,18,0,virus
16937,114,0,virus
47761,262,0,virus
53794,262,0,virus
20988,5,0,virus
30839,43,0,virus
21975,14,0,virus
42795,188,1,virus
1367,23,1,virus
33198,164,0,virus
46716,43,0,virus
47362,43,0,virus
33433,21,0,virus
31471,18,0,virus
9933,2,0,virus
52056,262,1,virus
19809,106,0,virus
15731,14,0,virus
42221,216,0,virus
42913,224,1,virus
48930,261,1,virus
33813,18,0,virus
23013,22,1,virus
26255,24,1,virus
400,19,0,virus
51696,262,1,virus
26754,2,0,virus
46967,43,0,virus
20480,168,0,virus
9037,9,1,virus
2036,59,0,virus
19112,18,0,virus
1612,15,1,virus
36018,24,1,virus
17628,14,0,virus
3006,51,0,virus
21578,2,1,virus
22939,23,1,virus
19351,18,0,virus
17227,2,1,virus
32849,21,0,virus
995,8,1,virus
19506,14,0,virus
19097,126,0,virus
13043,6,1,virus
45032,189,1,virus
21939,16,1,virus
7282,2,0,virus
784,22,1,virus
49186,261,1,virus
43504,162,1,virus
14245,0,0,virus
32905,21,0,virus
586,22,1,virus
13664,20,0,virus
13988,16,0,virus
52139,262,1,virus
12716,2,1,virus
33968,21,0,virus
28967,24,1,virus
4670,54,1,virus
21101,16,0,virus
40205,6,1,virus
23121,54,0,virus
16650,168,1,virus
7249,22,0,virus
7108,189,1,virus
40458,6,1,virus
21892,168,0,virus
52972,262,0,virus
12430,16,0,virus
4116,2,1,virus
31678,2,1,virus
36145,135,1,virus
15402,16,0,virus
32667,164,0,virus
39791,22,1,virus
25059,23,1,virus
25687,102,0,virus
12105,9,1,virus
165,9,1,virus
44096,34,1,virus
33537,21,0,virus
19381,16,0,virus
24422,16,0,virus
45758,191,1,virus
29172,21,0,virus
8944,6,1,virus
26742,43,1,virus
43056,6,0,virus
4226,6,1,virus
7043,9,0,virus
23591,136,1,virus
52395,159,1,virus
13241,16,1,virus
23880,136,1,virus
15327,106,0,virus
48133,43,0,virus
27251,253,0,virus
19560,168,0,virus
38662,180,1,virus
31650,18,0,virus
27338,163,0,virus
211,56,1,virus
7388,47,1,virus
32498,18,0,virus
49211,261,1,virus
42112,216,0,virus
32273,43,1,virus
22996,22,1,virus
45120,242,1,virus
33139,18,0,virus
41033,184,0,virus
22201,37,0,virus
22251,59,0,virus
21209,2,1,virus
31284,18,0,virus
33293,18,0,virus
14223,105,0,virus
45870,64,1,virus
496,25,1,virus
28772,2,0,virus
16421,103,0,virus
36260,24,1,virus
12716,220,1,virus
46955,43,0,virus
23956,6,1,virus
18942,18,0,virus
16923,14,0,virus
7807,2,0,virus
25397,2,0,virus
46486,43,0,virus
5757,54,1,virus
13969,59,0,virus
3883,25,1,virus
7325,24,1,virus
32841,21,0,virus
12511,16,1,virus
5523,6,0,virus
49630,6,1,virus
395,28,0,virus
20260,14,0,virus
13964,16,0,virus
37946,6,1,virus
25528,2,1,virus
46757,43,0,virus
23549,54,1,virus
1663,135,1,virus
32307,18,0,virus
33920,18,0,virus
27592,2,1,virus
15397,2,1,virus
41067,54,1,virus
12057,222,0,virus
33352,18,0,virus
34058,21,0,virus
26823,43,0,virus
6665,4,0,virus
45696,64,1,virus
44763,136,1,virus
14150,4,0,virus
45675,191,1,virus
12200,168,1,virus
25997,6,0,virus
50996,43,0,virus
47126,43,0,virus
26050,18,0,virus
39787,23,1,virus
53905,262,0,virus
33110,21,0,virus
37006,24,1,virus
31640,21,0,virus
1203,13,1,virus
13121,220,1,virus
49920,64,1,virus
21049,5,0,virus
13205,16,1,virus
11258,220,1,virus
25438,2,1,virus
16520,168,0,virus
48845,160,0,virus
17819,103,0,virus
47404,43,0,virus
11635,16,1,virus
17316,2,0,virus
385,100,0,virus
6815,189,1,virus
52247,262,1,virus
52395,250,1,virus
36914,2,1,virus
16543,0,0,virus
25450,2,1,virus
27181,22,1,virus
34477,21,0,virus
38955,20,1,virus
33094,18,0,virus
33311,18,0,virus
169,56,1,virus
14197,0,0,virus
49665,6,1,virus
17572,107,0,virus
3346,17,0,virus
25281,4,0,virus
33665,18,0,virus
49536,6,1,virus
25702,222,0,virus
17025,106,0,virus
54445,16,0,virus
11650,16,1,virus
23842,136,1,virus
52026,262,1,virus
38881,2,1,virus
38683,23,1,virus
158,15,1,virus
1494,2,1,virus
5573,34,1,virus
11203,168,1,virus
7743,16,0,virus
3522,222,0,virus
45156,41,0,virus
2813,24,1,virus
49259,43,1,virus
42659,14,0,virus
4258,25,1,virus
33401,21,0,virus
11427,9,1,virus
28897,43,1,virus
21833,5,0,virus
43017,233,0,virus
9268,2,0,virus
37215,135,1,virus
25239,2,0,virus
15468,114,0,virus
1360,137,1,virus
11431,56,1,virus
27404,2,1,virus
19993,5,0,virus
24838,4,0,virus
8755,2,0,virus
32695,18,0,virus
34901,16,1,virus
7375,2,1,virus
48274,59,0,virus
5871,24,0,virus
33853,21,0,virus
45645,64,1,virus
13231,56,1,virus
43437,162,1,virus
9796,56,1,virus
9494,77,0,virus
37845,24,1,virus
20854,216,0,virus
19719,18,0,virus
34846,16,1,virus
11506,168,1,virus
303,168,1,virus
7906,13,0,virus
30014,18,0,virus
34646,18,0,virus
22744,168,0,virus
12427,16,0,virus
2164,40,1,virus
16977,64,0,virus
30859,21,1,virus
25747,222,0,virus
20932,16,1,virus
31663,18,0,virus
5492,34,1,virus
1523,56,1,virus
29534,21,0,virus
18577,2,0,virus
31586,18,0,virus
10898,9,1,virus
19864,222,0,virus
11511,56,1,virus
46320,43,0,virus
34871,16,1,virus
41351,206,0,virus
38813,24,1,virus
21984,14,0,virus
49683,6,1,virus
22143,5,0,virus
15020,18,0,virus
53967,262,0,virus
32834,18,0,virus
25602,10,0,virus
6219,6,1,virus
12735,4,0,virus
33289,165,0,virus
11760,2,0,virus
31338,21,0,virus
9104,56,0,virus
6937,24,1,virus
5089,2,1,virus
53337,43,0,virus
19794,111,0,virus
39221,22,1,virus
40770,189,1,virus
46159,255,1,virus
609,54,1,virus
39730,41,1,virus
30543,21,0,virus
13003,2,1,virus
33386,21,0,virus
54033,262,0,virus
54568,6,1,virus
9797,56,1,virus
918,8,1,virus
548,2,1,virus
21401,13,0,virus
16625,168,0,virus
3514,34,1,virus
32693,18,0,virus
38757,20,1,virus
33771,21,0,virus
37139,24,1,virus
4822,49,1,virus
13337,220,1,virus
32847,21,0,virus
28685,21,0,virus
46835,43,0,virus
43421,162,1,virus
53793,262,0,virus
7677,9,0,virus
4924,47,0,virus
526,9,0,virus
18209,273,0,virus
15007,16,0,virus
6816,24,1,virus
25026,23,1,virus
38912,20,1,virus
13108,16,0,virus
41006,6,1,virus
9946,16,0,virus
25029,22,1,virus
51919,262,1,virus
30259,18,0,virus
35235,43,1,virus
27650,222,0,virus
7382,6,0,virus
39816,168,0,virus
2030,9,0,virus
37001,183,1,virus
27886,262,1,virus
23475,54,1,virus
45921,64,1,virus
10802,6,0,virus
45538,43,1,virus
1503,2,1,virus
21763,56,0,virus
27741,2,1,virus
30233,18,0,virus
2502,24,1,virus
18163,18,0,virus
266,135,1,virus
36388,24,1,virus
9193,16,0,virus
21928,168,1,virus
40015,187,0,virus
26050,91,0,virus
31266,21,0,virus
1046,8,1,virus
17173,222,0,virus
22985,22,1,virus
52073,262,1,virus
14487,18,0,virus
14695,59,0,virus
16480,14,0,virus
571,0,0,virus
5740,54,1,virus
45644,191,1,virus
31283,18,0,virus
11470,24,1,virus
14501,108,0,virus
25040,22,1,virus
19212,18,0,virus
42795,188,1,virus
43340,6,1,virus
33310,166,0,virus
2671,135,1,virus
11391,222,1,virus
2808,24,1,virus
10950,2,0,virus
9488,189,1,virus
15167,103,0,virus
30475,18,0,virus
40669,194,0,virus
20846,5,0,virus
19188,16,0,virus
13971,168,1,virus
21813,2,0,virus
12062,2,0,virus
9495,77,0,virus
38238,24,1,virus
856,56,1,virus
18478,102,0,virus
844,56,1,virus
52357,250,1,virus
15709,14,0,virus
54068,262,0,virus
21620,16,0,virus
25287,20,1,virus
19900,124,1,virus
22349,16,0,virus
50300,155,1,virus
54446,168,0,virus
30853,18,0,virus
18876,145,0,virus
38266,189,1,virus
29997,166,0,virus
2879,24,1,virus
32104,18,0,virus
9240,103,0,virus
35923,24,1,virus
30650,18,0,virus
13370,16,0,virus
10990,24,0,virus
5139,189,1,virus
1271,2,0,virus
33212,164,0,virus
14030,168,0,virus
51123,43,0,virus
53623,43,0,virus
19581,0,0,virus
25893,222,0,virus
36110,24,1,virus
13021,16,0,virus
30890,21,0,virus
14862,102,0,virus
15289,102,0,virus
2732,24,1,virus
455,56,1,virus
19343,18,0,virus
40451,6,1,virus
46766,43,0,virus
3001,43,1,virus
30130,21,0,virus
4154,2,0,virus
3902,6,1,virus
11755,80,0,virus
6559,16,0,virus
17643,18,0,virus
28822,21,0,virus
19072,102,0,virus
21570,2,1,virus
23056,23,1,virus
5187,24,1,virus
8693,9,0,virus
33020,21,0,virus
25033,54,1,virus
39920,262,1,virus
24933,9,1,virus
6795,24,1,virus
1678,2,0,virus
14688,2,0,virus
24899,4,0,virus
32374,21,0,virus
805,56,1,virus
39944,262,1,virus
34490,43,1,virus
5701,34,1,virus
15869,102,0,virus
24526,16,0,virus
11376,222,1,virus
13207,2,0,virus
32305,21,0,virus
30108,21,0,virus
16082,14,0,virus
231,54,1,virus
33034,18,0,virus
25188,20,1,virus
29519,43,1,virus
4015,13,1,virus
12028,2,1,virus
18401,0,0,virus
55107,126,0,virus
19904,124,1,virus
3353,6,1,virus
55188,8,1,virus
11140,2,0,virus
28998,43,0,virus
32776,21,0,virus
52534,43,1,virus
13505,16,0,virus
15032,18,0,virus
4219,54,1,virus
17703,0,0,virus
2964,183,1,virus
39366,20,0,virus
44634,239,1,virus
3403,24,1,virus
818,9,1,virus
32631,21,1,virus
52377,159,1,virus
22644,222,0,virus
7715,24,1,virus
4823,49,1,virus
37416,189,1,virus
18284,103,0,virus
31637,18,0,virus
30115,18,0,virus
29161,18,0,virus
13685,59,0,virus
24503,23,1,virus
28943,21,0,virus
37098,13,1,virus
49545,6,1,virus
30305,21,0,virus
30155,18,0,virus
36317,24,1,virus
1511,222,1,virus
2477,3,0,virus
38503,24,1,virus
32706,21,0,virus
32582,2,1,virus
35434,43,1,virus
45797,64,1,virus
54695,2,1,virus
23043,23,1,virus
33318,18,0,virus
12386,222,0,virus
22999,54,1,virus
13163,2,0,virus
12325,20,0,virus
58,56,1,virus
4071,24,1,virus
4651,16,0,virus
23001,22,1,virus
49486,159,0,virus
21530,2,0,virus
936,34,1,virus
7455,41,0,virus
27993,43,0,virus
36165,24,1,virus
38464,20,1,virus
34663,21,0,virus
49940,155,1,virus
38605,24,1,virus
10944,24,1,virus
36405,189,1,virus
34730,21,0,virus
39378,20,1,virus
31453,43,0,virus
18128,16,0,virus
6949,189,1,virus
19757,18,0,virus
19470,0,0,virus
755,56,1,virus
25413,20,0,virus
10485,16,1,virus
21393,2,1,virus
30674,18,0,virus
45556,43,1,virus
4322,24,1,virus
35995,24,1,virus
32702,21,0,virus
35228,43,1,virus
11414,34,1,virus
14201,16,0,virus
18356,103,0,virus
52912,262,1,virus
17177,0,0,virus
21534,2,0,virus
35807,135,1,virus
37233,23,1,virus
50261,155,1,virus
36860,24,1,virus
38000,189,1,virus
25624,2,0,virus
5417,47,1,virus
45785,64,1,virus
34121,18,0,virus
11383,2,0,virus
7034,24,1,virus
20866,16,1,virus
31255,43,0,virus
32460,18,0,virus
21335,222,0,virus
18126,107,0,virus
16393,0,0,virus
32741,18,0,virus
32229,18,0,virus
4871,2,0,virus
19905,124,1,virus
11092,9,0,virus
1358,100,0,virus
11931,16,1,virus
1850,56,1,virus
33573,18,0,virus
25034,100,1,virus
17884,14,0,virus
511,25,0,virus
40346,189,1,virus
9467,189,1,virus
24671,148,1,virus
46018,256,1,virus
7201,24,1,virus
50801,43,1,virus
18157,0,0,virus
55001,126,0,virus
55113,220,1,virus
30332,21,0,virus
5403,222,0,virus
51726,262,1,virus
9710,203,1,virus
8561,24,1,virus
42644,14,0,virus
16290,103,0,virus
22675,222,0,virus
29819,18,0,virus
24527,2,0,virus
12221,16,1,virus
33441,43,1,virus
40404,6,0,virus
47602,43,0,virus
45796,191,1,virus
27871,2,0,virus
9738,22,0,virus
10618,16,0,virus
22423,2,0,virus
24182,2,1,virus
25601,140,0,virus
19198,18,0,virus
7668,4,0,virus
36260,135,1,virus
1251,22,1,virus
3316,16,0,virus
31655,21,0,virus
30963,21,0,virus
25340,2,1,virus
40023,135,1,virus
219,22,1,virus
8983,135,1,virus
26007,2,1,virus
2627,23,1,virus
32556,18,0,virus
624,15,1,virus
30094,43,1,virus
17366,102,0,virus
37998,24,1,virus
39018,20,1,virus
39200,22,1,virus
17121,103,0,virus
52388,59,1,virus
13969,41,0,virus
36246,24,1,virus
14464,14,0,virus
9853,43,1,virus
51393,262,0,virus
5178,24,1,virus
587,54,1,virus
28239,18,0,virus
16521,16,0,virus
36675,24,1,virus
21630,14,0,virus
20803,2,1,virus
36484,24,1,virus
29836,18,0,virus
48150,43,0,virus
46059,255,1,virus
4401,8,1,virus
38809,24,1,virus
43194,6,1,virus
29652,18,0,virus
26784,2,0,virus
31660,18,0,virus
39222,22,1,virus
9619,2,0,virus
36569,6,1,virus
40026,135,1,virus
51986,262,1,virus
40018,187,0,virus
12928,16,0,virus
5147,24,1,virus
18666,168,1,virus
11480,24,1,virus
3277,189,1,virus
22895,42,1,virus
1188,0,0,virus
23030,224,1,virus
2121,25,1,virus
12923,2,0,virus
13801,16,0,virus
44080,34,1,virus
45594,191,1,virus
28944,165,0,virus
27126,2,1,virus
6885,189,1,virus
1100,8,1,virus
5024,49,1,virus
25237,2,1,virus
13606,16,1,virus
605,34,1,virus
39737,13,1,virus
43746,162,1,virus
12867,222,1,virus
37193,24,1,virus
777,23,1,virus
22775,19,0,virus
54848,6,1,virus
24114,20,1,virus
31272,21,0,virus
6701,16,0,virus
15605,222,0,virus
33704,164,0,virus
25445,2,1,virus
48017,43,1,virus
32701,18,0,virus
9699,9,0,virus
32566,18,0,virus
13632,168,0,virus
22492,222,1,virus
14791,114,0,virus
11551,16,0,virus
36032,24,1,virus
33763,18,0,virus
17066,102,0,virus
17012,2,0,virus
48799,237,1,virus
14874,102,0,virus
4510,25,1,virus
9040,16,0,virus
38579,24,1,virus
15098,14,0,virus
49774,41,0,virus
49867,64,1,virus
29929,21,0,virus
53646,43,0,virus
252,189,1,virus
31025,43,1,virus
45731,191,1,virus
35729,13,0,virus
36148,24,1,virus
39048,2,1,virus
24526,168,0,virus
32473,21,0,virus
44024,237,1,virus
11209,168,1,virus
10181,16,0,virus
13838,9,0,virus
30610,21,0,virus
54943,222,1,virus
27639,56,1,virus
36190,23,0,virus
43364,239,1,virus
12581,16,0,virus
39099,20,1,virus
33757,18,0,virus
18916,18,0,virus
6390,52,0,virus
11365,2,0,virus
5587,135,1,virus
20089,10,0,virus
6317,168,0,virus
39543,20,1,virus
31322,43,0,virus
20995,222,1,virus
51789,262,1,virus
39856,20,1,virus
3703,48,1,virus
11641,16,0,virus
34010,21,0,virus
26525,4,1,virus
16054,18,0,virus
38123,24,1,virus
10931,24,1,virus
19367,18,0,virus
11004,74,0,virus
2956,24,1,virus
16048,103,0,virus
33812,21,0,virus
28582,21,0,virus
27477,2,1,virus
22917,23,1,virus
27945,2,1,virus
28619,41,0,virus
51120,43,0,virus
38649,20,1,virus
2739,54,1,virus
54032,262,0,virus
37491,54,1,virus
46213,262,0,virus
16015,18,0,virus
54046,262,0,virus
53906,262,0,virus
17065,18,0,virus
52619,262,0,virus
9130,2,0,virus
25896,2,0,virus
47755,262,0,virus
6101,9,0,virus
43003,6,0,virus
30869,2,0,virus
18665,222,0,virus
27004,6,1,virus
47941,43,1,virus
4097,2,1,virus
38901,20,1,virus
30374,43,1,virus
7100,189,1,virus
8543,56,1,virus
1446,2,1,virus
927,32,1,virus
52691,262,1,virus
29440,18,0,virus
22981,22,1,virus
33476,21,0,virus
8070,2,1,virus
19734,0,0,virus
46151,255,1,virus
22902,22,1,virus
16430,0,0,virus
6288,2,0,virus
52781,262,1,virus
24559,20,0,virus
22957,224,1,virus
46543,43,0,virus
33449,18,0,virus
47076,43,0,virus
48243,59,0,virus
14553,88,1,virus
54953,6,0,virus
27737,2,1,virus
24407,59,0,virus
8692,9,0,virus
14467,168,0,virus
15504,13,0,virus
31677,2,1,virus
18910,18,0,virus
30411,21,0,virus
29563,43,0,virus
6665,10,0,virus
49586,6,1,virus
21967,59,0,virus
23351,55,0,virus
23122,54,0,virus
27639,9,1,virus
32914,21,0,virus
24706,17,1,virus
42617,14,0,virus
18826,13,0,virus
48498,237,1,virus
12474,16,0,virus
33551,18,0,virus
52350,232,1,virus
9226,6,1,virus
17229,222,1,virus
42961,229,0,virus
23044,224,1,virus
37527,54,1,virus
22940,23,1,virus
47241,43,0,virus
27359,262,1,virus
11148,16,0,virus
45816,191,1,virus
36735,24,1,virus
6490,6,0,virus
38060,24,1,virus
47647,43,0,virus
34019,18,0,virus
40603,189,1,virus
28678,21,0,virus
21237,2,0,virus
7490,189,0,virus
25034,23,1,virus
31884,18,0,virus
8709,24,1,virus
2262,24,0,virus
17690,222,0,virus
8998,16,0,virus
47297,43,0,virus
23151,54,0,virus
45744,191,1,virus
20193,20,0,virus
6331,4,0,virus
33146,21,0,virus
33684,164,0,virus
31972,43,0,virus
38477,24,1,virus
32111,18,0,virus
36766,24,1,virus
590,54,1,virus
45067,242,1,virus
18310,16,0,virus
1033,8,1,virus
29380,43,0,virus
46389,43,0,virus
1512,2,1,virus
20416,16,0,virus
1383,56,0,virus
38838,20,1,virus
35661,173,0,virus
32300,18,0,virus
22849,42,1,virus
27848,168,0,virus
55212,2,0,virus
3404,24,1,virus
45637,64,1,virus
10558,2,0,virus
20264,5,0,virus
11961,10,0,virus
23635,54,1,virus
25053,23,1,virus
29733,60,0,virus
31559,21,0,virus
52381,159,1,virus
38157,24,1,virus
40610,189,1,virus
4497,61,0,virus
54345,43,1,virus
30958,18,0,virus
10808,2,0,virus
2322,0,0,virus
17299,2,0,virus
54636,74,0,virus
578,34,1,virus
25541,2,1,virus
16528,18,0,virus
15859,168,1,virus
37501,54,1,virus
1437,149,0,virus
54137,262,0,virus
33055,18,0,virus
51850,262,1,virus
22243,5,0,virus
33845,21,0,virus
2448,24,1,virus
36310,24,1,virus
17040,168,1,virus
1045,34,1,virus
38015,24,1,virus
15105,0,0,virus
49678,6,1,virus
30611,18,0,virus
11260,2,1,virus
27806,16,0,virus
3266,24,1,virus
43402,239,1,virus
47487,43,0,virus
13954,16,0,virus
30055,30,0,virus
1163,9,1,virus
11143,16,0,virus
7050,24,1,virus
44181,34,1,virus
14124,222,1,virus
13223,56,1,virus
12529,16,0,virus
13876,43,1,virus
53633,43,0,virus
38790,20,1,virus
891,22,1,virus
21002,2,1,virus
10147,24,1,virus
8446,2,1,virus
28425,145,0,virus
38039,135,1,virus
45674,64,1,virus
18787,168,0,virus
17777,103,0,virus
24845,126,0,virus
23048,23,1,virus
9095,56,1,virus
38648,20,1,virus
21439,2,1,virus
10283,56,0,virus
33617,21,1,virus
30023,18,0,virus
35681,69,0,virus
9232,6,1,virus
34128,43,0,virus
13051,16,0,virus
12298,168,1,virus
19418,168,1,virus
8561,189,1,virus
34822,16,1,virus
12782,168,0,virus
22480,16,0,virus
35136,16,1,virus
44979,136,1,virus
31139,18,0,virus
33717,21,1,virus
22860,42,1,virus
38382,189,1,virus
38655,135,1,virus
42789,189,1,virus
17064,18,0,virus
9535,189,1,virus
15417,18,0,virus
47374,43,0,virus
4382,16,0,virus
36829,24,1,virus
39617,20,1,virus
3861,222,0,virus
16681,106,0,virus
9535,24,1,virus
2336,15,1,virus
52320,250,1,virus
48512,237,1,virus
11864,6,1,virus
25470,222,1,virus
36823,135,1,virus
14749,14,0,virus
16737,14,0,virus
38284,24,0,virus
47746,43,0,virus
4099,6,1,virus
12200,16,1,virus
38817,24,1,virus
910,42,1,virus
43661,162,1,virus
21713,5,0,virus
5082,191,1,virus
52264,262,1,virus
7692,9,0,virus
13067,2,0,virus
50890,43,1,virus
950,54,1,virus
47336,43,0,virus
1485,2,1,virus
33781,18,0,virus
31035,24,1,virus
32740,2,0,virus
45744,64,1,virus
48507,237,1,virus
30304,18,0,virus
23166,54,0,virus
9440,24,1,virus
34572,16,0,virus
22943,224,1,virus
11172,16,0,virus
12654,16,0,virus
28078,18,0,virus
605,34,1,virus
53953,262,0,virus
21813,222,0,virus
37041,22,1,virus
31623,21,0,virus
34682,21,0,virus
39491,22,1,virus
50649,43,0,virus
21380,125,0,virus
38609,189,1,virus
14642,20,1,virus
51742,262,1,virus
37990,135,1,virus
34655,18,0,virus
49932,64,1,virus
25481,168,0,virus
38261,183,1,virus
1389,9,0,virus
27897,2,1,virus
14052,168,0,virus
29442,43,1,virus
37364,24,1,virus
33804,166,0,virus
45715,191,1,virus
12258,168,0,virus
9174,2,0,virus
13105,16,0,virus
38681,23,1,virus
17961,14,0,virus
37502,22,1,virus
8562,24,1,virus
32459,21,0,virus
13975,168,1,virus
25475,222,1,virus
44059,34,1,virus
41037,6,0,virus
21619,168,0,virus
14152,222,0,virus
20987,5,0,virus
3028,48,1,virus
7319,189,1,virus
29641,43,1,virus
38457,135,0,virus
52183,262,1,virus
50319,43,1,virus
8610,56,1,virus
26195,18,0,virus
41340,135,1,virus
27076,162,0,virus
42998,6,0,virus
7268,9,1,virus
45907,191,1,virus
37438,13,1,virus
13055,16,1,virus
25010,153,0,virus
42603,14,0,virus
13776,168,1,virus
32831,21,0,virus
49886,64,1,virus
46535,43,0,virus
32571,18,0,virus
45774,64,1,virus
21038,5,0,virus
45099,242,1,virus
527,9,0,virus
4179,2,1,virus
13897,4,0,virus
9355,24,1,virus
16985,18,0,virus
37326,22,1,virus
13971,16,1,virus
33883,21,1,virus
27247,24,0,virus
16620,0,0,virus
39965,262,1,virus
23877,136,1,virus
38659,180,1,virus
28650,43,0,virus
5189,24,1,virus
42102,216,0,virus
39409,20,0,virus
8043,2,1,virus
27144,24,1,virus
52840,43,1,virus
37067,24,0,virus
36052,189,1,virus
30772,18,0,virus
32926,18,0,virus
32337,18,0,virus
2979,54,1,virus
30086,18,0,virus
25041,22,1,virus
18025,111,0,virus
13249,6,1,virus
24520,2,1,virus
785,56,1,virus
45095,136,1,virus
17663,103,0,virus
32973,18,0,virus
25704,2,0,virus
26922,159,0,virus
33806,165,0,virus
31575,18,0,virus
50696,43,0,virus
12381,222,0,virus
19803,103,0,virus
15949,273,0,virus
35465,43,1,virus
39058,2,1,virus
32454,18,0,virus
4695,16,0,virus
46175,145,1,virus
11919,16,0,virus
54208,262,0,virus
46979,43,0,virus
1373,9,0,virus
11201,16,1,virus
34405,21,0,virus
20982,130,1,virus
14097,59,0,virus
39067,220,1,virus
33835,164,0,virus
8752,24,0,virus
24424,16,0,virus
8657,5,0,virus
54751,6,0,virus
54894,6,1,virus
50724,43,0,virus
2920,9,0,virus
41289,54,1,virus
47886,159,0,virus
38339,24,1,virus
38953,135,1,virus
36845,24,1,virus
32206,21,0,virus
22948,224,1,virus
22978,224,1,virus
8299,6,1,virus
12169,78,1,virus
15025,103,0,virus
40008,187,0,virus
37070,13,1,virus
45083,242,1,virus
23872,136,1,virus
27247,59,1,virus
24602,20,1,virus
12075,2,1,virus
32792,18,0,virus
9742,16,0,virus
11871,16,1,virus
48807,237,1,virus
31465,18,0,virus
10037,16,0,virus
48018,43,1,virus
34275,167,0,virus
23336,168,0,virus
34368,21,0,virus
35137,85,0,virus
918,42,1,virus
48800,237,1,virus
9308,16,0,virus
9025,272,1,virus
53924,262,0,virus
52334,250,1,virus
19520,103,0,virus
35192,250,0,virus
14376,102,0,virus
10270,56,0,virus
40113,189,1,virus
37539,13,1,virus
20841,222,1,virus
17730,222,0,virus
42488,106,0,virus
33571,21,0,virus
23611,136,1,virus
34158,43,1,virus
19842,2,1,virus
49751,43,0,virus
40583,189,1,virus
16629,14,0,virus
45389,59,0,virus
32940,18,0,virus
14234,18,0,virus
48858,43,0,virus
30617,43,1,virus
32817,18,0,virus
37218,135,1,virus
33781,21,0,virus
30075,18,0,virus
46107,255,1,virus
1723,22,1,virus
48392,43,0,virus
7229,22,0,virus
25472,2,1,virus
2897,189,1,virus
1048,8,1,virus
53956,262,0,virus
48808,237,1,virus
3051,48,1,virus
37076,135,0,virus
46625,43,0,virus
35543,43,1,virus
7222,23,0,virus
861,56,1,virus
50326,43,1,virus
14483,222,0,virus
10282,9,0,virus
24786,144,0,virus
48751,43,1,virus
12819,95,0,virus
21653,125,0,virus
28351,145,0,virus
54861,6,1,virus
12308,20,1,virus
39773,22,1,virus
48786,43,1,virus
35107,16,1,virus
18366,168,0,virus
770,100,1,virus
32420,18,0,virus
2798,24,1,virus
15347,103,0,virus
30091,23,1,virus
44414,6,1,virus
35203,172,1,virus
34839,16,1,virus
8501,16,0,virus
45066,136,1,virus
11794,2,0,virus
30641,18,0,virus
3292,43,1,virus
43435,162,1,virus
6700,16,0,virus
39796,23,1,virus
30184,18,0,virus
52330,232,1,virus
39667,20,1,virus
42063,216,0,virus
4488,44,0,virus
21158,5,0,virus
52353,159,1,virus
32546,164,0,virus
7900,24,1,virus
32557,21,0,virus
16262,0,0,virus
24589,20,0,virus
4653,2,0,virus
2508,3,0,virus
43404,239,1,virus
8492,73,1,virus
22436,168,0,virus
11219,16,1,virus
34426,43,0,virus
33373,43,1,virus
54847,6,1,virus
42964,229,0,virus
45706,191,1,virus
11367,2,1,virus
21561,2,1,virus
12596,24,1,virus
33956,43,0,virus
48928,261,1,virus
55159,222,1,virus
42588,115,0,virus
5103,6,1,virus
29531,21,0,virus
18661,16,0,virus
45968,255,1,virus
39474,54,1,virus
21294,5,0,virus
51917,262,1,virus
27261,158,0,virus
19408,222,0,virus
12530,16,0,virus
46788,43,0,virus
41790,216,0,virus
12643,168,0,virus
8892,9,1,virus
20121,148,1,virus
37937,20,1,virus
28962,43,0,virus
19495,5,0,virus
9376,24,1,virus
7860,195,1,virus
30874,43,0,virus
18653,5,0,virus
6081,9,0,virus
40184,189,1,virus
35458,43,1,virus
29155,18,0,virus
52382,159,1,virus
22803,5,0,virus
25557,2,1,virus
51504,262,1,virus
181,20,1,virus
13198,59,0,virus
31332,21,0,virus
29514,166,0,virus
19725,0,0,virus
38667,23,1,virus
39653,20,1,virus
1517,2,1,virus
18568,16,0,virus
543,2,1,virus
25031,54,1,virus
24183,222,1,virus
40140,189,1,virus
52145,262,1,virus
39467,34,1,virus
22607,2,0,virus
20656,126,0,virus
33841,18,0,virus
19283,18,0,virus
15013,16,0,virus
32872,21,0,virus
49891,64,1,virus
46179,59,0,virus
20981,130,1,virus
10694,6,1,virus
33367,21,0,virus
2469,47,0,virus
53584,43,0,virus
20858,222,1,virus
12587,168,1,virus
9912,56,0,virus
47148,43,0,virus
55086,222,1,virus
6442,13,0,virus
23825,54,1,virus
12741,16,1,virus
43378,239,1,virus
30799,18,0,virus
34082,21,0,virus
9483,16,0,virus
11349,16,1,virus
5633,49,1,virus
23033,54,1,virus
38999,222,0,virus
39191,23,1,virus
1392,54,1,virus
31685,21,0,virus
38859,20,1,virus
5177,24,1,virus
52775,262,1,virus
38947,20,1,virus
18130,168,0,virus
30710,21,0,virus
30805,21,0,virus
28440,43,0,virus
52366,43,1,virus
32199,18,0,virus
8483,28,1,virus
1795,6,0,virus
38970,20,1,virus
11366,2,1,virus
7480,2,0,virus
45602,64,1,virus
28808,18,0,virus
28035,102,0,virus
6114,52,0,virus
45034,189,1,virus
38680,22,1,virus
2623,24,1,virus
45839,64,1,virus
18996,18,0,virus
22877,42,1,virus
50310,155,1,virus
35866,24,0,virus
5795,34,0,virus
12151,78,1,virus
32169,43,0,virus
47856,159,0,virus
6695,16,0,virus
55018,20,0,virus
7104,42,0,virus
36387,43,0,virus
20585,222,0,virus
13792,16,0,virus
31561,18,0,virus
38056,183,1,virus
29730,60,0,virus
20959,16,1,virus
31195,21,0,virus
26259,6,1,virus
25764,153,0,virus
4376,49,0,virus
27492,21,0,virus
3817,189,1,virus
8411,24,1,virus
45796,64,1,virus
7256,16,0,virus
10450,56,1,virus
19838,10,0,virus
655,2,1,virus
35459,43,1,virus
40151,189,1,virus
4106,2,1,virus
1361,22,1,virus
45772,64,1,virus
30893,21,0,virus
44170,34,1,virus
42929,54,0,virus
10448,278,0,virus
26165,43,0,virus
47950,43,1,virus
29720,4,0,virus
7703,9,0,virus
19992,16,0,virus
18114,102,0,virus
13827,9,1,virus
30517,21,0,virus
41344,135,1,virus
33761,167,0,virus
1441,222,1,virus
33420,43,0,virus
46189,43,1,virus
46922,43,0,virus
40329,189,1,virus
39001,2,0,virus
35188,250,0,virus
9187,2,0,virus
22697,2,0,virus
45757,64,1,virus
30925,4,0,virus
45780,64,1,virus
22935,54,1,virus
23617,54,1,virus
22933,23,1,virus
24616,20,1,virus
16191,102,0,virus
35013,16,1,virus
28830,43,1,virus
36843,189,1,virus
23803,56,1,virus
30184,21,0,virus
48841,237,1,virus
11511,9,1,virus
33962,18,0,virus
10451,56,1,virus
13898,10,0,virus
54030,262,0,virus
918,34,1,virus
6909,189,1,virus
45151,232,1,virus
30132,56,1,virus
17224,222,1,virus
11189,16,0,virus
21993,5,0,virus
16578,0,0,virus
54721,2,1,virus
8310,6,1,virus
35762,173,0,virus
35126,16,1,virus
24495,58,1,virus
18846,16,1,virus
20562,6,0,virus
51808,262,1,virus
52356,159,1,virus
11316,34,1,virus
864,168,1,virus
6920,24,0,virus
25009,140,0,virus
31651,18,0,virus
30506,18,0,virus
14303,108,0,virus
10378,9,0,virus
8311,6,1,virus
27649,16,0,virus
3877,48,1,virus
46491,43,0,virus
32832,21,0,virus
22566,16,0,virus
23893,54,1,virus
31579,18,0,virus
12252,2,0,virus
46618,43,0,virus
21927,16,1,virus
21241,5,0,virus
52367,43,1,virus
8181,16,0,virus
20083,168,0,virus
9871,9,0,virus
30455,43,0,virus
8760,22,0,virus
4911,54,1,virus
22341,168,0,virus
12424,16,0,virus
19494,18,0,virus
5404,222,0,virus
22491,222,1,virus
136,8,1,virus
54020,262,0,virus
45790,191,1,virus
51471,262,1,virus
13862,168,0,virus
18500,103,0,virus
20662,126,0,virus
8942,6,1,virus
13497,168,0,virus
24500,22,1,virus
386,9,0,virus
6581,4,1,virus
13047,80,0,virus
46997,43,0,virus
44407,6,1,virus
25445,16,0,virus
22156,222,0,virus
1113,100,0,virus
47439,43,0,virus
22861,42,1,virus
27060,161,0,virus
6135,24,0,virus
15300,103,0,virus
19370,0,0,virus
32966,21,0,virus
1365,54,1,virus
19365,2,0,virus
26887,2,1,virus
936,34,1,virus
3676,191,1,virus
44019,237,1,virus
21153,2,0,virus
23835,54,1,virus
51059,43,0,virus
27270,162,0,virus
53651,43,0,virus
11642,16,1,virus
30279,21,0,virus
28556,18,0,virus
9073,16,0,virus
45725,64,1,virus
25993,6,0,virus
49172,261,1,virus
16509,16,0,virus
39167,23,1,virus
13010,16,0,virus
17725,2,1,virus
11308,20,1,virus
45811,64,1,virus
37202,24,1,virus
47829,43,1,virus
4217,49,1,virus
3396,42,0,virus
20948,168,1,virus
35893,189,1,virus
6206,24,1,virus
39203,23,1,virus
36003,6,1,virus
32239,18,0,virus
17738,105,0,virus
25218,222,1,virus
44116,239,1,virus
25154,16,0,virus
10311,9,0,virus
23745,54,1,virus
15839,5,0,virus
46556,43,0,virus
3014,24,1,virus
3139,24,1,virus
35799,176,1,virus
15715,18,0,virus
29784,2,1,virus
30009,43,1,virus
4410,2,1,virus
13516,168,0,virus
13508,16,0,virus
45905,191,1,virus
4204,48,1,virus
13498,16,0,virus
20884,5,0,virus
7194,22,0,virus
34283,21,0,virus
2339,15,1,virus
39053,2,1,virus
11292,16,0,virus
45634,191,1,virus
5197,67,1,virus
43723,162,1,virus
11529,20,0,virus
6607,42,0,virus
4282,31,1,virus
15933,0,0,virus
12528,16,0,virus
31891,18,0,virus
896,34,1,virus
14588,14,0,virus
38882,2,1,virus
43352,239,1,virus
955,34,1,virus
31682,21,0,virus
11254,2,0,virus
950,34,1,virus
10798,2,0,virus
49613,6,1,virus
6830,24,1,virus
17681,18,0,virus
9890,9,0,virus
36484,189,1,virus
51721,262,1,virus
42965,229,0,virus
35693,13,0,virus
33510,21,0,virus
27862,161,0,virus
16522,16,0,virus
21810,2,0,virus
283,15,0,virus
35183,250,0,virus
33167,18,0,virus
17090,16,0,virus
21377,16,1,virus
12740,9,0,virus
19093,18,0,virus
45815,64,1,virus
1144,8,1,virus
32518,43,0,virus
7317,24,1,virus
10585,2,0,virus
40799,135,1,virus
10295,9,0,virus
40913,135,1,virus
6409,6,1,virus
39977,43,1,virus
38810,24,1,virus
49686,6,1,virus
36014,24,1,virus
24310,55,0,virus
954,34,1,virus
10547,16,0,virus
1081,20,1,virus
20951,168,1,virus
38876,20,1,virus
33591,21,0,virus
13292,168,0,virus
15385,18,0,virus
29753,60,0,virus
20334,126,0,virus
38375,24,1,virus
39642,20,1,virus
7782,9,0,virus
28994,164,0,virus
247,8,1,virus
39424,182,1,virus
4944,47,0,virus
46046,255,1,virus
38680,180,1,virus
286,34,0,virus
46871,43,0,virus
25984,6,0,virus
32967,21,0,virus
31338,18,0,virus
2709,215,1,virus
42916,224,1,virus
17419,14,0,virus
54647,4,1,virus
49077,261,1,virus
52257,262,1,virus
3774,191,1,virus
21812,2,0,virus
39263,20,1,virus
12033,222,0,virus
38359,24,1,virus
10361,75,0,virus
6835,24,1,virus
14441,126,0,virus
38604,189,1,virus
20920,16,1,virus
12482,16,0,virus
16861,107,0,virus
8558,9,0,virus
32263,21,0,virus
38666,23,1,virus
23640,54,1,virus
5983,65,0,virus
8636,6,1,virus
9507,16,0,virus
23359,55,0,virus
32744,21,0,virus
17568,14,0,virus
40269,189,1,virus
23744,136,1,virus
7234,13,0,virus
46989,43,0,virus
37393,13,1,virus
24968,16,1,virus
52908,262,1,virus
39063,2,1,virus
1778,6,1,virus
10167,189,1,virus
33832,21,0,virus
22909,22,1,virus
8102,2,1,virus
37118,189,1,virus
40211,189,1,virus
40360,6,1,virus
34676,21,0,virus
28037,2,0,virus
3420,118,1,virus
11732,168,0,virus
22611,2,0,virus
37345,24,1,virus
45820,64,1,virus
22374,168,1,virus
30426,18,0,virus
19705,0,0,virus
32955,18,0,virus
23958,6,1,virus
2863,6,1,virus
52136,262,1,virus
32587,21,0,virus
22691,222,0,virus
27118,24,1,virus
34576,21,0,virus
25671,222,1,virus
50308,155,1,virus
20504,5,0,virus
8326,6,1,virus
45575,43,1,virus
20658,126,0,virus
11920,56,1,virus
53787,262,0,virus
20675,10,0,virus
10472,9,1,virus
37408,189,1,virus
4733,2,0,virus
7158,9,0,virus
34081,21,0,virus
1081,135,1,virus
25342,168,0,virus
40743,3,0,virus
5768,54,1,virus
32318,21,0,virus
32758,21,0,virus
11634,168,1,virus
12092,168,0,virus
22466,5,0,virus
21687,222,0,virus
45048,242,1,virus
54451,16,0,virus
42848,14,0,virus
44012,237,1,virus
15747,18,0,virus
22664,5,0,virus
17139,102,0,virus
39244,43,1,virus
52369,232,1,virus
38178,24,1,virus
21306,5,0,virus
934,8,1,virus
53888,262,0,virus
31557,21,0,virus
13180,16,1,virus
39293,20,1,virus
17168,10,0,virus
16522,168,0,virus
13244,168,1,virus
8609,9,1,virus
597,22,1,virus
43147,237,1,virus
16873,18,0,virus
785,100,1,virus
13289,16,0,virus
39780,22,1,virus
33604,21,0,virus
16148,10,0,virus
21705,2,0,virus
9776,2,1,virus
29694,43,1,virus
52366,232,1,virus
2239,15,1,virus
30902,21,0,virus
38781,20,1,virus
15334,107,0,virus
2897,189,1,virus
12396,2,0,virus
12489,10,0,virus
13548,16,0,virus
3894,46,0,virus
11505,168,0,virus
34131,43,1,virus
37065,189,0,virus
19393,14,0,virus
19560,102,0,virus
33674,18,0,virus
52935,262,1,virus
47454,43,0,virus
2140,16,0,virus
50028,155,1,virus
10628,189,1,virus
12171,34,1,virus
53792,262,0,virus
47869,159,0,virus
21943,168,1,virus
41169,6,1,virus
53649,43,0,virus
32496,21,0,virus
37841,24,1,virus
8821,77,0,virus
606,34,1,virus
42914,224,1,virus
9024,13,0,virus
657,2,1,virus
32578,18,0,virus
14438,10,0,virus
43230,6,1,virus
4780,222,0,virus
2087,0,0,virus
23008,22,1,virus
37665,24,1,virus
242,137,1,virus
23812,9,1,virus
20191,20,0,virus
5588,2,1,virus
24906,20,0,virus
11485,88,1,virus
2402,24,0,virus
38715,20,1,virus
13494,168,0,virus
31484,18,0,virus
38780,20,1,virus
20655,10,0,virus
8275,9,0,virus
24790,144,0,virus
32380,167,0,virus
4604,16,0,virus
34025,18,0,virus
37503,13,1,virus
36252,24,1,virus
9877,16,0,virus
19202,112,0,virus
24494,23,1,virus
9896,16,0,virus
38059,183,1,virus
34956,16,1,virus
10241,9,1,virus
22604,222,0,virus
51236,43,0,virus
46295,258,1,virus
51955,262,1,virus
1139,34,1,virus
51942,262,1,virus
11237,126,0,virus
43350,6,1,virus
1422,2,0,virus
33564,21,0,virus
14326,18,0,virus
30388,18,0,virus
21539,222,0,virus
38663,180,1,virus
33474,21,0,virus
19064,120,0,virus
32755,18,0,virus
39291,20,1,virus
45813,191,1,virus
33917,18,0,virus
30433,21,0,virus
23586,136,1,virus
45923,191,1,virus
42733,100,0,virus
37734,24,1,virus
3530,189,1,virus
8472,73,1,virus
40762,189,1,virus
34931,16,1,virus
40889,135,1,virus
48702,31,1,virus
39663,20,1,virus
12254,9,1,virus
22358,5,0,virus
47147,43,0,virus
14251,18,0,virus
22979,22,1,virus
22006,9,0,virus
932,8,1,virus
12258,16,0,virus
33623,43,0,virus
52347,43,1,virus
28806,18,0,virus
38277,189,1,virus
26672,22,1,virus
52251,262,1,virus
28734,18,0,virus
22187,2,0,virus
5851,16,0,virus
33456,18,0,virus
14017,168,0,virus
3532,4,0,virus
13111,20,1,virus
37047,22,1,virus
922,34,1,virus
16491,168,0,virus
33773,165,0,virus
43668,162,1,virus
30277,18,0,virus
1368,168,1,virus
25037,100,1,virus
10656,24,0,virus
181,188,1,virus
38190,24,1,virus
22890,42,1,virus
23065,54,1,virus
1437,2,1,virus
5544,65,0,virus
33588,18,0,virus
17075,16,0,virus
33300,166,0,virus
13818,41,0,virus
5509,222,0,virus
13852,168,1,virus
48193,43,0,virus
14228,18,0,virus
11484,88,1,virus
30445,43,1,virus
25338,2,1,virus
60,10,0,virus
8702,77,0,virus
24719,20,0,virus
7164,9,0,virus
32485,21,1,virus
23747,136,1,virus
3345,17,0,virus
49357,267,0,virus
7934,24,1,virus
48627,159,1,virus
25622,16,0,virus
20247,19,0,virus
32859,18,0,virus
441,56,1,virus
16113,17,0,virus
4719,9,0,virus
46160,255,1,virus
37163,135,1,virus
7267,24,1,virus
37569,24,1,virus
2964,189,1,virus
47473,43,0,virus
10154,24,1,virus
13011,16,1,virus
17224,2,1,virus
12776,222,0,virus
39374,23,1,virus
7108,24,1,virus
25447,222,1,virus
48532,237,1,virus
12875,2,1,virus
24917,150,0,virus
598,22,1,virus
15964,0,0,virus
2220,43,0,virus
25983,6,0,virus
797,56,1,virus
3183,24,1,virus
11909,16,1,virus
21150,16,0,virus
45716,191,1,virus
25214,222,0,virus
14542,2,0,virus
40643,194,0,virus
34147,43,1,virus
29656,164,0,virus
3106,24,1,virus
37536,13,1,virus
34700,21,0,virus
899,34,1,virus
12985,16,0,virus
22343,168,0,virus
45042,136,1,virus
24060,54,0,virus
4015,22,1,virus
45086,136,1,virus
19425,168,1,virus
38385,56,0,virus
45831,191,1,virus
33598,18,0,virus
33131,18,0,virus
47598,43,0,virus
38457,24,1,virus
45900,191,1,virus
21062,168,1,virus
302,16,1,virus
20966,130,1,virus
51987,262,1,virus
33820,18,0,virus
43676,162,1,virus
38645,20,1,virus
45652,191,1,virus
22414,2,0,virus
37203,135,1,virus
21968,16,0,virus
35823,40,1,virus
52120,262,1,virus
27643,2,1,virus
15524,0,0,virus
12918,2,0,virus
8493,73,1,virus
1166,8,1,virus
38958,135,1,virus
53884,262,0,virus
51770,262,1,virus
22925,23,1,virus
26912,8,1,virus
1045,34,1,virus
3331,25,1,virus
41674,100,1,virus
39900,20,0,virus
29303,43,1,virus
4715,16,0,virus
16681,107,0,virus
852,56,1,virus
38033,20,1,virus
10539,77,0,virus
12499,4,0,virus
593,23,1,virus
15247,103,0,virus
40388,6,1,virus
27438,2,0,virus
41652,6,0,virus
13852,16,1,virus
17677,18,0,virus
10450,9,1,virus
47893,41,0,virus
31964,43,0,virus
33114,167,0,virus
19331,18,0,virus
49224,191,1,virus
9849,9,1,virus
11730,168,0,virus
47727,262,0,virus
49100,261,1,virus
14675,103,0,virus
20797,10,0,virus
9247,2,1,virus
48674,31,1,virus
19754,103,0,virus
32981,18,0,virus
47056,43,0,virus
13441,168,1,virus
28688,165,0,virus
1642,20,1,virus
54836,6,1,virus
22166,126,0,virus
15422,102,0,virus
18401,102,0,virus
11133,20,0,virus
40200,189,1,virus
31645,18,0,virus
17854,103,0,virus
14444,126,0,virus
1022,8,1,virus
52763,262,1,virus
8194,16,0,virus
32872,18,0,virus
20683,10,0,virus
45928,64,1,virus
2193,17,0,virus
819,8,1,virus
22639,2,0,virus
8179,59,0,virus
8048,191,1,virus
21777,5,0,virus
5907,2,1,virus
25528,222,1,virus
5235,6,1,virus
45658,191,1,virus
38074,135,1,virus
22483,2,0,virus
8416,2,1,virus
34695,21,0,virus
35557,13,0,virus
32297,18,0,virus
28602,4,0,virus
38331,189,1,virus
35979,189,1,virus
27867,161,0,virus
42311,216,0,virus
28571,18,0,virus
33795,18,0,virus
23047,23,1,virus
6230,16,0,virus
49750,43,1,virus
13101,2,0,virus
52375,232,1,virus
22173,168,0,virus
3036,48,1,virus
7441,16,0,virus
32364,2,1,virus
28386,2,0,virus
38788,24,1,virus
22261,168,0,virus
45854,191,1,virus
32458,18,0,virus
49247,43,1,virus
53990,262,0,virus
7384,59,0,virus
36359,24,0,virus
45632,191,1,virus
15174,103,0,virus
14022,168,0,virus
2523,42,0,virus
39738,23,1,virus
30724,17,0,virus
8421,2,0,virus
16448,102,0,virus
32427,18,0,virus
25396,17,1,virus
37059,24,1,virus
19752,103,0,virus
33688,18,0,virus
21494,59,0,virus
8160,24,1,virus
27223,161,0,virus
18984,16,1,virus
37913,24,1,virus
4837,54,1,virus
32774,21,0,virus
32131,21,0,virus
7057,24,1,virus
31510,43,0,virus
20096,5,0,virus
37490,54,1,virus
54935,6,1,virus
32902,21,0,virus
45812,191,1,virus
5232,24,1,virus
33291,21,0,virus
46100,255,1,virus
15611,18,0,virus
48698,31,1,virus
8988,189,1,virus
49773,41,0,virus
41966,216,0,virus
39174,20,1,virus
35555,173,0,virus
32285,43,0,virus
37683,13,1,virus
1947,15,1,virus
25918,168,0,virus
26220,43,1,virus
11919,168,0,virus
7250,22,0,virus
48550,237,1,virus
45092,242,1,virus
19631,18,0,virus
19813,14,0,virus
18128,168,0,virus
775,56,1,virus
23601,54,1,virus
22923,224,1,virus
12601,91,0,virus
32372,21,0,virus
11563,220,1,virus
35915,24,1,virus
31277,18,0,virus
33019,21,0,virus
37070,54,1,virus
31879,21,0,virus
50290,155,1,virus
31477,18,0,virus
23049,22,1,virus
27837,16,0,virus
22949,23,1,virus
6956,24,1,virus
24615,20,1,virus
9170,189,1,virus
12793,6,0,virus
30222,18,0,virus
10512,2,0,virus
16154,10,0,virus
47513,43,0,virus
47753,262,0,virus
35473,43,1,virus
35198,250,0,virus
2592,54,1,virus
13366,89,0,virus
38710,20,1,virus
784,56,1,virus
21930,16,1,virus
24487,2,1,virus
6893,189,1,virus
54151,262,0,virus
21864,5,0,virus
34903,16,1,virus
12499,10,0,virus
23875,54,1,virus
3770,191,1,virus
10842,9,0,virus
25665,6,0,virus
5523,222,0,virus
35359,43,1,virus
12524,56,0,virus
12312,24,1,virus
38067,24,1,virus
2037,0,0,virus
29133,43,1,virus
34205,2,0,virus
27044,2,1,virus
30519,21,0,virus
39464,54,1,virus
45110,242,1,virus
1044,34,1,virus
40119,188,1,virus
34819,16,1,virus
26720,16,1,virus
37852,24,1,virus
45807,64,1,virus
10274,9,0,virus
5174,189,1,virus
43012,137,1,virus
51268,59,0,virus
28350,9,0,virus
22644,2,0,virus
53817,262,0,virus
23940,6,1,virus
33720,165,0,virus
38784,20,1,virus
48830,237,1,virus
26257,24,1,virus
16655,14,0,virus
45097,136,1,virus
442,9,1,virus
52331,43,1,virus
52545,262,1,virus
33124,18,0,virus
3737,191,1,virus
22421,2,0,virus
15975,18,0,virus
849,56,1,virus
40250,189,1,virus
4273,16,0,virus
36105,24,1,virus
4364,54,1,virus
2104,24,0,virus
22689,2,0,virus
49585,6,1,virus
9931,14,0,virus
37619,24,1,virus
53756,262,0,virus
18366,16,0,virus
13560,222,1,virus
38268,22,1,virus
33009,21,0,virus
29885,21,0,virus
19105,102,0,virus
32988,21,0,virus
54143,262,0,virus
18287,103,0,virus
25171,10,0,virus
37707,24,1,virus
28808,21,0,virus
43395,239,1,virus
18542,168,0,virus
996,34,1,virus
11854,168,0,virus
5769,54,1,virus
19838,126,0,virus
28867,21,0,virus
3099,24,0,virus
24422,2,0,virus
38878,20,1,virus
5017,25,1,virus
44987,136,1,virus
25026,100,1,virus
11286,189,1,virus
54313,43,1,virus
27000,43,0,virus
39794,22,1,virus
37499,22,1,virus
22224,5,0,virus
12613,91,0,virus
13457,2,0,virus
21063,5,0,virus
45747,191,1,virus
2784,24,1,virus
44305,6,1,virus
13716,59,0,virus
38104,24,1,virus
32446,21,0,virus
49733,43,1,virus
36296,40,1,virus
39767,22,1,virus
14032,16,0,virus
33541,167,0,virus
30317,18,0,virus
45837,64,1,virus
19964,10,0,virus
6824,24,1,virus
43917,239,0,virus
2008,24,0,virus
16559,108,0,virus
16426,64,0,virus
6837,189,1,virus
33390,21,0,virus
34801,85,1,virus
38079,135,1,virus
37780,24,1,virus
5454,2,1,virus
35615,43,1,virus
23742,136,1,virus
33452,18,0,virus
2671,6,1,virus
31925,43,1,virus
11725,222,0,virus
25571,222,1,virus
7436,24,1,virus
47310,43,0,virus
19560,16,0,virus
1905,2,1,virus
9286,189,1,virus
8536,9,1,virus
2507,24,0,virus
26720,168,1,virus
14628,2,0,virus
24326,20,1,virus
8557,278,0,virus
8305,2,1,virus
995,34,1,virus
20057,125,0,virus
17270,103,0,virus
25597,2,1,virus
37207,24,1,virus
5204,67,1,virus
51725,262,1,virus
18921,103,0,virus
34137,43,1,virus
13893,168,0,virus
23343,134,0,virus
33279,18,0,virus
53093,262,0,virus
14832,0,0,virus
49912,64,1,virus
1926,2,1,virus
1136,15,1,virus
39780,23,1,virus
46058,255,1,virus
26436,102,0,virus
10740,16,0,virus
16852,111,0,virus
12801,95,0,virus
29865,21,0,virus
8961,77,0,virus
48184,59,0,virus
21242,5,0,virus
54122,262,0,virus
11154,16,0,virus
10249,9,1,virus
40370,6,0,virus
25064,23,1,virus
23015,54,1,virus
13292,16,0,virus
52353,232,1,virus
36805,24,1,virus
34345,43,1,virus
45834,64,1,virus
1906,2,0,virus
6021,65,0,virus
52106,262,1,virus
16031,14,0,virus
23547,54,1,virus
14148,222,0,virus
5993,53,0,virus
2598,43,1,virus
3920,49,1,virus
34580,21,0,virus
21524,2,0,virus
11358,2,0,virus
30444,18,0,virus
51224,159,1,virus
16648,2,0,virus
30574,21,0,virus
5166,24,1,virus
1834,17,0,virus
36659,135,1,virus
22059,2,0,virus
46374,43,1,virus
26210,262,1,virus
27600,43,1,virus
21934,16,1,virus
45850,64,1,virus
22940,54,1,virus
42497,106,0,virus
39768,23,1,virus
19451,102,0,virus
39095,20,1,virus
39091,20,1,virus
25954,2,1,virus
36538,24,1,virus
30002,21,0,virus
27709,9,1,virus
52503,43,1,virus
36786,135,1,virus
3071,24,1,virus
14134,59,0,virus
52788,262,1,virus
16728,64,0,virus
15487,0,0,virus
23593,136,1,virus
33292,18,0,virus
24323,20,1,virus
33513,21,0,virus
5173,24,1,virus
32917,21,0,virus
27863,161,0,virus
17047,18,0,virus
5104,222,0,virus
37515,22,1,virus
24765,20,0,virus
40808,135,1,virus
9363,24,1,virus
10528,56,0,virus
54378,22,0,virus
40798,135,1,virus
8531,56,1,virus
43613,162,1,virus
33812,18,0,virus
6579,3,0,virus
48723,43,1,virus
19222,103,0,virus
28511,145,0,virus
40324,6,1,virus
14028,168,0,virus
28693,165,0,virus
8215,2,0,virus
3737,2,1,virus
18774,0,0,virus
12163,78,1,virus
31293,43,1,virus
6393,5,0,virus
6833,24,1,virus
38926,20,1,virus
28242,21,0,virus
20803,222,1,virus
15249,114,0,virus
17508,18,0,virus
27316,6,1,virus
13795,168,0,virus
15125,18,0,virus
23622,136,1,virus
43019,233,0,virus
22680,223,1,virus
52388,43,1,virus
826,56,1,virus
11409,168,0,virus
31638,21,0,virus
13517,168,0,virus
27242,43,1,virus
36470,24,1,virus
46047,255,1,virus
28259,21,0,virus
8062,191,1,virus
17562,0,0,virus
7860,196,0,virus
44271,240,1,virus
37613,24,1,virus
44249,240,1,virus
48613,43,1,virus
36887,2,1,virus
39743,13,1,virus
9630,2,0,virus
25032,23,1,virus
3774,2,1,virus
31172,18,0,virus
23041,54,1,virus
20867,16,1,virus
6228,16,0,virus
45752,64,1,virus
28109,2,0,virus
3694,48,1,virus
5530,222,0,virus
17822,103,0,virus
424,9,1,virus
11257,220,1,virus
51531,262,1,virus
13326,2,1,virus
38595,189,1,virus
23555,136,1,virus
35914,24,0,virus
45678,191,1,virus
14579,2,0,virus
8536,56,1,virus
28369,145,0,virus
33049,21,0,virus
22006,56,0,virus
30198,21,0,virus
39805,22,1,virus
14929,111,0,virus
41574,6,0,virus
30520,18,0,virus
14609,108,0,virus
17593,18,0,virus
31597,165,0,virus
33430,21,0,virus
913,34,1,virus
28968,24,1,virus
39368,20,0,virus
23028,54,1,virus
3038,48,1,virus
30179,21,0,virus
5722,54,1,virus
12537,16,0,virus
26094,21,0,virus
1723,137,1,virus
29817,21,0,virus
23067,54,1,virus
1726,5,0,virus
14232,18,0,virus
46016,126,1,virus
21363,16,1,virus
9180,76,0,virus
9332,24,1,virus
27917,91,0,virus
15142,14,0,virus
23851,136,1,virus
30337,18,0,virus
41677,213,0,virus
3743,191,1,virus
37653,4,1,virus
23896,136,1,virus
54808,43,0,virus
12997,2,1,virus
23047,54,1,virus
782,22,1,virus
33685,18,0,virus
33225,21,0,virus
35561,135,1,virus
16014,18,0,virus
13050,168,0,virus
17804,103,0,virus
11972,16,0,virus
14615,108,0,virus
36154,43,0,virus
298,16,0,virus
34102,21,0,virus
26030,6,0,virus
29105,43,1,virus
13370,168,0,virus
20038,5,0,virus
760,136,1,virus
37073,23,0,virus
13158,80,0,virus
34309,21,0,virus
42442,13,0,virus
8972,24,1,virus
24845,10,0,virus
37580,54,1,virus
3420,126,1,virus
49639,6,1,virus
607,34,1,virus
32949,21,0,virus
37856,24,1,virus
33986,21,0,virus
14059,16,0,virus
8859,24,1,virus
20398,10,1,virus
11068,6,1,virus
32696,18,0,virus
24586,140,0,virus
32265,21,0,virus
30400,43,0,virus
13855,16,0,virus
8066,191,1,virus
29433,21,0,virus
52739,262,1,virus
15346,103,0,virus
17786,112,0,virus
38704,2,0,virus
54004,262,0,virus
13542,16,0,virus
38038,183,1,virus
26251,24,1,virus
46093,255,1,virus
32728,18,0,virus
12782,16,0,virus
23622,54,1,virus
33639,164,0,virus
11137,20,0,virus
12491,34,1,virus
897,34,1,virus
35751,173,0,virus
44098,34,1,virus
13717,168,0,virus
45003,189,1,virus
35205,172,1,virus
22964,224,1,virus
34085,18,0,virus
25985,16,0,virus
13172,74,0,virus
39686,24,1,virus
12193,16,1,virus
21759,222,0,virus
14706,18,0,virus
11438,9,1,virus
38265,189,1,virus
20926,16,0,virus
1447,2,1,virus
8576,202,0,virus
269,2,0,virus
25623,168,0,virus
11657,16,1,virus
34254,21,0,virus
7658,2,0,virus
6939,24,1,virus
21491,14,0,virus
16647,2,0,virus
38097,222,1,virus
44972,136,1,virus
44226,240,1,virus
38228,135,1,virus
33037,21,0,virus
40423,6,1,virus
22532,13,0,virus
38718,20,1,virus
16648,222,0,virus
9794,41,0,virus
23898,54,1,virus
19016,168,0,virus
50200,155,1,virus
19785,0,0,virus
21124,9,0,virus
31180,18,0,virus
36927,3,1,virus
38611,189,1,virus
27547,17,0,virus
30498,18,0,virus
19317,0,0,virus
6571,189,1,virus
32262,21,0,virus
8620,24,1,virus
35184,245,0,virus
14715,114,0,virus
52779,262,1,virus
12645,16,0,virus
37244,54,1,virus
26013,6,0,virus
2398,2,0,virus
32932,21,0,virus
49293,264,1,virus
22842,42,1,virus
32993,18,0,virus
39011,20,1,virus
932,34,1,virus
8524,9,1,virus
14876,103,0,virus
31603,21,0,virus
38626,189,1,virus
20438,16,0,virus
39377,20,1,virus
43111,34,0,virus
38671,22,1,virus
18148,0,0,virus
230,22,1,virus
30414,21,0,virus
35994,189,1,virus
55121,126,0,virus
18676,168,0,virus
8179,41,0,virus
32658,164,0,virus
54229,262,0,virus
6475,24,0,virus
10628,24,1,virus
19035,16,0,virus
35683,5,0,virus
49901,64,1,virus
6051,9,0,virus
7716,24,1,virus
21362,168,1,virus
40267,189,1,virus
33372,43,1,virus
17467,168,0,virus
34287,21,0,virus
19036,168,0,virus
15356,2,0,virus
5955,24,1,virus
15523,14,0,virus
33773,166,0,virus
15585,168,0,virus
17202,220,1,virus
47606,43,0,virus
14013,168,0,virus
16674,0,0,virus
38840,20,1,virus
20202,20,1,virus
11646,16,1,virus
7458,2,1,virus
999,34,1,virus
12214,16,1,virus
7423,24,1,virus
11263,2,1,virus
43432,162,1,virus
54892,6,1,virus
5519,6,0,virus
16125,17,0,virus
44383,6,1,virus
19242,13,0,virus
49079,261,1,virus
49787,41,0,virus
36828,135,1,virus
20682,126,0,virus
45856,191,1,virus
29745,60,0,virus
7792,56,1,virus
16800,18,0,virus
55156,222,1,virus
40148,189,1,virus
32684,21,0,virus
5167,24,1,virus
17204,2,1,virus
24620,20,1,virus
49515,6,1,virus
37801,24,1,virus
20418,20,0,virus
20045,41,0,virus
31524,43,0,virus
33567,167,0,virus
38932,135,1,virus
6521,22,1,virus
13956,168,0,virus
45168,43,0,virus
49716,43,1,virus
5432,62,1,virus
11099,191,0,virus
15202,0,0,virus
45443,232,0,virus
43509,162,1,virus
16413,16,0,virus
2433,2,0,virus
1605,31,1,virus
33105,21,0,virus
22228,5,0,virus
34055,21,0,virus
54085,262,0,virus
52695,262,1,virus
3415,4,1,virus
52336,43,1,virus
19612,4,0,virus
33779,18,0,virus
39873,43,1,virus
40224,190,1,virus
14542,222,0,virus
18365,168,0,virus
610,34,1,virus
2274,2,1,virus
12449,16,1,virus
20640,222,0,virus
4883,2,0,virus
7494,24,0,virus
26725,168,1,virus
15013,103,0,virus
32014,43,0,virus
5708,34,1,virus
24740,150,0,virus
25630,2,0,virus
6721,24,0,virus
40154,189,1,virus
44158,239,1,virus
8593,2,1,virus
34153,43,1,virus
13037,168,0,virus
14614,108,0,virus
42855,189,1,virus
6807,189,1,virus
5454,6,1,virus
30101,18,0,virus
17623,103,0,virus
22599,59,0,virus
38674,180,1,virus
16497,106,0,virus
35234,43,1,virus
30907,2,0,virus
7293,77,0,virus
35428,24,1,virus
4279,31,1,virus
12455,16,0,virus
2709,135,1,virus
44327,6,1,virus
33002,21,0,virus
6975,24,0,virus
4522,24,1,virus
50702,43,0,virus
15745,168,0,virus
52044,262,1,virus
39316,59,0,virus
43241,6,1,virus
17610,103,0,virus
25302,20,1,virus
18659,16,0,virus
37014,189,1,virus
19413,16,1,virus
33707,164,0,virus
16624,168,0,virus
51701,262,0,virus
21387,16,1,virus
32739,21,0,virus
33280,18,0,virus
930,34,1,virus
20659,10,0,virus
38641,59,0,virus
54180,262,0,virus
47942,43,1,virus
11123,2,0,virus
22984,54,1,virus
17717,0,0,virus
20538,5,0,virus
52072,262,1,virus
12751,41,0,virus
23988,6,1,virus
32656,21,0,virus
2235,24,1,virus
24057,20,1,virus
13323,6,1,virus
761,54,1,virus
26252,24,1,virus
27159,2,1,virus
33388,43,0,virus
32384,18,0,virus
885,25,1,virus
986,34,1,virus
24884,10,1,virus
4179,6,1,virus
8914,23,0,virus
35654,222,0,virus
37327,13,1,virus
4698,16,0,virus
46064,255,1,virus
30884,43,0,virus
24882,126,1,virus
10317,56,1,virus
22967,224,1,virus
9300,16,0,virus
12260,168,0,virus
41501,6,0,virus
14006,168,0,virus
11582,2,0,virus
16685,103,0,virus
37213,135,1,virus
33692,166,0,virus
11131,2,0,virus
5623,68,0,virus
7718,24,1,virus
35340,43,1,virus
10509,222,0,virus
3848,49,1,virus
29602,21,0,virus
32951,21,0,virus
25041,54,1,virus
20800,14,0,virus
10203,9,0,virus
43697,162,1,virus
39002,2,0,virus
46430,43,0,virus
13960,168,0,virus
48187,59,0,virus
35594,13,0,virus
32002,262,1,virus
12985,168,0,virus
33290,43,0,virus
19349,18,0,virus
995,54,1,virus
33929,43,0,virus
30842,18,0,virus
32860,18,0,virus
12229,6,1,virus
15622,14,0,virus
12620,10,0,virus
39841,72,1,virus
40355,189,1,virus
23518,23,1,virus
14276,103,0,virus
15425,0,0,virus
26594,60,0,virus
52364,159,1,virus
26268,2,0,virus
5400,2,0,virus
4644,18,1,virus
8935,16,0,virus
45819,64,1,virus
13552,168,0,virus
43368,239,1,virus
25032,100,1,virus
52561,262,1,virus
45080,136,1,virus
12794,220,0,virus
16353,0,0,virus
48758,43,1,virus
49587,6,1,virus
46786,43,0,virus
31331,18,0,virus
51208,269,0,virus
35706,222,1,virus
10308,16,1,virus
16333,2,0,virus
30883,18,0,virus
3401,189,1,virus
783,22,1,virus
53055,262,0,virus
47849,159,0,virus
29683,43,0,virus
34365,21,0,virus
16746,0,0,virus
45635,64,1,virus
49093,261,0,virus
7107,24,0,virus
52322,250,1,virus
16129,17,0,virus
45719,64,1,virus
13311,16,1,virus
989,34,1,virus
32565,18,0,virus
38941,20,1,virus
38349,24,1,virus
24551,2,1,virus
18850,17,0,virus
11034,16,0,virus
21580,2,1,virus
26616,60,0,virus
18882,168,0,virus
38835,20,1,virus
50959,43,1,virus
21069,16,1,virus
3647,42,1,virus
41964,216,0,virus
36674,189,1,virus
37463,54,0,virus
33619,21,0,virus
37837,24,1,virus
24321,20,1,virus
9451,27,0,virus
266,183,1,virus
32627,21,0,virus
5239,2,0,virus
12791,6,0,virus
32430,21,0,virus
9568,6,1,virus
30541,21,0,virus
8538,9,1,virus
43113,41,0,virus
13208,16,1,virus
30651,18,0,virus
37024,183,1,virus
43607,162,1,virus
30725,18,0,virus
21948,16,1,virus
18748,102,0,virus
574,15,1,virus
24463,16,0,virus
4173,2,1,virus
14685,20,0,virus
13298,16,0,virus
41351,207,0,virus
19888,5,0,virus
3220,24,1,virus
232,23,1,virus
1364,22,1,virus
41058,54,1,virus
6033,222,0,virus
40746,194,0,virus
44885,136,1,virus
54062,262,0,virus
23587,54,1,virus
8556,6,1,virus
25627,222,0,virus
19102,102,0,virus
33555,164,0,virus
34036,18,0,virus
32489,18,0,virus
13024,41,0,virus
13651,168,0,virus
822,56,1,virus
34028,21,0,virus
40108,135,0,virus
16435,14,0,virus
13492,168,0,virus
21552,222,0,virus
30138,18,0,virus
23045,23,1,virus
11218,168,1,virus
10471,278,0,virus
20573,222,0,virus
28883,18,0,virus
22351,5,0,virus
6051,56,0,virus
50874,43,0,virus
10209,9,0,virus
52376,232,1,virus
37542,13,0,virus
6730,189,1,virus
23750,136,1,virus
43382,239,1,virus
12127,168,1,virus
11014,73,0,virus
33637,18,0,virus
35973,189,1,virus
11440,56,1,virus
3184,6,1,virus
52939,262,0,virus
38054,183,1,virus
14925,4,0,virus
54633,6,0,virus
14369,59,0,virus
23856,54,1,virus
266,6,1,virus
45381,163,0,virus
16470,106,0,virus
13831,56,1,virus
22414,16,1,virus
23215,59,0,virus
52066,262,1,virus
50169,155,1,virus
8843,2,0,virus
8320,2,1,virus
37566,189,1,virus
47747,262,0,virus
8779,9,1,virus
20871,16,0,virus
48225,59,0,virus
37758,24,1,virus
29825,21,0,virus
51901,262,1,virus
32921,18,0,virus
12424,168,0,virus
44722,239,1,virus
37489,13,1,virus
24512,23,1,virus
32746,21,0,virus
7145,56,1,virus
51367,262,1,virus
35897,24,1,virus
35633,43,1,virus
11439,56,1,virus
27759,102,0,virus
34123,17,0,virus
35043,16,1,virus
13341,168,1,virus
55102,126,0,virus
42791,188,1,virus
29654,18,0,virus
8152,189,1,virus
7919,24,1,virus
54446,16,0,virus
11854,16,0,virus
222,23,1,virus
2701,24,1,virus
40320,6,1,virus
42706,204,0,virus
23516,22,1,virus
24796,4,0,virus
18953,0,0,virus
28580,18,0,virus
20037,41,0,virus
8611,56,1,virus
3701,48,1,virus
49941,155,1,virus
13914,2,0,virus
32584,21,0,virus
32509,21,0,virus
34705,21,0,virus
20667,10,0,virus
25780,145,0,virus
29894,21,0,virus
3885,24,0,virus
49687,6,1,virus
1527,168,1,virus
28784,43,0,virus
4820,49,1,virus
45776,64,1,virus
24404,2,0,virus
21942,168,1,virus
36479,24,1,virus
11165,16,0,virus
31024,43,1,virus
10229,56,1,virus
11562,6,1,virus
32632,21,1,virus
35183,146,0,virus
18999,168,0,virus
8836,16,0,virus
27779,21,0,virus
11067,2,0,virus
13560,2,1,virus
28798,18,0,virus
24930,150,0,virus
241,137,1,virus
38087,135,1,virus
9881,9,1,virus
2964,6,1,virus
18360,16,0,virus
22986,23,1,virus
9124,41,0,virus
8799,189,1,virus
21571,220,1,virus
25931,2,0,virus
15051,168,0,virus
7329,189,1,virus
2641,24,1,virus
2146,17,0,virus
34003,21,0,virus
36985,22,0,virus
1238,2,0,virus
37472,13,1,virus
9520,9,0,virus
9466,24,1,virus
4099,2,1,virus
37264,24,0,virus
25956,2,1,virus
25752,126,0,virus
3664,48,1,virus
32280,21,0,virus
19004,168,0,virus
3217,6,1,virus
18668,16,1,virus
30438,18,0,virus
24307,16,1,virus
816,8,1,virus
11787,168,1,virus
43428,162,1,virus
25398,100,0,virus
22145,9,0,virus
30421,21,0,virus
32373,18,0,virus
13461,20,0,virus
15305,16,0,virus
8904,2,0,virus
53811,262,0,virus
35928,189,1,virus
20204,5,0,virus
29447,21,0,virus
20600,16,0,virus
948,8,1,virus
34941,16,1,virus
38275,24,1,virus
38860,20,1,virus
31619,21,0,virus
2532,3,1,virus
16465,2,0,virus
44167,34,1,virus
47996,43,1,virus
14014,16,0,virus
55020,20,0,virus
44120,239,1,virus
28070,21,0,virus
32601,18,0,virus
32998,18,0,virus
13355,2,0,virus
15082,103,0,virus
52166,262,1,virus
45852,191,1,virus
21346,168,1,virus
33326,21,0,virus
17093,114,0,virus
13746,16,0,virus
21696,13,0,virus
54221,262,0,virus
21363,168,1,virus
31228,18,0,virus
20037,59,0,virus
27785,17,0,virus
22910,54,1,virus
385,9,0,virus
7935,24,1,virus
15089,18,0,virus
35749,173,0,virus
28127,2,1,virus
34661,18,0,virus
45218,59,0,virus
37722,20,1,virus
30824,21,0,virus
24256,138,0,virus
12769,2,1,virus
51838,262,1,virus
39257,24,1,virus
45916,191,1,virus
13337,222,1,virus
5412,2,1,virus
10614,24,0,virus
33023,21,0,virus
4798,49,1,virus
40117,189,1,virus
25639,222,0,virus
35746,13,0,virus
37798,24,1,virus
44923,136,1,virus
51213,262,0,virus
7384,41,0,virus
16527,168,0,virus
35178,172,1,virus
32675,21,0,virus
16613,103,0,virus
54450,168,0,virus
25130,8,1,virus
29242,43,0,virus
13419,191,0,virus
251,20,1,virus
54163,262,0,virus
12271,16,0,virus
7622,197,1,virus
7705,189,1,virus
17699,18,0,virus
15699,0,0,virus
6815,24,1,virus
22807,16,0,virus
24100,168,0,virus
38969,20,1,virus
36909,2,1,virus
35639,173,0,virus
52104,262,1,virus
27941,2,0,virus
8106,191,1,virus
33981,43,0,virus
31085,18,0,virus
6281,6,0,virus
48828,237,1,virus
22913,22,1,virus
22878,42,1,virus
224,22,1,virus
1627,15,1,virus
22103,125,0,virus
1363,22,1,virus
47395,43,0,virus
2141,2,0,virus
52933,262,0,virus
22974,54,1,virus
31600,18,0,virus
20819,55,1,virus
30220,21,0,virus
43335,6,1,virus
19017,16,0,virus
43324,6,1,virus
28667,43,0,virus
45040,136,1,virus
32737,18,0,virus
33248,43,1,virus
29489,43,0,virus
229,54,1,virus
4272,31,1,virus
51775,262,1,virus
4576,48,1,virus
24133,23,1,virus
1283,9,0,virus
20519,14,0,virus
6874,189,1,virus
10397,9,0,virus
40891,135,1,virus
34010,18,0,virus
11804,168,0,virus
33067,21,0,virus
18540,112,0,virus
18229,14,0,virus
34001,21,0,virus
26139,43,0,virus
28121,24,0,virus
23022,224,1,virus
1403,2,0,virus
30449,21,0,virus
55148,126,0,virus
38118,24,1,virus
31649,18,0,virus
39198,23,1,virus
52317,59,1,virus
36109,189,1,virus
5854,168,0,virus
3856,2,1,virus
45943,255,1,virus
51854,262,1,virus
39536,43,1,virus
16162,5,0,virus
9568,2,1,virus
3637,61,0,virus
27319,6,1,virus
14952,18,0,virus
31896,21,0,virus
4505,61,0,virus
14730,273,0,virus
40457,6,1,virus
322,0,0,virus
32705,21,0,virus
12518,16,0,virus
2924,8,1,virus
9104,9,0,virus
33762,21,1,virus
13646,168,0,virus
6842,24,1,virus
55030,222,1,virus
24732,78,0,virus
16078,103,0,virus
13205,6,1,virus
26219,43,0,virus
6699,56,1,virus
18356,18,0,virus
33289,18,0,virus
605,34,1,virus
48434,136,1,virus
26740,43,0,virus
44365,6,1,virus
22414,222,0,virus
17115,103,0,virus
27237,43,1,virus
55072,222,1,virus
18314,111,0,virus
35797,24,1,virus
1273,22,1,virus
7800,43,0,virus
11724,88,1,virus
12570,91,0,virus
590,137,1,virus
33737,21,0,virus
33278,21,0,virus
1799,189,0,virus
22279,168,1,virus
28864,18,0,virus
28697,18,0,virus
37009,183,1,virus
45185,59,1,virus
22920,23,1,virus
22840,42,1,virus
39985,262,1,virus
52349,250,1,virus
12771,222,1,virus
54218,262,0,virus
25535,2,1,virus
2653,24,1,virus
54723,2,1,virus
41715,112,0,virus
48790,43,1,virus
2749,54,1,virus
33706,164,0,virus
20811,222,1,virus
25691,17,0,virus
34270,18,0,virus
18848,17,0,virus
20870,5,0,virus
36970,13,1,virus
32713,21,0,virus
46991,43,0,virus
49688,6,1,virus
35567,189,1,virus
1756,5,0,virus
33861,21,0,virus
18105,43,0,virus
34079,21,0,virus
19982,126,1,virus
28727,18,0,virus
30582,18,0,virus
34040,18,0,virus
31199,18,0,virus
903,34,1,virus
19317,103,0,virus
31395,2,1,virus
36332,189,1,virus
3355,24,0,virus
28226,2,0,virus
9595,189,1,virus
23222,6,1,virus
21595,2,0,virus
18976,126,0,virus
6212,16,0,virus
45048,136,1,virus
39054,222,1,virus
6261,47,1,virus
38788,20,1,virus
14153,59,0,virus
41068,54,1,virus
42636,14,0,virus
11740,41,0,virus
24418,16,0,virus
12027,2,1,virus
21710,16,0,virus
44968,136,1,virus
24545,113,0,virus
24304,134,0,virus
38270,24,1,virus
12893,2,1,virus
7087,2,0,virus
24923,9,1,virus
30471,43,0,virus
16141,2,0,virus
46181,43,0,virus
12526,168,0,virus
36415,24,1,virus
13403,168,1,virus
32422,18,0,virus
13023,168,0,virus
34573,18,0,virus
17576,14,0,virus
14405,18,0,virus
33672,18,0,virus
38708,20,1,virus
1374,9,0,virus
48194,59,0,virus
25047,54,1,virus
25428,2,1,virus
8771,22,0,virus
21969,16,1,virus
22997,22,1,virus
55069,220,0,virus
2141,168,0,virus
33445,43,1,virus
52040,262,1,virus
34898,16,1,virus
9261,2,1,virus
44322,6,1,virus
48574,250,1,virus
37147,24,1,virus
53785,262,0,virus
22609,222,0,virus
42447,13,0,virus
43974,239,1,virus
48520,237,1,virus
9824,2,0,virus
27402,8,1,virus
19023,168,0,virus
49300,264,1,virus
39930,43,1,virus
24690,20,0,virus
21345,16,1,virus
2709,44,1,virus
13976,16,1,virus
38665,22,1,virus
4125,6,1,virus
36843,24,1,virus
37191,183,1,virus
13378,91,1,virus
31614,21,0,virus
26770,2,0,virus
6630,42,0,virus
8406,2,0,virus
15610,14,0,virus
15547,18,0,virus
14042,168,0,virus
44695,239,1,virus
36691,135,1,virus
9406,2,1,virus
15588,20,0,virus
47743,262,0,virus
8201,24,0,virus
13903,168,0,virus
33058,21,0,virus
5476,24,1,virus
15494,18,0,virus
27611,2,1,virus
33283,21,0,virus
44008,237,1,virus
6718,24,0,virus
13324,2,1,virus
42792,189,1,virus
31897,21,0,virus
51637,262,1,virus
21805,20,0,virus
31325,43,1,virus
14812,114,0,virus
18283,18,0,virus
6825,189,1,virus
32687,18,0,virus
39185,23,1,virus
14250,0,0,virus
30214,18,0,virus
41024,6,1,virus
35702,2,0,virus
21072,16,1,virus
3936,184,0,virus
41066,54,1,virus
20805,2,1,virus
22876,42,1,virus
49525,6,1,virus
53611,43,0,virus
2249,15,1,virus
15035,18,0,virus
2335,15,1,virus
9084,56,0,virus
3605,24,1,virus
40171,189,1,virus
47971,59,1,virus
17816,107,0,virus
39275,24,1,virus
36837,24,0,virus
49751,43,0,virus
33316,18,0,virus
33457,18,0,virus
29829,21,0,virus
33514,21,0,virus
47758,43,0,virus
4486,24,0,virus
31927,30,1,virus
9776,6,1,virus
18036,106,0,virus
38931,20,1,virus
12079,168,0,virus
46530,43,0,virus
14069,16,0,virus
5691,56,1,virus
47728,43,0,virus
34963,16,1,virus
32376,21,0,virus
39345,20,0,virus
45112,242,1,virus
3803,6,1,virus
11847,168,1,virus
13022,72,0,virus
23598,54,1,virus
33315,21,1,virus
7598,190,1,virus
15812,0,0,virus
41356,206,0,virus
1366,137,1,virus
21943,16,1,virus
14210,16,0,virus
8582,16,1,virus
5952,24,1,virus
44423,6,1,virus
15508,0,0,virus
30558,21,0,virus
39154,222,0,virus
13327,6,1,virus
38943,20,1,virus
20025,59,0,virus
49646,6,1,virus
11340,2,1,virus
38924,20,1,virus
31240,43,0,virus
11110,222,1,virus
837,9,1,virus
35099,16,1,virus
29542,18,0,virus
4412,24,1,virus
345,18,0,virus
3624,4,0,virus
47483,43,0,virus
19539,106,0,virus
1588,5,0,virus
49499,237,0,virus
22042,2,1,virus
17500,14,0,virus
41349,207,0,virus
6945,189,1,virus
33587,21,0,virus
26248,24,1,virus
22262,16,0,virus
23034,54,1,virus
27638,4,0,virus
36735,135,1,virus
18575,102,0,virus
16126,17,0,virus
33137,21,0,virus
49589,6,1,virus
32009,21,0,virus
52399,59,1,virus
383,9,0,virus
21537,2,0,virus
25500,2,1,virus
18264,111,0,virus
3455,3,0,virus
25067,100,0,virus
3801,24,1,virus
1643,201,1,virus
5103,2,1,virus
33713,18,0,virus
14099,16,0,virus
35187,247,0,virus
12198,6,1,virus
27135,24,1,virus
3663,48,1,virus
45794,64,1,virus
44484,239,1,virus
37850,189,1,virus
29997,21,1,virus
49996,155,1,virus
22619,20,1,virus
6953,189,1,virus
46958,43,0,virus
2263,6,1,virus
31963,18,0,virus
3662,48,1,virus
42459,0,0,virus
9017,24,1,virus
33056,18,0,virus
9605,2,0,virus
25960,2,0,virus
7033,189,1,virus
39436,22,1,virus
3738,191,1,virus
28688,166,0,virus
3972,24,1,virus
23520,54,1,virus
9777,2,1,virus
13780,126,0,virus
6758,24,1,virus
12997,220,1,virus
7039,9,0,virus
54519,16,0,virus
3679,191,1,virus
31202,21,0,virus
54017,262,0,virus
51812,262,1,virus
18744,102,0,virus
8996,24,0,virus
31463,18,0,virus
12844,16,0,virus
16189,0,0,virus
33050,18,0,virus
12624,2,1,virus
9859,2,1,virus
11946,2,0,virus
51774,262,1,virus
9350,24,1,virus
1908,2,0,virus
47562,43,0,virus
512,25,0,virus
1437,6,1,virus
52365,232,1,virus
48842,237,1,virus
32465,21,0,virus
38181,13,1,virus
12745,16,0,virus
45661,64,1,virus
52131,262,1,virus
44658,239,1,virus
27089,140,0,virus
37641,18,0,virus
24102,168,0,virus
4899,25,0,virus
31989,21,0,virus
21368,125,0,virus
14455,10,0,virus
32868,21,0,virus
39650,20,1,virus
4242,2,1,virus
9352,24,1,virus
37899,20,1,virus
32599,18,0,virus
10592,59,0,virus
13227,9,1,virus
32573,18,0,virus
15728,16,1,virus
8705,77,0,virus
8207,44,0,virus
43399,239,1,virus
43729,162,1,virus
22765,16,0,virus
38827,20,1,virus
25557,222,1,virus
31202,18,0,virus
37088,24,1,virus
43424,162,1,virus
45080,242,1,virus
7799,59,0,virus
20249,2,1,virus
20422,5,0,virus
3887,48,1,virus
43403,239,1,virus
20076,16,1,virus
39028,220,1,virus
32505,21,0,virus
4767,49,1,virus
22569,16,0,virus
25472,222,1,virus
7234,22,0,virus
10581,84,0,virus
223,22,1,virus
30386,21,0,virus
20310,5,0,virus
37176,189,1,virus
595,23,1,virus
45073,242,1,virus
24379,55,0,virus
17072,18,0,virus
15037,2,0,virus
6310,70,0,virus
6107,9,0,virus
23759,136,1,virus
7888,6,0,virus
44434,239,1,virus
31635,21,0,virus
599,54,1,virus
4990,25,1,virus
11916,59,0,virus
54054,262,0,virus
6947,189,1,virus
33693,164,0,virus
18494,18,0,virus
19311,0,0,virus
11349,168,1,virus
5014,25,1,virus
45043,242,1,virus
50027,155,1,virus
8824,77,0,virus
44925,136,1,virus
20448,56,0,virus
15457,14,0,virus
18613,103,0,virus
25040,23,1,virus
14108,222,0,virus
32955,21,0,virus
610,34,1,virus
33740,21,1,virus
30518,18,0,virus
26029,6,0,virus
35260,43,1,virus
38960,135,1,virus
8731,2,0,virus
27233,43,1,virus
6402,2,1,virus
21128,56,0,virus
48496,237,1,virus
32562,18,0,virus
5491,25,1,virus
40975,135,1,virus
18868,18,0,virus
33363,43,0,virus
42631,14,0,virus
14168,168,0,virus
17101,104,0,virus
48652,43,0,virus
34134,43,1,virus
15768,5,0,virus
45613,64,1,virus
34133,43,1,virus
30789,21,0,virus
13821,56,1,virus
22016,9,0,virus
43246,6,1,virus
18391,106,0,virus
32421,18,0,virus
28935,21,0,virus
25134,8,1,virus
12510,168,0,virus
52353,250,1,virus
4342,42,1,virus
44765,136,1,virus
20314,16,0,virus
14249,0,0,virus
44401,6,1,virus
35082,16,1,virus
54344,43,1,virus
9800,42,1,virus
30609,164,0,virus
2630,43,1,virus
1760,5,0,virus
33169,18,0,virus
23029,23,1,virus
43564,162,1,virus
22904,224,1,virus
4688,34,1,virus
47469,43,0,virus
25029,23,1,virus
13128,74,0,virus
30994,18,0,virus
9665,75,0,virus
9055,2,0,virus
426,8,1,virus
23872,54,1,virus
52047,262,1,virus
7951,56,1,virus
589,23,1,virus
38694,20,1,virus
4793,49,1,virus
39292,20,1,virus
46912,43,0,virus
755,9,1,virus
33012,18,0,virus
30125,21,0,virus
34686,21,0,virus
22646,222,0,virus
22582,13,0,virus
16680,18,0,virus
31209,30,1,virus
28960,18,0,virus
43645,162,1,virus
33390,18,0,virus
4356,54,1,virus
25299,20,1,virus
8104,2,1,virus
38481,135,1,virus
14156,4,0,virus
6508,22,1,virus
38928,20,1,virus
18904,0,0,virus
10217,9,0,virus
8861,16,0,virus
45443,59,0,virus
24628,20,1,virus
3961,24,1,virus
32979,18,0,virus
21350,14,0,virus
12852,222,1,virus
55133,168,0,virus
2102,56,0,virus
15711,0,0,virus
19984,126,0,virus
11497,22,0,virus
30285,21,0,virus
9840,75,0,virus
44937,136,1,virus
12190,6,1,virus
49239,191,1,virus
23917,2,0,virus
43236,6,1,virus
38953,20,1,virus
14115,168,0,virus
1191,24,1,virus
11388,222,0,virus
5185,189,1,virus
31909,18,0,virus
10714,2,1,virus
48925,261,1,virus
31919,18,0,virus
7628,189,1,virus
52323,159,1,virus
21276,272,1,virus
46764,43,0,virus
35187,248,0,virus
49584,6,1,virus
24404,16,0,virus
33695,164,0,virus
33817,18,0,virus
27013,6,1,virus
18662,222,0,virus
18856,18,0,virus
34708,21,0,virus
11674,91,0,virus
11869,2,1,virus
10952,189,0,virus
33454,18,0,virus
23172,54,0,virus
15162,0,0,virus
12224,16,1,virus
54688,2,1,virus
7516,24,1,virus
11421,9,1,virus
30387,21,0,virus
14246,0,0,virus
20309,126,0,virus
15763,14,0,virus
41271,100,1,virus
22967,23,1,virus
30557,18,0,virus
42870,189,1,virus
1263,191,1,virus
22091,95,0,virus
20514,5,0,virus
38692,144,0,virus
49272,43,1,virus
3428,23,0,virus
10921,56,1,virus
8770,13,0,virus
18222,16,0,virus
52067,262,1,virus
48738,43,1,virus
41043,91,1,virus
8877,16,0,virus
46583,43,1,virus
15564,0,0,virus
33735,164,0,virus
37713,24,1,virus
31341,262,0,virus
24623,20,1,virus
44301,6,1,virus
41179,6,1,virus
9928,9,0,virus
1859,56,1,virus
45332,59,0,virus
44921,136,1,virus
50223,155,1,virus
17826,103,0,virus
33658,21,0,virus
38519,24,1,virus
30489,18,0,virus
34233,21,0,virus
30049,30,1,virus
21522,2,0,virus
13223,9,1,virus
33857,18,0,virus
41356,91,0,virus
40039,135,1,virus
52328,159,1,virus
21238,14,0,virus
54197,262,0,virus
23241,135,0,virus
45828,64,1,virus
45810,64,1,virus
33836,18,0,virus
32322,21,0,virus
52169,262,1,virus
10544,77,0,virus
45950,255,1,virus
44043,189,1,virus
30202,21,0,virus
26015,2,1,virus
24895,20,0,virus
171,9,1,virus
14836,0,0,virus
15515,14,0,virus
7437,24,1,virus
39836,182,1,virus
13919,2,0,virus
7321,24,1,virus
21779,5,0,virus
13458,2,0,virus
46544,43,0,virus
16582,107,0,virus
23053,23,1,virus
32651,21,0,virus
32481,21,1,virus
38726,20,1,virus
8102,191,1,virus
36450,24,1,virus
11446,56,1,virus
37084,24,1,virus
4861,34,1,virus
12961,168,0,virus
34381,21,0,virus
34265,18,0,virus
23823,54,1,virus
17853,220,1,virus
34270,21,0,virus
27705,18,0,virus
28064,91,0,virus
29494,43,0,virus
24730,20,0,virus
37186,183,1,virus
9440,189,1,virus
52753,262,1,virus
44206,241,1,virus
11126,2,0,virus
168,9,1,virus
46956,43,0,virus
33564,18,0,virus
5649,25,1,virus
11621,222,0,virus
52327,159,1,virus
40644,194,0,virus
30268,18,0,virus
37096,24,1,virus
8589,2,0,virus
30024,30,0,virus
2176,5,0,virus
2322,16,0,virus
16786,18,0,virus
51757,262,1,virus
17803,18,0,virus
87,13,1,virus
5949,24,1,virus
20864,16,1,virus
11362,222,1,virus
10509,16,0,virus
11419,9,1,virus
54670,113,0,virus
23589,136,1,virus
3659,48,1,virus
1451,2,1,virus
2373,74,0,virus
54124,262,0,virus
41286,54,1,virus
49174,261,0,virus
14316,103,0,virus
33088,18,0,virus
53282,262,1,virus
10614,189,0,virus
52596,262,1,virus
47755,43,0,virus
49196,261,0,virus
20675,126,0,virus
505,25,1,virus
13825,9,1,virus
8797,24,1,virus
7818,56,0,virus
31389,21,0,virus
12763,6,1,virus
44416,6,1,virus
2036,0,0,virus
8293,77,0,virus
17274,2,0,virus
50947,43,0,virus
40347,189,1,virus
20341,10,0,virus
31119,43,1,virus
38819,20,1,virus
4987,25,1,virus
45051,242,1,virus
34161,43,1,virus
4975,45,0,virus
50122,155,1,virus
34465,2,1,virus
33412,18,0,virus
5819,50,0,virus
45623,64,1,virus
22743,16,0,virus
14984,108,1,virus
44927,136,1,virus
40164,189,0,virus
3573,2,0,virus
49715,43,1,virus
26728,168,1,virus
8772,13,0,virus
28089,21,0,virus
40239,189,1,virus
32883,18,0,virus
20808,222,1,virus
24186,222,1,virus
26028,6,0,virus
37442,54,1,virus
5480,55,1,virus
5655,52,0,virus
52328,232,1,virus
45281,251,1,virus
15040,18,0,virus
32351,43,0,virus
21406,5,0,virus
6897,24,1,virus
51878,262,1,virus
12144,16,0,virus
8805,2,0,virus
39769,22,1,virus
757,54,1,virus
12712,222,0,virus
15703,0,0,virus
47103,43,0,virus
11579,20,1,virus
7202,9,0,virus
28673,21,0,virus
46557,43,0,virus
33976,18,0,virus
44982,136,1,virus
15164,59,0,virus
18984,168,1,virus
11923,16,0,virus
32182,21,0,virus
7994,191,1,virus
52160,262,1,virus
15031,0,0,virus
49256,43,1,virus
52376,159,1,virus
7876,24,1,virus
1157,56,0,virus
40271,189,1,virus
22927,54,1,virus
32431,18,0,virus
38556,189,1,virus
1045,54,1,virus
33503,18,0,virus
285,9,0,virus
14999,2,1,virus
42732,100,0,virus
1134,0,0,virus
11845,168,1,virus
49990,155,1,virus
8867,24,0,virus
20633,222,0,virus
22947,54,1,virus
50987,43,0,virus
15751,112,0,virus
12080,168,0,virus
16466,14,0,virus
34382,18,0,virus
19408,168,0,virus
39732,23,1,virus
52060,262,1,virus
3030,48,1,virus
47619,43,0,virus
32272,43,0,virus
20528,59,1,virus
32799,18,0,virus
51003,43,0,virus
38343,24,1,virus
22563,132,0,virus
38057,183,1,virus
36241,59,0,virus
25385,23,1,virus
4484,16,0,virus
22696,222,0,virus
11563,6,1,virus
48391,43,0,virus
37176,24,1,virus
38513,189,1,virus
32731,18,0,virus
6518,56,0,virus
25245,6,0,virus
4129,2,1,virus
15603,16,0,virus
24881,118,0,virus
39221,13,1,virus
21803,5,0,virus
4643,18,1,virus
3936,16,0,virus
10950,6,0,virus
38039,183,1,virus
15462,14,0,virus
34250,21,0,virus
47844,159,0,virus
47545,43,0,virus
52335,250,1,virus
38324,24,1,virus
1663,135,1,virus
26870,21,0,virus
31403,43,0,virus
33760,18,0,virus
37996,24,1,virus
169,9,1,virus
37047,23,1,virus
43381,239,1,virus
31538,18,0,virus
27924,2,1,virus
1778,2,1,virus
23521,54,1,virus
21679,222,1,virus
26722,168,1,virus
32953,21,0,virus
39319,59,1,virus
4587,48,1,virus
33435,21,0,virus
23833,54,1,virus
1045,34,1,virus
29838,21,0,virus
38464,183,1,virus
1107,9,0,virus
44384,6,1,virus
33843,18,0,virus
33111,21,0,virus
51027,43,0,virus
38097,2,1,virus
22823,20,0,virus
22806,222,0,virus
44897,136,1,virus
25984,2,1,virus
11626,222,0,virus
50172,155,1,virus
54090,262,0,virus
17764,105,0,virus
19287,0,0,virus
21148,5,0,virus
13255,6,1,virus
40288,189,1,virus
28876,18,0,virus
36806,24,1,virus
896,8,1,virus
7169,9,0,virus
6804,189,1,virus
1324,9,1,virus
26994,6,1,virus
23846,136,1,virus
552,2,1,virus
329,8,1,virus
40326,189,1,virus
42794,188,1,virus
22855,42,1,virus
8377,24,1,virus
21940,168,1,virus
11849,2,0,virus
9931,80,0,virus
45903,191,1,virus
38592,24,1,virus
5931,16,0,virus
30631,18,0,virus
47790,43,0,virus
4275,24,1,virus
32853,21,0,virus
41273,100,1,virus
45053,242,1,virus
20301,5,0,virus
22875,42,1,virus
45638,64,1,virus
14445,10,0,virus
47114,43,0,virus
6813,24,1,virus
25382,23,1,virus
37608,24,1,virus
36291,61,0,virus
18044,103,0,virus
36821,24,1,virus
19419,168,1,virus
9436,24,1,virus
23649,136,1,virus
31001,4,1,virus
35268,24,1,virus
48260,59,0,virus
35497,43,1,virus
4685,54,1,virus
26730,168,0,virus
228,22,1,virus
54022,262,0,virus
766,22,1,virus
35564,135,1,virus
43004,6,0,virus
28034,102,0,virus
19009,16,0,virus
9245,16,0,virus
2627,13,1,virus
10221,56,0,virus
243,54,1,virus
4976,45,0,virus
26221,24,1,virus
27250,262,1,virus
32952,21,0,virus
39154,2,0,virus
14215,0,0,virus
54205,262,0,virus
28709,272,1,virus
22037,5,0,virus
36475,43,0,virus
15644,102,0,virus
20515,168,1,virus
17955,14,0,virus
37073,13,0,virus
5153,24,1,virus
24557,20,0,virus
13993,168,0,virus
8408,191,1,virus
11261,2,1,virus
17127,168,0,virus
996,34,1,virus
40746,3,0,virus
14224,102,0,virus
33083,21,0,virus
28275,18,0,virus
27090,140,0,virus
46122,255,1,virus
16907,13,0,virus
34282,18,0,virus
10652,9,0,virus
42873,189,1,virus
43461,162,1,virus
30993,21,0,virus
35717,6,1,virus
32563,21,0,virus
52061,262,1,virus
52200,262,1,virus
52088,262,1,virus
39726,20,1,virus
5340,24,0,virus
32673,164,0,virus
19229,18,0,virus
44753,136,1,virus
30498,21,0,virus
35709,13,0,virus
16043,106,0,virus
49726,43,1,virus
293,2,0,virus
48837,237,1,virus
35761,173,0,virus
24627,20,1,virus
15874,16,0,virus
43053,6,0,virus
52328,43,1,virus
22384,16,0,virus
32673,18,0,virus
17676,18,0,virus
39777,23,1,virus
873,1,0,virus
32657,21,0,virus
47875,43,0,virus
1045,34,1,virus
13003,220,1,virus
7649,2,0,virus
39637,20,1,virus
32182,18,0,virus
25362,6,0,virus
13733,168,0,virus
31643,21,0,virus
759,9,1,virus
39742,23,1,virus
52773,262,1,virus
24307,168,1,virus
22597,59,0,virus
21638,16,0,virus
14118,168,0,virus
24537,41,0,virus
31580,21,0,virus
45580,43,1,virus
11943,222,0,virus
14119,222,1,virus
13889,72,0,virus
996,8,1,virus
43679,162,1,virus
4619,168,0,virus
226,137,1,virus
22890,42,1,virus
17942,18,0,virus
14858,18,0,virus
7955,16,0,virus
55170,17,1,virus
38564,24,1,virus
20068,168,0,virus
25061,23,1,virus
936,34,1,virus
22042,222,1,virus
37477,22,1,virus
45627,191,1,virus
38022,20,1,virus
11796,16,1,virus
17897,5,0,virus
44192,241,1,virus
45786,64,1,virus
11809,222,0,virus
40261,6,0,virus
33567,21,0,virus
20642,2,0,virus
9295,16,0,virus
28642,2,1,virus
44366,6,1,virus
45230,253,0,virus
45072,242,1,virus
42611,14,0,virus
34832,85,0,virus
30194,21,0,virus
26368,41,1,virus
51244,43,0,virus
33767,21,0,virus
26213,43,0,virus
31270,21,0,virus
12606,91,0,virus
19812,103,0,virus
32813,21,0,virus
32924,21,0,virus
11334,2,1,virus
25767,153,0,virus
22289,168,1,virus
18091,0,0,virus
45631,191,1,virus
14,2,0,virus
12510,16,0,virus
41123,54,1,virus
37324,22,1,virus
41288,54,1,virus
42793,188,1,virus
23766,54,1,virus
7929,59,0,virus
40390,6,0,virus
772,56,1,virus
47127,43,0,virus
10548,2,0,virus
39197,22,1,virus
18048,112,0,virus
29526,21,0,virus
29158,18,0,virus
12902,222,1,virus
32197,21,0,virus
1309,15,1,virus
776,9,1,virus
33052,18,0,virus
8066,191,1,virus
19138,0,0,virus
17035,16,0,virus
54830,6,1,virus
38192,24,1,virus
23744,54,1,virus
22094,125,0,virus
35322,43,1,virus
28500,17,0,virus
45119,242,1,virus
32392,18,0,virus
36325,190,1,virus
13670,168,1,virus
30206,21,0,virus
17774,18,0,virus
24681,2,0,virus
6040,16,1,virus
27275,162,0,virus
18736,16,0,virus
4492,61,0,virus
35687,222,0,virus
53556,43,0,virus
37156,135,1,virus
1805,16,1,virus
41843,216,0,virus
26447,43,0,virus
30563,18,0,virus
24510,23,1,virus
3981,24,1,virus
35997,24,1,virus
21567,222,1,virus
31941,43,0,virus
11339,2,1,virus
223,137,1,virus
43141,237,1,virus
2959,54,1,virus
53799,262,0,virus
7231,189,1,virus
963,8,1,virus
782,9,1,virus
5007,25,1,virus
9627,2,0,virus
21607,5,0,virus
802,9,1,virus
39527,24,1,virus
25453,222,1,virus
4674,54,1,virus
15775,18,0,virus
38034,183,1,virus
3067,49,0,virus
20949,168,1,virus
37685,13,1,virus
20397,10,1,virus
17262,16,0,virus
20003,168,0,virus
30514,21,0,virus
10451,9,1,virus
4154,6,0,virus
25236,222,1,virus
12581,168,0,virus
51615,262,1,virus
30178,18,0,virus
24721,20,0,virus
15695,18,0,virus
5443,62,1,virus
12807,2,0,virus
37647,18,0,virus
1764,5,0,virus
32010,165,0,virus
48437,136,1,virus
33369,43,0,virus
17038,16,0,virus
34658,21,0,virus
13471,16,0,virus
11954,168,1,virus
14392,103,0,virus
26379,43,1,virus
55144,126,0,virus
34844,16,1,virus
5574,24,1,virus
6949,24,1,virus
19804,14,0,virus
4220,34,1,virus
20903,16,1,virus
30237,18,0,virus
45771,191,1,virus
7401,47,1,virus
25064,100,1,virus
32148,164,0,virus
30100,21,0,virus
53992,262,0,virus
31854,21,0,virus
13251,16,1,virus
35652,2,0,virus
41177,6,1,virus
25153,16,0,virus
20468,2,0,virus
20515,16,1,virus
12427,168,0,virus
44742,239,1,virus
38241,135,1,virus
20956,168,1,virus
17123,222,0,virus
30969,25,0,virus
22158,16,0,virus
18378,16,0,virus
49636,6,1,virus
36330,24,1,virus
41776,216,0,virus
12396,222,0,virus
49670,6,1,virus
33711,165,0,virus
21297,5,0,virus
55158,222,1,virus
43162,238,0,virus
25486,222,1,virus
54525,56,0,virus
18566,2,0,virus
44426,6,1,virus
39789,22,1,virus
22565,168,0,virus
36748,135,1,virus
45228,59,0,virus
23355,55,0,virus
27008,43,1,virus
917,34,1,virus
24841,10,0,virus
10250,9,0,virus
38803,20,1,virus
33282,18,0,virus
23941,6,1,virus
31957,43,0,virus
10193,47,1,virus
26077,102,0,virus
17551,102,0,virus
21397,14,0,virus
1873,27,0,virus
16073,18,0,virus
26416,43,0,virus
31469,18,0,virus
5966,189,1,virus
14769,18,0,virus
5963,189,1,virus
25047,23,1,virus
29490,43,0,virus
12889,2,0,virus
45404,59,0,virus
30304,21,0,virus
21967,41,0,virus
51752,262,1,virus
18671,16,1,virus
35302,43,1,virus
42799,223,0,virus
11901,16,0,virus
6105,57,0,virus
31521,43,0,virus
24685,20,0,virus
25498,2,1,virus
37667,24,1,virus
2370,24,0,virus
28797,21,1,virus
52012,262,1,virus
7868,3,1,virus
34288,21,0,virus
54884,6,1,virus
4257,25,1,virus
9857,13,0,virus
223,54,1,virus
1495,2,1,virus
12932,34,1,virus
48719,31,1,virus
45833,191,1,virus
33734,18,0,virus
33423,43,1,virus
17352,2,0,virus
4838,34,1,virus
22964,54,1,virus
6362,189,0,virus
7261,9,1,virus
12297,16,1,virus
21360,168,1,virus
24942,2,1,virus
51927,262,1,virus
22970,22,1,virus
237,54,1,virus
5748,54,1,virus
21919,10,0,virus
18462,14,0,virus
44951,136,1,virus
4992,25,1,virus
19137,0,0,virus
16187,18,0,virus
34869,16,1,virus
12046,2,1,virus
46227,43,1,virus
48813,237,1,virus
15128,14,0,virus
37987,18,0,virus
11102,222,1,virus
24789,144,0,virus
10900,56,1,virus
8614,56,1,virus
48231,59,0,virus
9844,24,1,virus
26898,8,1,virus
44126,239,1,virus
6572,24,1,virus
25898,2,0,virus
22936,224,1,virus
19758,2,0,virus
29162,18,0,virus
54559,6,0,virus
34501,43,1,virus
7292,6,0,virus
8051,191,1,virus
39069,2,1,virus
23755,136,1,virus
22693,2,0,virus
32680,21,0,virus
11624,2,0,virus
55090,4,0,virus
54840,6,1,virus
45428,145,0,virus
31591,21,0,virus
10229,9,1,virus
52887,262,1,virus
24468,222,1,virus
18675,168,0,virus
9997,56,0,virus
32331,18,0,virus
43370,239,1,virus
25048,100,1,virus
32185,43,0,virus
25694,17,0,virus
1180,10,0,virus
21460,2,1,virus
39602,20,1,virus
13586,168,0,virus
14031,168,0,virus
17430,64,0,virus
3428,22,0,virus
24754,150,0,virus
40246,189,1,virus
33761,166,0,virus
13511,168,0,virus
2512,3,0,virus
28698,56,0,virus
34754,85,0,virus
26158,2,0,virus
38032,135,1,virus
24924,2,1,virus
3405,189,1,virus
5770,54,1,virus
42901,13,0,virus
42437,105,0,virus
25057,100,1,virus
14878,0,0,virus
6185,49,1,virus
33600,21,0,virus
16490,16,0,virus
30308,21,0,virus
22263,16,0,virus
3398,42,0,virus
43553,162,1,virus
49571,6,1,virus
44160,239,1,virus
28889,21,0,virus
15409,2,0,virus
20925,16,1,virus
25670,2,1,virus
41713,112,0,virus
40055,135,1,virus
6663,9,1,virus
26018,2,1,virus
27306,2,1,virus
13534,222,0,virus
30512,21,0,virus
1783,6,1,virus
30231,21,0,virus
37163,24,1,virus
34238,21,0,virus
23062,22,1,virus
19472,18,0,virus
31634,21,0,virus
10744,24,0,virus
19124,18,0,virus
29897,18,0,virus
28353,2,0,virus
21855,14,0,virus
27062,91,0,virus
7297,9,0,virus
11980,168,1,virus
49750,43,1,virus
31611,18,0,virus
21467,2,0,virus
26011,2,1,virus
45765,64,1,virus
11520,20,0,virus
32714,18,0,virus
30127,18,0,virus
20385,118,1,virus
20623,168,0,virus
8068,191,1,virus
11298,50,0,virus
10509,2,0,virus
25197,17,1,virus
13179,2,1,virus
30574,18,0,virus
31963,21,0,virus
782,56,1,virus
32806,18,0,virus
42948,54,0,virus
50920,43,1,virus
38940,20,1,virus
6958,24,1,virus
45728,191,1,virus
33150,21,0,virus
38661,180,1,virus
38013,24,1,virus
12132,16,1,virus
34384,18,0,virus
41306,54,1,virus
24392,134,0,virus
38037,183,1,virus
21905,19,0,virus
23625,54,1,virus
47605,43,0,virus
33639,21,0,virus
14510,18,0,virus
45117,242,1,virus
393,74,0,virus
44114,239,1,virus
8936,16,0,virus
7049,24,1,virus
2862,6,1,virus
5200,67,1,virus
33020,18,0,virus
21851,168,1,virus
1353,9,0,virus
8372,24,1,virus
11843,168,1,virus
33048,21,0,virus
36661,17,0,virus
33051,18,0,virus
28945,43,0,virus
37656,24,1,virus
47551,43,0,virus
13029,41,0,virus
40132,189,1,virus
13656,168,0,virus
45335,59,0,virus
54875,6,1,virus
45707,191,1,virus
45928,191,1,virus
25243,2,1,virus
14792,114,0,virus
24508,22,1,virus
53642,43,0,virus
31567,21,0,virus
8573,2,0,virus
40252,189,1,virus
29870,18,0,virus
31929,2,1,virus
22286,5,0,virus
50187,155,1,virus
5341,189,1,virus
14885,18,0,virus
22495,2,0,virus
6578,195,0,virus
9666,59,0,virus
42183,216,0,virus
54103,262,0,virus
24534,118,0,virus
42984,231,1,virus
29160,18,0,virus
5964,189,1,virus
14575,2,0,virus
11528,20,0,virus
25437,2,1,virus
38551,189,1,virus
11116,16,0,virus
24099,16,0,virus
16793,64,0,virus
37630,18,0,virus
5273,2,1,virus
8429,2,1,virus
2990,24,1,virus
24300,2,0,virus
28698,56,0,virus
6603,24,1,virus
1230,0,0,virus
23517,22,1,virus
35950,24,1,virus
35596,13,0,virus
34041,21,0,virus
18926,18,0,virus
17039,14,0,virus
167,9,1,virus
50257,155,1,virus
31776,2,1,virus
25596,168,0,virus
7228,23,0,virus
34002,18,0,virus
34852,85,0,virus
755,22,1,virus
21275,22,1,virus
28563,21,0,virus
44135,239,1,virus
13187,6,1,virus
18077,102,0,virus
37814,13,1,virus
15585,16,0,virus
7673,189,1,virus
38249,13,0,virus
21032,20,0,virus
22477,16,0,virus
40340,189,1,virus
8104,191,1,virus
50046,155,1,virus
9207,2,0,virus
23951,6,1,virus
49869,64,1,virus
11445,9,1,virus
23023,23,1,virus
17709,14,0,virus
25053,54,1,virus
35133,16,1,virus
954,8,1,virus
11509,168,1,virus
23055,54,1,virus
52266,262,1,virus
21482,5,0,virus
25430,2,1,virus
780,9,1,virus
42743,100,0,virus
36012,43,0,virus
9468,189,1,virus
15650,18,0,virus
31661,21,0,virus
49707,43,1,virus
23949,6,1,virus
29617,41,1,virus
13905,56,0,virus
22418,168,0,virus
39744,23,1,virus
8523,9,1,virus
48856,160,0,virus
10717,2,1,virus
7236,23,0,virus
37284,24,1,virus
23064,224,1,virus
20749,5,0,virus
9760,24,1,virus
37864,24,1,virus
43345,6,1,virus
43677,162,1,virus
7865,195,1,virus
15018,18,0,virus
8896,42,0,virus
16866,102,0,virus
25045,54,1,virus
44179,34,1,virus
6644,24,1,virus
54449,16,0,virus
30159,56,0,virus
31118,43,1,virus
161,0,0,virus
14164,2,1,virus
51480,262,1,virus
1157,9,0,virus
37278,24,1,virus
32194,18,0,virus
16485,16,0,virus
9652,47,1,virus
50324,43,1,virus
822,8,1,virus
54088,262,0,virus
51798,262,1,virus
52393,43,1,virus
21584,222,0,virus
8680,6,0,virus
960,34,1,virus
21820,16,1,virus
5828,16,0,virus
22140,100,1,virus
20502,14,0,virus
7489,24,1,virus
17436,64,0,virus
38805,20,1,virus
19061,120,0,virus
30626,164,0,virus
874,17,0,virus
24303,134,0,virus
44394,6,1,virus
8152,24,1,virus
23738,136,1,virus
32602,18,0,virus
30074,21,0,virus
3042,48,1,virus
45116,242,1,virus
17839,0,0,virus
49207,261,1,virus
17856,59,0,virus
24925,9,1,virus
28136,145,0,virus
586,54,1,virus
48531,237,1,virus
23514,23,1,virus
21402,5,0,virus
33793,167,0,virus
34902,16,1,virus
21127,56,0,virus
5974,24,1,virus
47834,59,1,virus
52333,232,1,virus
6902,189,0,virus
3470,18,0,virus
48208,59,0,virus
12708,168,1,virus
20156,2,1,virus
26571,60,0,virus
32845,18,0,virus
22811,14,0,virus
31639,21,0,virus
39659,20,1,virus
6732,189,1,virus
20475,16,0,virus
7800,59,0,virus
38871,20,1,virus
45974,255,1,virus
2011,24,0,virus
48746,43,0,virus
25322,4,0,virus
31600,21,0,virus
34980,16,1,virus
950,34,1,virus
31253,21,0,virus
33585,21,0,virus
21595,222,0,virus
18645,18,0,virus
52148,262,1,virus
30145,9,0,virus
30660,21,0,virus
32347,167,0,virus
22938,54,1,virus
12136,168,1,virus
26727,2,1,virus
34716,43,0,virus
8917,27,0,virus
531,9,0,virus
15667,14,0,virus
95,5,0,virus
36053,24,1,virus
32842,18,0,virus
30770,18,0,virus
46035,255,1,virus
37440,22,1,virus
25764,140,0,virus
39741,23,1,virus
33774,166,0,virus
3918,49,1,virus
45815,191,1,virus
13361,67,0,virus
49868,64,1,virus
13657,16,0,virus
24704,2,0,virus
42905,224,1,virus
38492,24,1,virus
21535,2,0,virus
2685,24,1,virus
5326,49,1,virus
26005,2,1,virus
38622,24,1,virus
32884,18,0,virus
12921,2,0,virus
51064,43,0,virus
13800,9,0,virus
15618,14,0,virus
23027,22,1,virus
8567,189,1,virus
31343,262,0,virus
10252,9,0,virus
45076,242,1,virus
39092,20,1,virus
33493,21,0,virus
12066,220,0,virus
5147,189,1,virus
28635,21,0,virus
11222,6,1,virus
20762,14,0,virus
11540,20,1,virus
39814,22,1,virus
36347,24,1,virus
45769,191,1,virus
17098,18,0,virus
45694,191,1,virus
54243,262,0,virus
7832,28,0,virus
25766,153,0,virus
52125,262,1,virus
54072,262,0,virus
7721,24,1,virus
45664,191,1,virus
484,25,1,virus
608,8,1,virus
51544,262,1,virus
3859,2,1,virus
15724,0,0,virus
7512,189,1,virus
49553,6,1,virus
10868,16,0,virus
23130,54,0,virus
12091,16,0,virus
28560,21,0,virus
45777,191,1,virus
13820,16,0,virus
989,42,1,virus
4575,24,1,virus
35381,43,1,virus
17206,222,1,virus
2326,9,0,virus
37143,13,1,virus
35568,24,1,virus
33845,18,0,virus
33178,21,0,virus
19653,14,0,virus
6364,189,0,virus
34265,21,0,virus
45050,136,1,virus
17600,103,0,virus
48731,43,1,virus
24863,4,1,virus
40110,188,1,virus
10189,56,0,virus
34485,262,1,virus
12903,222,1,virus
28561,18,0,virus
2671,43,0,virus
1663,6,1,virus
16740,18,0,virus
5905,24,1,virus
11652,168,1,virus
32237,18,0,virus
10831,6,0,virus
47343,43,0,virus
38676,23,1,virus
34820,16,1,virus
19842,222,1,virus
36786,24,1,virus
37176,6,1,virus
599,22,1,virus
14509,0,0,virus
42795,188,1,virus
22922,224,1,virus
49650,6,1,virus
11737,80,0,virus
31573,21,0,virus
22162,222,0,virus
26726,168,1,virus
29786,2,1,virus
21574,2,1,virus
24514,23,1,virus
39485,20,0,virus
25506,2,1,virus
19423,168,1,virus
14722,168,1,virus
6214,2,1,virus
39050,222,1,virus
21550,168,1,virus
30172,21,0,virus
17907,18,0,virus
15702,91,0,virus
6262,47,1,virus
36999,183,1,virus
38674,180,1,virus
33036,21,0,virus
21125,9,0,virus
11130,2,1,virus
20311,10,0,virus
20339,126,0,virus
14011,168,0,virus
222,137,1,virus
47158,43,0,virus
28690,18,0,virus
35766,13,0,virus
20450,9,0,virus
8970,24,1,virus
12197,16,1,virus
19685,222,0,virus
17178,0,0,virus
47097,43,0,virus
25969,2,0,virus
32212,18,0,virus
32839,21,0,virus
24311,16,0,virus
4092,2,0,virus
32863,21,0,virus
14627,20,0,virus
48714,31,1,virus
35847,24,1,virus
34269,21,0,virus
17907,103,0,virus
17852,222,1,virus
13053,168,0,virus
6602,189,1,virus
242,54,1,virus
25291,20,1,virus
47351,43,0,virus
33800,18,0,virus
24942,222,1,virus
52340,232,1,virus
7597,24,1,virus
11954,16,1,virus
33085,18,0,virus
22966,54,1,virus
17749,20,1,virus
11253,41,0,virus
50999,43,0,virus
21831,14,0,virus
22949,22,1,virus
40751,3,0,virus
39227,13,1,virus
11657,168,1,virus
30107,21,0,virus
36298,24,1,virus
4934,47,0,virus
769,100,1,virus
31633,21,0,virus
39238,168,0,virus
12247,50,0,virus
46843,43,0,virus
32696,21,0,virus
31278,21,0,virus
45539,43,1,virus
13351,59,0,virus
19054,102,0,virus
24325,20,1,virus
40905,135,1,virus
754,9,1,virus
37358,24,1,virus
37503,54,1,virus
5813,2,0,virus
31967,43,0,virus
37723,20,1,virus
3943,42,0,virus
19541,103,0,virus
12989,16,0,virus
31211,30,1,virus
6664,9,1,virus
54136,262,0,virus
40658,194,0,virus
10183,2,1,virus
4651,174,0,virus
19380,105,0,virus
32503,18,0,virus
6323,16,0,virus
36640,24,1,virus
14093,41,0,virus
819,56,1,virus
1844,5,0,virus
30604,18,0,virus
42014,216,0,virus
2671,59,0,virus
2411,16,0,virus
11491,16,0,virus
38949,135,1,virus
24883,126,1,virus
33711,166,0,virus
35814,24,1,virus
32499,43,0,virus
22056,222,0,virus
41100,54,1,virus
49270,43,1,virus
36902,24,0,virus
33783,18,0,virus
35536,43,1,virus
16733,107,0,virus
9614,80,0,virus
32577,21,0,virus
15467,103,0,virus
15327,107,0,virus
33303,18,0,virus
30177,18,0,virus
26875,102,0,virus
37272,24,1,virus
12954,91,0,virus
36813,24,1,virus
14390,103,0,virus
39872,18,0,virus
54947,222,1,virus
6666,16,0,virus
10512,16,0,virus
8425,6,0,virus
17684,2,0,virus
6816,189,1,virus
5888,16,0,virus
23060,23,1,virus
18945,102,0,virus
49488,237,0,virus
44469,239,1,virus
15345,18,0,virus
1824,5,0,virus
4295,48,1,virus
28421,4,0,virus
17280,103,0,virus
5899,25,1,virus
22982,224,1,virus
30271,21,0,virus
12310,24,1,virus
21531,222,0,virus
12573,91,0,virus
7047,189,1,virus
8322,16,0,virus
45025,189,1,virus
46943,43,0,virus
33683,164,0,virus
36678,16,0,virus
1368,38,1,virus
12999,222,1,virus
1359,9,0,virus
39297,20,1,virus
985,8,1,virus
3279,24,1,virus
16981,18,0,virus
13695,16,0,virus
11502,59,0,virus
17560,111,0,virus
12608,91,0,virus
30560,165,0,virus
33567,18,0,virus
45068,242,1,virus
45680,191,1,virus
49232,191,1,virus
29898,18,0,virus
48920,261,1,virus
702,8,1,virus
35931,24,1,virus
31187,21,0,virus
1989,56,1,virus
7453,24,1,virus
26262,24,1,virus
24193,222,1,virus
2145,17,0,virus
20805,222,1,virus
34503,18,0,virus
33908,113,0,virus
37322,22,1,virus
42489,106,0,virus
7374,189,1,virus
20997,2,1,virus
4322,135,1,virus
47099,43,0,virus
21502,14,0,virus
33204,43,0,virus
9214,76,0,virus
51655,262,1,virus
45755,64,1,virus
9438,24,1,virus
8538,56,1,virus
7873,195,1,virus
45805,191,1,virus
45117,136,1,virus
23009,23,1,virus
11566,6,1,virus
32467,21,0,virus
18023,0,0,virus
19332,0,0,virus
24869,126,1,virus
32866,18,0,virus
48207,6,0,virus
23979,6,1,virus
34159,43,1,virus
38833,20,1,virus
37206,24,1,virus
45855,64,1,virus
22052,222,1,virus
19807,103,0,virus
1044,34,1,virus
42744,100,0,virus
11243,126,1,virus
32558,18,0,virus
8278,2,0,virus
38037,135,1,virus
40123,188,1,virus
29803,17,0,virus
22977,22,1,virus
13335,220,1,virus
33607,18,0,virus
41128,6,1,virus
38063,24,1,virus
6879,24,1,virus
13576,16,0,virus
10189,9,0,virus
50150,155,1,virus
34275,166,0,virus
757,9,1,virus
4733,222,0,virus
21945,16,1,virus
15353,18,0,virus
32392,164,0,virus
10382,42,0,virus
31388,18,0,virus
4289,31,1,virus
584,9,0,virus
9465,24,1,virus
38378,189,1,virus
9281,189,1,virus
17764,0,0,virus
52327,232,1,virus
1522,9,1,virus
24875,16,1,virus
37823,24,0,virus
52950,262,0,virus
20590,222,0,virus
8667,2,0,virus
19369,13,0,virus
55189,222,0,virus
44638,239,1,virus
3667,48,1,virus
6359,16,0,virus
49263,43,1,virus
51155,43,0,virus
52768,262,1,virus
33254,262,0,virus
34020,21,0,virus
51561,262,1,virus
37001,183,1,virus
51126,43,1,virus
11163,16,0,virus
48535,237,1,virus
14034,168,0,virus
25061,100,1,virus
2162,40,1,virus
1870,27,0,virus
33822,18,0,virus
10880,24,0,virus
23016,224,1,virus
13752,168,1,virus
12980,16,0,virus
19486,102,0,virus
5428,62,1,virus
19137,18,0,virus
785,54,1,virus
36970,22,1,virus
11,2,1,virus
6145,17,0,virus
43430,162,1,virus
25436,2,1,virus
31197,43,0,virus
20317,14,0,virus
13899,4,0,virus
21817,222,1,virus
20631,16,0,virus
12697,16,1,virus
39215,118,0,virus
18429,0,0,virus
9049,41,0,virus
5137,189,1,virus
39065,2,1,virus
11977,222,1,virus
35906,24,1,virus
1736,5,0,virus
15862,103,0,virus
47394,43,0,virus
47085,43,0,virus
33616,21,1,virus
32800,18,0,virus
45918,64,1,virus
37401,189,1,virus
36264,24,0,virus
16121,17,0,virus
12721,41,0,virus
9661,46,0,virus
5341,24,1,virus
14335,102,0,virus
43279,6,1,virus
30747,21,0,virus
16155,126,0,virus
8104,191,1,virus
24529,142,1,virus
16143,222,0,virus
2060,5,0,virus
37554,54,1,virus
51766,262,1,virus
35688,13,0,virus
4230,49,0,virus
11191,20,0,virus
5280,168,0,virus
52397,43,1,virus
32460,21,0,virus
8313,6,1,virus
23619,136,1,virus
33485,21,0,virus
12586,168,0,virus
40267,6,1,virus
47601,43,0,virus
15459,0,0,virus
33081,18,0,virus
46831,43,0,virus
45848,191,1,virus
29541,21,0,virus
18998,16,0,virus
18220,16,0,virus
23086,4,1,virus
37160,135,1,virus
760,56,1,virus
1273,13,1,virus
47166,43,0,virus
36736,24,1,virus
26825,145,0,virus
44197,241,1,virus
22670,5,0,virus
30796,21,0,virus
52243,262,1,virus
45182,59,1,virus
23971,6,1,virus
52193,262,1,virus
14143,10,0,virus
15981,103,0,virus
2306,0,0,virus
33282,21,0,virus
46051,255,1,virus
26463,43,0,virus
14173,74,0,virus
35255,43,1,virus
51375,262,1,virus
33708,164,0,virus
52292,43,1,virus
28691,166,0,virus
34095,43,0,virus
36681,135,1,virus
45296,251,1,virus
23225,22,1,virus
21661,5,0,virus
21760,2,0,virus
49674,6,1,virus
44977,136,1,virus
5180,189,1,virus
18938,18,0,virus
10721,2,1,virus
12834,220,1,virus
33084,21,0,virus
897,34,1,virus
30489,21,0,virus
25004,78,1,virus
44607,239,1,virus
41021,6,1,virus
51746,262,1,virus
40388,6,1,virus
5288,24,1,virus
42931,54,0,virus
33072,21,0,virus
29882,43,1,virus
24415,161,0,virus
31860,18,0,virus
2920,57,0,virus
15163,18,0,virus
25693,17,0,virus
34896,16,1,virus
5021,25,1,virus
29382,43,0,virus
30413,18,0,virus
22975,54,1,virus
5571,222,0,virus
27443,43,0,virus
21165,168,0,virus
9394,16,0,virus
8272,77,0,virus
31858,18,0,virus
26717,16,0,virus
36549,24,1,virus
31088,25,0,virus
11783,2,0,virus
14755,0,0,virus
7009,24,1,virus
25600,222,0,virus
43068,6,0,virus
13509,16,0,virus
25958,16,0,virus
51755,262,1,virus
15568,102,0,virus
44088,34,1,virus
18930,18,0,virus
43373,239,1,virus
5691,56,1,virus
20793,14,0,virus
28734,21,0,virus
51794,262,1,virus
20953,16,1,virus
12256,2,1,virus
7116,189,1,virus
26798,158,0,virus
32133,18,0,virus
12916,222,1,virus
26522,60,0,virus
37848,24,1,virus
32303,18,0,virus
32933,21,0,virus
27817,2,1,virus
52262,262,1,virus
52342,43,1,virus
23595,54,1,virus
18696,16,0,virus
22722,10,0,virus
9232,135,1,virus
18361,16,0,virus
226,23,1,virus
25386,23,1,virus
30861,18,0,virus
33163,18,0,virus
2780,24,1,virus
12734,10,0,virus
29612,43,0,virus
54554,2,0,virus
26757,2,0,virus
37844,24,1,virus
23843,54,1,virus
17743,102,0,virus
32810,18,0,virus
31459,21,0,virus
33507,18,0,virus
4896,24,1,virus
9443,24,1,virus
31571,18,0,virus
24272,192,0,virus
33188,18,0,virus
8764,16,0,virus
36630,20,1,virus
39282,6,1,virus
37988,22,1,virus
28832,18,0,virus
30578,21,0,virus
22885,42,1,virus
34241,21,0,virus
6582,3,0,virus
47443,43,0,virus
51570,262,1,virus
46765,43,0,virus
49944,155,1,virus
39346,20,0,virus
40729,6,1,virus
18042,0,0,virus
52219,262,1,virus
45955,255,1,virus
24421,16,0,virus
23015,22,1,virus
24872,152,1,virus
30118,21,0,virus
17605,103,0,virus
43720,162,1,virus
22590,16,0,virus
2000,24,0,virus
22646,2,0,virus
9540,2,1,virus
39286,24,1,virus
12765,2,0,virus
38106,20,1,virus
30962,18,0,virus
5508,6,1,virus
54505,22,1,virus
36528,16,0,virus
9348,24,1,virus
36458,6,1,virus
30678,2,1,virus
38880,59,0,virus
42230,216,0,virus
54325,43,1,virus
45981,255,1,virus
7262,56,1,virus
37219,135,1,virus
34034,18,0,virus
42607,14,0,virus
34284,18,0,virus
38188,24,1,virus
32737,21,0,virus
33478,21,1,virus
21908,10,0,virus
30318,18,0,virus
46390,43,0,virus
29152,18,0,virus
18568,2,0,virus
19261,0,0,virus
18677,16,0,virus
33102,18,0,virus
4061,189,1,virus
21447,2,0,virus
23288,54,1,virus
35925,135,1,virus
8580,9,0,virus
19073,18,0,virus
35999,24,1,virus
45551,43,1,virus
32450,21,0,virus
41940,216,0,virus
6395,52,0,virus
7351,189,1,virus
23847,54,1,virus
36998,183,1,virus
32893,21,0,virus
8166,24,1,virus
44550,239,1,virus
951,8,1,virus
53831,262,0,virus
1944,5,0,virus
19777,14,0,virus
17140,18,0,virus
21378,10,0,virus
52317,43,1,virus
22364,16,0,virus
15604,16,0,virus
45452,232,0,virus
22953,54,1,virus
30788,18,0,virus
52675,262,1,virus
4436,24,1,virus
34762,85,0,virus
45105,242,1,virus
5970,189,1,virus
25769,140,0,virus
52474,43,1,virus
10401,16,1,virus
51707,262,1,virus
9528,24,1,virus
31468,18,0,virus
22598,59,0,virus
15022,0,0,virus
13866,16,0,virus
635,2,0,virus
14886,18,0,virus
51920,262,1,virus
30054,30,0,virus
31352,18,0,virus
31562,18,0,virus
774,56,1,virus
20036,41,0,virus
20261,126,0,virus
43256,6,1,virus
25330,34,1,virus
38693,20,1,virus
25386,22,1,virus
38700,20,1,virus
33670,21,0,virus
54853,6,1,virus
6951,24,1,virus
7177,189,1,virus
596,54,1,virus
9285,24,1,virus
45418,59,0,virus
14123,222,1,virus
46996,43,0,virus
45687,64,1,virus
15490,13,0,virus
14847,2,1,virus
33750,18,0,virus
31269,21,1,virus
10273,56,0,virus
22897,42,1,virus
38666,22,1,virus
6677,22,0,virus
39086,20,1,virus
47872,41,0,virus
22051,2,1,virus
37067,189,0,virus
49985,155,1,virus
39035,220,1,virus
49908,64,1,virus
44307,6,1,virus
24101,16,0,virus
23859,54,1,virus
3797,191,1,virus
33686,18,0,virus
16858,5,0,virus
24841,144,0,virus
52158,262,1,virus
47004,43,0,virus
30891,21,0,virus
30089,21,0,virus
11565,6,1,virus
32445,21,0,virus
22742,168,0,virus
30530,21,0,virus
35937,24,1,virus
31572,21,0,virus
43067,6,0,virus
31332,18,0,virus
20303,16,0,virus
36354,24,1,virus
35203,172,1,virus
12048,16,0,virus
3711,191,1,virus
256,2,1,virus
38686,2,1,virus
55064,222,1,virus
22714,168,0,virus
12063,2,1,virus
14777,18,0,virus
48733,43,1,virus
32659,43,0,virus
5528,222,0,virus
35926,135,1,virus
32586,262,0,virus
19682,5,0,virus
6577,3,0,virus
39152,2,0,virus
8848,16,0,virus
6003,21,0,virus
17931,0,0,virus
43649,162,1,virus
22397,2,0,virus
17938,14,0,virus
39194,23,1,virus
28682,21,0,virus
34476,21,0,virus
13089,20,1,virus
18719,14,0,virus
33842,18,0,virus
32459,18,0,virus
23056,224,1,virus
25043,54,1,virus
8069,191,1,virus
12382,2,0,virus
3317,16,0,virus
34567,21,0,virus
40387,6,1,virus
25783,154,0,virus
4602,6,0,virus
7596,24,1,virus
6444,16,0,virus
12286,2,1,virus
32546,167,0,virus
1509,2,1,virus
7035,42,0,virus
37648,222,1,virus
4420,24,1,virus
32949,18,0,virus
5192,189,1,virus
13714,168,0,virus
38731,20,1,virus
22992,23,1,virus
21318,20,0,virus
7692,56,0,virus
33079,21,0,virus
35903,24,1,virus
1358,9,0,virus
45106,136,1,virus
5245,49,1,virus
15448,18,0,virus
18770,64,0,virus
1704,2,0,virus
2379,0,0,virus
48237,59,0,virus
18960,18,0,virus
37390,24,1,virus
36291,61,0,virus
15029,14,0,virus
1989,9,1,virus
12960,168,0,virus
576,0,0,virus
24513,22,1,virus
31187,18,0,virus
35642,43,1,virus
23235,135,0,virus
34929,16,1,virus
36118,22,1,virus
36742,135,1,virus
2014,9,0,virus
45341,59,0,virus
9383,16,0,virus
33051,21,0,virus
33533,21,0,virus
11244,16,0,virus
45689,64,1,virus
30682,21,1,virus
55114,222,1,virus
52766,262,1,virus
34563,18,0,virus
46920,43,0,virus
29600,21,0,virus
26044,17,0,virus
38671,180,1,virus
7237,23,0,virus
54920,17,0,virus
37820,189,1,virus
32816,21,0,virus
13712,168,0,virus
44772,136,1,virus
6425,6,0,virus
40908,135,1,virus
4220,54,1,virus
44479,239,1,virus
24885,126,1,virus
393,73,0,virus
40459,6,1,virus
32326,21,0,virus
51751,262,1,virus
24562,16,0,virus
7180,189,0,virus
36494,189,1,virus
1637,39,0,virus
9767,9,0,virus
35848,24,1,virus
12637,91,1,virus
229,23,1,virus
37943,24,1,virus
12249,168,1,virus
54320,43,1,virus
30575,18,0,virus
20090,126,0,virus
43578,162,1,virus
46105,255,1,virus
25609,2,0,virus
11933,168,1,virus
30152,18,0,virus
15695,111,0,virus
38460,24,1,virus
16146,9,0,virus
7862,4,1,virus
11385,222,0,virus
40659,194,0,virus
35832,24,1,virus
19406,2,0,virus
27025,2,1,virus
31352,21,0,virus
24431,16,0,virus
22882,42,1,virus
10023,2,0,virus
39884,24,0,virus
22933,54,1,virus
26271,6,1,virus
39798,23,1,virus
36029,20,1,virus
40933,59,0,virus
32915,21,0,virus
10077,16,0,virus
34064,18,0,virus
2950,17,0,virus
23810,56,1,virus
45610,64,1,virus
11028,16,0,virus
33275,59,0,virus
40876,135,0,virus
7004,189,1,virus
34795,85,0,virus
7724,24,1,virus
12223,56,1,virus
22193,2,0,virus
54514,16,0,virus
4784,49,1,virus
7432,24,1,virus
26215,2,0,virus
38043,20,1,virus
10216,9,0,virus
42792,189,1,virus
32849,18,0,virus
32264,18,0,virus
34640,18,0,virus
16938,104,0,virus
31872,21,0,virus
12260,16,0,virus
45894,64,1,virus
34181,21,0,virus
1670,191,0,virus
52393,232,1,virus
24924,222,1,virus
51074,43,0,virus
16699,103,0,virus
14826,19,0,virus
13860,16,0,virus
45065,136,1,virus
20852,5,0,virus
45948,255,1,virus
51558,262,1,virus
15311,103,0,virus
4563,48,1,virus
9208,189,1,virus
34024,18,0,virus
155,6,0,virus
16670,103,0,virus
20145,126,0,virus
4446,24,1,virus
34116,18,0,virus
12794,6,1,virus
51532,262,1,virus
52340,250,1,virus
10055,2,1,virus
29519,41,1,virus
13536,2,0,virus
32308,21,0,virus
25242,16,0,virus
45844,191,1,virus
26669,102,0,virus
18012,2,0,virus
22108,5,0,virus
25283,20,1,virus
16877,18,0,virus
43313,6,1,virus
18321,106,0,virus
35576,13,0,virus
25043,22,1,virus
16692,103,0,virus
15008,18,0,virus
16072,18,0,virus
20677,126,0,virus
4634,18,1,virus
19007,168,0,virus
47741,43,0,virus
12067,220,0,virus
40594,189,1,virus
21594,2,0,virus
17645,18,0,virus
38618,189,1,virus
54888,6,1,virus
25917,2,1,virus
52326,232,1,virus
2775,24,1,virus
33810,18,0,virus
8560,6,1,virus
38023,24,1,virus
48227,43,0,virus
44321,6,1,virus
11556,222,1,virus
47740,262,0,virus
39216,182,1,virus
49692,6,1,virus
25978,2,1,virus
25454,2,1,virus
32578,21,0,virus
34650,18,0,virus
8324,6,1,virus
25478,2,0,virus
19763,18,0,virus
25535,222,1,virus
34240,21,0,virus
20081,16,0,virus
2939,49,0,virus
5486,6,1,virus
4642,18,1,virus
13268,16,1,virus
16838,14,0,virus
33076,21,0,virus
32708,19,0,virus
33967,18,0,virus
14694,14,0,virus
27881,250,1,virus
46521,43,0,virus
22919,22,1,virus
17320,222,1,virus
38131,24,1,virus
6950,189,1,virus
6829,24,1,virus
45621,191,1,virus
3488,24,0,virus
849,9,1,virus
3584,54,1,virus
32706,18,0,virus
25448,6,0,virus
38018,24,1,virus
8892,56,1,virus
5278,168,0,virus
11426,9,1,virus
36591,24,1,virus
28694,21,0,virus
8886,2,0,virus
39459,20,1,virus
24877,151,0,virus
28228,2,0,virus
49278,264,1,virus
32336,18,0,virus
41680,212,0,virus
48541,237,1,virus
10928,16,0,virus
51740,262,1,virus
45285,251,1,virus
28944,167,0,virus
5391,2,0,virus
37741,6,1,virus
575,0,0,virus
38639,20,1,virus
22924,54,1,virus
12089,168,0,virus
52334,43,1,virus
34567,18,0,virus
33782,21,0,virus
35346,43,1,virus
40592,189,1,virus
24747,150,0,virus
13247,6,1,virus
22954,22,1,virus
35524,43,1,virus
18365,16,0,virus
8913,42,0,virus
4055,42,0,virus
15419,0,0,virus
7133,24,1,virus
24855,10,1,virus
45182,43,1,virus
14467,16,0,virus
15916,4,0,virus
20615,2,0,virus
10783,6,0,virus
30198,18,0,virus
17283,6,0,virus
19683,5,0,virus
51335,262,0,virus
12837,222,1,virus
4578,48,1,virus
12103,16,1,virus
21725,222,0,virus
54034,262,0,virus
32455,21,0,virus
9164,189,1,virus
41161,6,1,virus
14619,107,0,virus
46307,258,1,virus
51534,262,1,virus
6622,42,0,virus
50690,43,0,virus
13707,59,0,virus
39978,43,1,virus
25384,22,1,virus
10439,16,0,virus
21978,168,1,virus
8936,9,0,virus
46974,43,0,virus
45690,64,1,virus
18611,103,0,virus
23709,54,1,virus
45667,191,1,virus
25992,2,1,virus
18312,18,0,virus
32920,18,0,virus
23062,54,1,virus
8394,2,1,virus
28687,164,0,virus
23034,22,1,virus
31470,21,0,virus
46055,255,1,virus
48911,261,1,virus
15848,5,0,virus
42941,54,0,virus
25383,22,1,virus
609,8,1,virus
48363,43,1,virus
24230,135,0,virus
46112,255,1,virus
18193,2,0,virus
8563,2,1,virus
231,23,1,virus
45706,64,1,virus
20474,16,0,virus
14996,2,0,virus
9822,6,1,virus
39041,2,1,virus
7885,9,1,virus
2080,6,1,virus
25621,6,0,virus
47741,262,0,virus
13779,16,1,virus
34231,21,0,virus
16551,102,0,virus
19305,0,0,virus
32428,18,0,virus
42187,216,0,virus
54352,59,1,virus
49884,64,1,virus
2151,40,1,virus
43066,6,0,virus
10626,189,1,virus
52386,159,1,virus
30843,18,0,virus
1227,0,0,virus
77,0,0,virus
22980,22,1,virus
17505,112,0,virus
16378,106,0,virus
31256,18,0,virus
5587,189,1,virus
38498,24,1,virus
40018,187,0,virus
45423,43,0,virus
24497,22,1,virus
25195,17,0,virus
10301,9,0,virus
14079,168,0,virus
1651,2,0,virus
4849,54,1,virus
21569,222,1,virus
19412,64,0,virus
32941,21,0,virus
2826,24,1,virus
346,27,0,virus
25106,113,0,virus
51590,262,1,virus
40292,6,1,virus
24674,148,0,virus
23599,54,1,virus
9471,2,1,virus
31567,18,0,virus
619,15,1,virus
21924,5,0,virus
3897,16,1,virus
7322,189,1,virus
24974,22,1,virus
35105,16,1,virus
12549,16,0,virus
45427,145,0,virus
12432,16,0,virus
19540,103,0,virus
2538,2,0,virus
13242,168,1,virus
29835,21,0,virus
9381,16,0,virus
44617,239,1,virus
28027,102,0,virus
12087,168,1,virus
54644,4,1,virus
54690,2,1,virus
24835,10,0,virus
17516,103,0,virus
17886,0,0,virus
34362,43,1,virus
34683,18,0,virus
37592,24,1,virus
9429,189,1,virus
15406,2,0,virus
47244,43,0,virus
7622,3,1,virus
23161,54,0,virus
15953,168,0,virus
13871,168,0,virus
17358,103,0,virus
24405,55,0,virus
12483,24,1,virus
45843,64,1,virus
13595,168,1,virus
25897,222,0,virus
51877,262,1,virus
34245,21,0,virus
41129,6,1,virus
7202,56,0,virus
20205,17,0,virus
9190,24,0,virus
33376,262,0,virus
47760,43,0,virus
28358,2,0,virus
6440,2,0,virus
13598,168,1,virus
13294,16,0,virus
25300,20,1,virus
2036,122,0,virus
3000,59,1,virus
18358,5,0,virus
39961,262,1,virus
23010,23,1,virus
34282,21,0,virus
34034,21,0,virus
34062,18,0,virus
17167,4,0,virus
54282,43,1,virus
13705,16,0,virus
8670,2,0,virus
18623,102,0,virus
21282,23,1,virus
52050,262,1,virus
32521,21,0,virus
30857,18,0,virus
35685,2,0,virus
12946,16,0,virus
24414,59,0,virus
12784,168,0,virus
29864,21,1,virus
25059,54,1,virus
13593,16,0,virus
14299,69,0,virus
49160,261,1,virus
25488,222,1,virus
29516,18,0,virus
14484,106,0,virus
32138,16,1,virus
5493,9,0,virus
8586,16,0,virus
47704,43,0,virus
7799,43,0,virus
40932,59,0,virus
36491,24,1,virus
23050,224,1,virus
30254,18,0,virus
601,9,0,virus
7789,16,0,virus
41322,59,0,virus
24092,16,0,virus
12543,16,0,virus
20103,20,0,virus
45921,191,1,virus
427,0,0,virus
45104,136,1,virus
54718,22,0,virus
1855,2,0,virus
40661,194,0,virus
1918,2,0,virus
52381,250,1,virus
32761,18,0,virus
38584,189,1,virus
49591,6,1,virus
20419,16,1,virus
52380,43,1,virus
47728,262,0,virus
45760,191,1,virus
20570,5,0,virus
6391,70,0,virus
52595,262,1,virus
15412,222,0,virus
45823,64,1,virus
39803,22,1,virus
11084,6,1,virus
25022,100,1,virus
4166,6,0,virus
45972,255,1,virus
30500,43,1,virus
8723,22,1,virus
31336,21,0,virus
54322,43,1,virus
21946,168,1,virus
43652,162,1,virus
26787,2,0,virus
3180,189,1,virus
22966,23,1,virus
19008,16,0,virus
11973,16,0,virus
35977,6,1,virus
34756,16,1,virus
48259,59,0,virus
435,0,0,virus
1221,17,0,virus
27840,222,0,virus
22354,20,0,virus
11917,41,0,virus
14349,18,0,virus
7788,16,0,virus
44006,237,1,virus
40460,6,1,virus
33884,164,0,virus
32833,21,0,virus
44196,241,1,virus
51769,262,1,virus
33414,21,0,virus
37579,13,1,virus
51791,262,1,virus
16683,111,0,virus
35277,43,1,virus
30395,21,0,virus
17496,18,0,virus
6293,28,0,virus
995,34,1,virus
31237,18,0,virus
10614,16,0,virus
51896,262,1,virus
19177,103,0,virus
46083,255,1,virus
7067,189,1,virus
20764,5,0,virus
32977,21,0,virus
12345,222,0,virus
23593,54,1,virus
51991,262,1,virus
37580,13,1,virus
36772,24,1,virus
46026,126,0,virus
39941,43,1,virus
46145,255,1,virus
40161,189,0,virus
45399,59,0,virus
14926,168,1,virus
37221,24,1,virus
36178,22,0,virus
2962,24,1,virus
25877,154,0,virus
33242,43,1,virus
19215,18,0,virus
16952,18,0,virus
35801,176,1,virus
19034,16,0,virus
46027,257,0,virus
12672,168,0,virus
26791,137,1,virus
21590,222,0,virus
14293,5,0,virus
11562,6,1,virus
47411,43,0,virus
23005,23,1,virus
51541,262,1,virus
9015,24,1,virus
1540,16,1,virus
36630,24,1,virus
23168,54,0,virus
44188,34,1,virus
8720,9,0,virus
44872,136,1,virus
22570,168,0,virus
15651,0,0,virus
35281,24,1,virus
31421,43,1,virus
39025,20,1,virus
1724,137,1,virus
22124,168,0,virus
15152,103,0,virus
17212,222,1,virus
29192,262,0,virus
13514,72,0,virus
52586,262,1,virus
6506,22,1,virus
20907,5,0,virus
10448,9,1,virus
34321,18,0,virus
45493,239,1,virus
39469,34,1,virus
25432,2,1,virus
23974,6,1,virus
24989,2,1,virus
47855,43,0,virus
16236,0,0,virus
22743,168,0,virus
45631,64,1,virus
35475,43,1,virus
46155,255,1,virus
13881,43,1,virus
25030,22,1,virus
21778,222,0,virus
20887,16,0,virus
25042,100,1,virus
13283,16,1,virus
34932,16,1,virus
52369,43,1,virus
38753,59,0,virus
52337,43,1,virus
52043,262,1,virus
22142,5,0,virus
8944,6,1,virus
26027,6,0,virus
17467,16,0,virus
6347,47,0,virus
23038,23,1,virus
40597,189,1,virus
14033,168,0,virus
31877,2,1,virus
9228,189,1,virus
47634,43,0,virus
936,8,1,virus
33320,18,0,virus
24866,4,1,virus
28649,43,0,virus
20070,16,0,virus
40771,189,1,virus
19086,18,0,virus
17228,2,1,virus
30223,18,0,virus
42095,216,0,virus
7531,16,0,virus
5174,24,1,virus
12669,16,1,virus
5159,189,1,virus
9741,22,0,virus
43397,239,1,virus
21559,2,1,virus
43423,162,1,virus
38341,24,0,virus
28437,31,1,virus
2671,6,1,virus
5954,135,1,virus
33116,21,0,virus
44443,239,1,virus
9043,47,1,virus
6874,24,1,virus
43453,162,1,virus
25382,22,1,virus
13894,168,0,virus
1197,103,0,virus
23818,136,1,virus
49994,155,1,virus
30821,21,0,virus
12248,168,1,virus
20336,10,0,virus
24674,147,0,virus
34081,18,0,virus
22326,16,0,virus
5029,9,0,virus
11888,168,0,virus
16628,14,0,virus
40453,6,1,virus
45701,64,1,virus
30229,21,0,virus
14552,88,1,virus
25725,21,0,virus
13684,168,0,virus
40565,189,1,virus
30091,54,1,virus
21567,220,1,virus
36327,189,1,virus
11830,16,0,virus
11090,2,1,virus
30894,43,0,virus
51643,262,1,virus
22396,16,0,virus
29531,18,0,virus
34049,21,0,virus
41145,6,1,virus
1092,8,1,virus
33600,18,0,virus
34590,21,0,virus
2671,6,1,virus
5975,189,1,virus
20573,2,0,virus
47978,43,1,virus
41327,59,0,virus
68,222,0,virus
40910,135,1,virus
30089,18,0,virus
52350,159,1,virus
32896,18,0,virus
33754,164,0,virus
1264,20,1,virus
30432,18,0,virus
12464,16,0,virus
12946,168,0,virus
6003,164,0,virus
7447,9,1,virus
36349,135,1,virus
8161,24,1,virus
4641,18,1,virus
2568,17,0,virus
22667,5,0,virus
23703,136,1,virus
30139,18,0,virus
12213,6,1,virus
23845,136,1,virus
37849,24,1,virus
8727,24,1,virus
5418,47,1,virus
14123,2,1,virus
12998,2,1,virus
14702,14,0,virus
425,56,1,virus
31851,21,0,virus
41363,191,0,virus
8658,9,0,virus
26721,168,1,virus
52963,262,0,virus
10946,189,0,virus
22216,2,0,virus
22639,222,0,virus
23049,54,1,virus
32606,2,1,virus
25442,2,1,virus
1081,24,1,virus
34405,18,0,virus
34701,18,0,virus
1142,8,1,virus
23073,22,1,virus
2161,40,1,virus
13639,168,0,virus
41710,91,0,virus
674,2,1,virus
5067,222,1,virus
3869,44,0,virus
4255,25,1,virus
45825,64,1,virus
51943,262,1,virus
19768,103,0,virus
5490,16,0,virus
13519,168,0,virus
14203,168,0,virus
10296,56,0,virus
47715,43,0,virus
49965,155,1,virus
3597,2,0,virus
11638,16,1,virus
45607,64,1,virus
23642,136,1,virus
36289,61,0,virus
37480,54,1,virus
44626,239,1,virus
17200,14,0,virus
33694,164,0,virus
41352,206,0,virus
38129,24,1,virus
53988,262,0,virus
3293,43,1,virus
10203,56,0,virus
6731,189,1,virus
15277,16,0,virus
26779,2,0,virus
10568,2,0,virus
13988,168,0,virus
10438,56,1,virus
15698,18,0,virus
16385,18,0,virus
5317,2,0,virus
6257,43,1,virus
36177,22,0,virus
829,56,1,virus
16730,5,0,virus
19166,18,0,virus
13608,168,1,virus
30081,18,0,virus
6531,16,0,virus
33677,165,0,virus
25956,16,0,virus
10163,189,1,virus
35223,189,1,virus
13946,16,0,virus
2535,3,1,virus
22276,14,0,virus
44890,136,1,virus
17644,18,0,virus
54239,262,0,virus
36563,24,1,virus
40912,135,1,virus
1646,56,0,virus
49934,64,1,virus
25055,23,1,virus
22357,5,0,virus
24463,6,0,virus
11674,91,0,virus
28928,21,0,virus
20426,20,0,virus
1361,54,1,virus
6826,189,1,virus
13851,168,1,virus
39709,24,1,virus
8662,2,0,virus
12456,2,0,virus
6092,57,0,virus
38702,20,1,virus
10814,6,0,virus
38960,20,1,virus
12826,2,1,virus
8051,2,1,virus
13068,16,0,virus
1534,19,0,virus
9108,9,1,virus
31029,43,1,virus
36878,24,1,virus
7373,24,1,virus
48248,59,0,virus
38707,20,1,virus
54165,262,0,virus
16490,168,0,virus
38477,135,1,virus
39246,43,1,virus
45002,189,1,virus
25968,222,0,virus
14231,18,0,virus
22716,16,0,virus
36209,24,1,virus
14805,18,0,virus
17277,2,0,virus
3413,159,1,virus
12301,20,1,virus
49125,261,1,virus
12879,222,1,virus
6655,4,0,virus
32657,18,0,virus
767,22,1,virus
780,56,1,virus
13242,16,1,virus
23519,22,1,virus
10204,9,0,virus
54987,222,0,virus
10599,41,0,virus
25117,8,1,virus
31736,2,1,virus
37371,24,1,virus
31886,18,0,virus
45498,239,1,virus
15931,18,0,virus
38320,24,1,virus
40618,189,1,virus
23611,54,1,virus
40745,195,1,virus
12866,222,1,virus
54524,56,0,virus
4951,25,1,virus
3895,48,1,virus
8214,16,0,virus
19863,19,0,virus
11786,74,0,virus
22217,5,0,virus
4687,54,1,virus
30586,18,0,virus
42117,216,0,virus
40434,6,0,virus
17281,18,0,virus
49175,261,1,virus
15213,103,0,virus
3733,2,1,virus
38102,24,1,virus
15240,102,0,virus
40166,189,0,virus
39285,24,1,virus
30527,18,0,virus
15203,0,0,virus
21368,95,0,virus
9852,9,1,virus
13585,16,0,virus
44344,6,1,virus
13565,168,0,virus
31493,21,0,virus
30756,2,1,virus
33776,18,0,virus
25608,126,0,virus
24609,20,1,virus
16917,168,1,virus
52362,250,1,virus
4546,48,1,virus
30213,21,0,virus
7713,189,1,virus
25459,222,0,virus
32225,21,0,virus
17011,18,0,virus
611,34,1,virus
50292,155,1,virus
23858,136,1,virus
12219,16,1,virus
24971,9,1,virus
26217,43,0,virus
39167,22,1,virus
24425,16,0,virus
28806,21,0,virus
586,23,1,virus
34711,21,0,virus
27191,4,0,virus
17298,2,1,virus
31663,21,0,virus
30444,164,0,virus
27145,24,1,virus
13341,16,1,virus
43483,162,1,virus
9211,76,0,virus
21678,222,1,virus
34548,18,0,virus
16535,0,0,virus
13419,2,0,virus
22994,54,1,virus
13832,56,1,virus
33616,166,0,virus
38214,24,1,virus
32912,18,0,virus
34119,18,0,virus
4729,18,0,virus
1041,34,1,virus
38513,24,1,virus
29854,21,0,virus
20792,168,0,virus
21560,222,1,virus
14821,105,0,virus
52889,262,1,virus
11781,16,0,virus
30679,2,1,virus
13206,2,0,virus
24535,227,0,virus
47862,41,0,virus
24129,54,1,virus
35578,24,1,virus
26232,31,1,virus
38042,135,1,virus
34699,21,0,virus
13554,168,0,virus
22063,2,0,virus
32941,18,0,virus
430,103,0,virus
1540,168,1,virus
13638,16,0,virus
39320,41,1,virus
31596,21,0,virus
32654,21,0,virus
20820,55,1,virus
23828,54,1,virus
21071,168,1,virus
33128,21,0,virus
6932,24,1,virus
12462,16,0,virus
30844,18,0,virus
27591,2,1,virus
5977,189,1,virus
24430,2,0,virus
2634,6,1,virus
19462,0,0,virus
1522,56,1,virus
54927,56,1,virus
47947,43,1,virus
1556,56,1,virus
16853,111,0,virus
13248,6,1,virus
22763,14,0,virus
22367,41,0,virus
36121,22,1,virus
51334,262,1,virus
20040,41,0,virus
50464,43,0,virus
21044,168,0,virus
11653,168,1,virus
867,15,1,virus
26174,23,1,virus
7984,2,1,virus
22697,222,0,virus
40771,189,1,virus
5653,65,0,virus
10826,2,0,virus
27143,24,1,virus
54619,50,0,virus
23022,54,1,virus
51709,262,1,virus
31599,18,0,virus
28866,21,0,virus
19419,16,1,virus
45923,64,1,virus
14846,222,1,virus
19300,18,0,virus
8106,2,1,virus
8613,9,1,virus
22491,2,1,virus
244,137,1,virus
51657,262,1,virus
43319,6,1,virus
38597,189,1,virus
30501,43,1,virus
38678,180,1,virus
35960,189,1,virus
183,8,1,virus
32898,18,0,virus
28681,21,0,virus
27247,245,1,virus
14004,168,0,virus
34317,21,0,virus
23069,22,1,virus
26078,2,1,virus
21861,14,0,virus
33502,18,0,virus
15325,103,0,virus
33714,18,0,virus
19326,5,0,virus
32674,18,0,virus
37682,22,1,virus
22112,5,0,virus
43289,6,1,virus
49151,261,1,virus
17962,14,0,virus
45071,242,1,virus
13107,16,0,virus
1030,136,1,virus
7185,24,1,virus
50291,155,1,virus
10945,2,1,virus
19631,5,0,virus
7221,23,0,virus
34189,21,0,virus
8944,2,1,virus
20865,168,1,virus
9832,24,0,virus
30629,43,0,virus
11813,23,1,virus
45364,59,0,virus
38431,24,1,virus
8487,28,1,virus
13499,168,0,virus
18909,18,0,virus
19702,18,0,virus
51800,262,1,virus
38882,220,1,virus
16852,18,0,virus
4840,34,1,virus
22171,16,0,virus
21328,222,0,virus
25433,222,1,virus
36530,33,0,virus
31458,18,0,virus
5965,189,1,virus
591,137,1,virus
20261,10,0,virus
30158,56,0,virus
54395,16,0,virus
10780,6,0,virus
23659,54,1,virus
2870,24,1,virus
2005,24,1,virus
1546,22,1,virus
16377,114,0,virus
10484,16,0,virus
19026,16,0,virus
13861,168,0,virus
14235,14,0,virus
39952,262,1,virus
51441,262,1,virus
32983,21,0,virus
33587,18,0,virus
30892,18,0,virus
30264,21,0,virus
39276,24,1,virus
51969,262,1,virus
39281,20,1,virus
54000,262,0,virus
51225,250,1,virus
22511,168,0,virus
19910,124,1,virus
31880,56,1,virus
32931,21,0,virus
45949,255,1,virus
38394,24,1,virus
25988,6,0,virus
22972,224,1,virus
7950,56,1,virus
30545,18,0,virus
28246,91,0,virus
3016,189,1,virus
29726,60,0,virus
44810,136,1,virus
38593,189,1,virus
29169,18,0,virus
54701,2,1,virus
30171,164,0,virus
30174,18,0,virus
37851,24,1,virus
33024,18,0,virus
7070,24,1,virus
40016,187,0,virus
11338,222,1,virus
7610,51,0,virus
6772,24,1,virus
9792,42,1,virus
39560,18,0,virus
52395,59,1,virus
12122,6,1,virus
30836,18,0,virus
14849,2,1,virus
30099,21,0,virus
32979,21,0,virus
388,9,0,virus
49027,261,1,virus
7493,189,0,virus
33605,18,0,virus
7642,56,0,virus
39740,23,1,virus
25751,2,0,virus
3339,8,1,virus
3082,34,1,virus
31529,43,0,virus
17080,4,0,virus
7587,9,1,virus
22170,16,0,virus
46071,255,1,virus
24129,136,1,virus
11814,20,1,virus
21593,222,0,virus
14032,168,0,virus
19504,5,0,virus
20164,16,0,virus
34292,18,0,virus
45916,64,1,virus
52233,262,1,virus
10356,75,0,virus
5257,49,1,virus
6224,16,0,virus
22971,224,1,virus
45879,191,1,virus
11242,126,1,virus
14097,41,0,virus
13353,16,0,virus
50814,43,0,virus
13474,16,0,virus
6647,24,1,virus
4511,16,0,virus
33166,18,0,virus
13185,6,1,virus
8703,77,0,virus
31615,18,0,virus
32569,18,0,virus
10609,9,0,virus
41140,6,1,virus
36577,24,1,virus
12735,123,0,virus
36529,43,0,virus
33458,18,0,virus
10549,77,0,virus
2462,47,0,virus
37696,222,1,virus
6929,24,0,virus
34262,18,0,virus
41676,213,0,virus
9080,9,0,virus
52318,159,1,virus
34642,166,0,virus
13521,168,0,virus
39927,262,1,virus
19036,16,0,virus
28863,21,0,virus
8458,56,1,virus
21304,5,0,virus
10170,24,1,virus
13441,16,1,virus
36763,189,1,virus
24455,2,0,virus
4630,18,1,virus
24413,59,0,virus
13504,16,0,virus
8985,24,1,virus
30242,18,0,virus
13112,20,1,virus
12362,168,0,virus
10474,9,1,virus
36398,24,1,virus
26012,16,0,virus
38375,189,1,virus
51881,262,1,virus
14842,2,1,virus
21366,168,1,virus
40575,189,1,virus
31503,18,0,virus
24800,10,0,virus
36150,24,1,virus
18662,2,0,virus
50174,155,1,virus
9642,6,1,virus
228,54,1,virus
39846,24,1,virus
7362,189,1,virus
39766,22,1,virus
7431,6,0,virus
6064,160,0,virus
40646,200,0,virus
43252,6,1,virus
32232,21,0,virus
18725,102,0,virus
45103,242,1,virus
38684,180,1,virus
24870,4,1,virus
39668,20,1,virus
35975,24,1,virus
32886,21,0,virus
12381,2,0,virus
3461,16,0,virus
15714,112,0,virus
27792,17,0,virus
40437,6,0,virus
4206,6,0,virus
33042,18,0,virus
3420,108,1,virus
8837,24,0,virus
7834,9,0,virus
30407,18,0,virus
29565,43,0,virus
12210,16,1,virus
29554,19,0,virus
26273,24,1,virus
38147,2,1,virus
51975,262,1,virus
15421,0,0,virus
29208,43,0,virus
23910,54,1,virus
34060,21,0,virus
42785,54,1,virus
34464,2,1,virus
7863,4,1,virus
13059,168,0,virus
46030,255,1,virus
38712,20,1,virus
13435,20,0,virus
3693,48,1,virus
46303,258,1,virus
34088,18,0,virus
17890,103,0,virus
25637,2,1,virus
999,8,1,virus
8473,28,1,virus
40156,189,1,virus
17220,220,1,virus
19901,23,1,virus
33761,21,1,virus
30440,43,0,virus
52338,43,1,virus
201,100,0,virus
40233,189,1,virus
15495,102,0,virus
17492,18,0,virus
13524,16,0,virus
3541,195,1,virus
12023,2,1,virus
38502,24,1,virus
12879,2,1,virus
14733,114,0,virus
4402,8,1,virus
2964,135,1,virus
6675,16,0,virus
31126,22,1,virus
52006,262,1,virus
17902,103,0,virus
40394,6,0,virus
44217,241,1,virus
25767,140,0,virus
22387,16,0,virus
4379,64,0,virus
6613,42,0,virus
12930,34,1,virus
20729,222,0,virus
33518,18,0,virus
38714,20,1,virus
2319,10,0,virus
19135,111,0,virus
23804,56,1,virus
26163,18,0,virus
31737,2,1,virus
4064,49,0,virus
23516,224,1,virus
52363,250,1,virus
51985,262,1,virus
3682,191,1,virus
9454,2,0,virus
3873,56,0,virus
2907,2,1,virus
34403,21,0,virus
21116,59,0,virus
23335,168,0,virus
24682,16,0,virus
16819,14,0,virus
38038,135,1,virus
37220,135,1,virus
262,5,0,virus
605,34,1,virus
48785,43,1,virus
33340,21,1,virus
33126,18,0,virus
3745,2,1,virus
15685,18,0,virus
30221,18,0,virus
48904,261,1,virus
33725,18,0,virus
40931,59,0,virus
29478,43,0,virus
20097,14,0,virus
39221,124,1,virus
9243,41,0,virus
48572,52,1,virus
31327,18,0,virus
29748,60,0,virus
33461,18,0,virus
9784,27,0,virus
14600,114,0,virus
48239,59,0,virus
51214,262,0,virus
32796,18,0,virus
22405,2,0,virus
35697,2,0,virus
27343,9,1,virus
36940,24,1,virus
30135,21,0,virus
31018,30,1,virus
35998,24,1,virus
22036,16,0,virus
43353,239,1,virus
37650,59,0,virus
37984,24,1,virus
32335,21,0,virus
6026,17,0,virus
8319,2,1,virus
42912,225,1,virus
54176,262,0,virus
8943,6,1,virus
28946,43,1,virus
45680,64,1,virus
36622,24,1,virus
13124,16,1,virus
34074,21,0,virus
929,8,1,virus
49237,191,1,virus
33460,21,0,virus
16915,114,0,virus
5824,126,0,virus
19409,16,0,virus
20579,168,1,virus
37902,20,1,virus
4038,22,1,virus
25504,2,1,virus
13763,16,0,virus
22215,2,0,virus
45676,191,1,virus
13178,74,0,virus
35282,24,1,virus
42522,111,0,virus
24672,147,0,virus
15756,107,0,virus
14841,18,0,virus
53321,43,0,virus
12793,220,0,virus
20710,2,0,virus
11868,2,0,virus
30826,18,0,virus
7030,24,1,virus
14861,106,0,virus
38959,20,1,virus
16654,106,0,virus
21542,2,0,virus
10599,59,0,virus
4077,2,1,virus
12338,2,0,virus
37469,13,1,virus
37658,24,1,virus
45897,191,1,virus
17167,126,0,virus
31554,21,0,virus
51073,43,0,virus
38283,20,1,virus
4262,25,1,virus
31467,18,0,virus
35480,43,1,virus
32377,21,0,virus
45864,64,1,virus
13322,2,1,virus
4415,24,1,virus
42633,14,0,virus
10626,24,1,virus
3742,191,1,virus
32945,18,0,virus
30828,43,0,virus
25930,18,0,virus
24518,23,1,virus
31502,18,0,virus
21882,2,0,virus
11663,34,1,virus
15115,102,0,virus
30152,21,0,virus
31194,18,0,virus
19721,16,0,virus
4020,13,1,virus
52364,232,1,virus
48481,237,1,virus
40570,189,1,virus
3467,3,0,virus
45903,64,1,virus
16476,14,0,virus
14643,16,0,virus
41023,6,1,virus
23779,136,1,virus
21141,123,0,virus
36393,24,1,virus
2036,163,0,virus
47464,43,0,virus
37245,54,1,virus
4433,2,1,virus
11097,2,0,virus
7572,189,1,virus
35015,16,1,virus
15266,103,0,virus
12578,2,1,virus
17229,2,1,virus
14610,108,0,virus
16975,168,1,virus
45073,136,1,virus
29555,59,0,virus
1546,23,1,virus
30422,21,0,virus
50679,43,0,virus
48198,59,0,virus
52365,250,1,virus
32873,21,0,virus
28446,43,0,virus
5215,24,0,virus
46154,255,1,virus
1331,15,1,virus
21894,14,0,virus
16577,168,0,virus
37577,189,1,virus
9430,189,1,virus
30792,166,0,virus
28276,21,0,virus
14595,18,0,virus
44744,239,1,virus
40001,187,0,virus
51119,43,0,virus
25949,56,1,virus
15772,103,0,virus
13528,168,0,virus
18752,14,0,virus
54083,262,0,virus
588,23,1,virus
33555,165,0,virus
54613,126,1,virus
5911,72,1,virus
917,42,1,virus
45770,64,1,virus
13421,191,0,virus
33681,18,0,virus
32881,18,0,virus
12917,222,0,virus
54631,6,0,virus
44208,241,1,virus
42920,224,1,virus
766,23,1,virus
22991,22,1,virus
54918,16,0,virus
33794,18,0,virus
35264,43,1,virus
33117,21,0,virus
2301,0,0,virus
45738,191,1,virus
21918,10,0,virus
22967,54,1,virus
21100,16,0,virus
32479,164,0,virus
13263,2,0,virus
38989,41,0,virus
5096,2,1,virus
44054,34,1,virus
34964,16,1,virus
54468,6,1,virus
9621,2,0,virus
13614,16,1,virus
47065,43,0,virus
11073,2,0,virus
28915,164,0,virus
32382,166,0,virus
33489,21,0,virus
2349,15,1,virus
49574,6,1,virus
22935,22,1,virus
22928,54,1,virus
33244,262,0,virus
46642,43,0,virus
36598,2,0,virus
26466,43,0,virus
37162,135,1,virus
466,25,1,virus
33399,18,0,virus
7921,24,1,virus
36434,40,1,virus
54440,16,0,virus
32999,21,0,virus
21123,56,0,virus
39898,20,0,virus
19265,2,0,virus
30727,43,0,virus
24076,100,1,virus
27302,2,0,virus
33585,18,0,virus
37391,135,1,virus
38904,20,1,virus
45647,191,1,virus
25181,20,1,virus
17321,2,1,virus
11789,222,1,virus
7927,6,1,virus
34984,16,1,virus
25662,6,0,virus
28417,2,0,virus
34317,18,0,virus
13562,2,1,virus
18956,102,0,virus
21978,16,1,virus
50303,155,1,virus
20013,16,0,virus
6574,189,1,virus
32622,18,0,virus
45005,189,1,virus
7861,4,1,virus
24846,10,0,virus
8243,9,1,virus
16696,0,0,virus
23020,23,1,virus
9687,6,1,virus
37405,24,1,virus
49889,64,1,virus
11311,34,1,virus
13871,16,0,virus
12120,2,0,virus
19083,18,0,virus
25044,23,1,virus
32929,18,0,virus
610,34,1,virus
18667,16,1,virus
23000,23,1,virus
12399,222,0,virus
19796,106,0,virus
23936,6,1,virus
11436,56,1,virus
18011,192,0,virus
34082,18,0,virus
52396,159,1,virus
3740,2,1,virus
9302,16,0,virus
50981,43,0,virus
6219,222,1,virus
11335,2,1,virus
15313,0,0,virus
41030,6,1,virus
186,6,0,virus
8216,2,0,virus
16725,107,0,virus
17299,222,0,virus
29217,43,0,virus
16595,18,0,virus
13288,168,0,virus
989,8,1,virus
34112,16,0,virus
12195,16,1,virus
10353,75,0,virus
6664,56,1,virus
20503,5,0,virus
52394,159,1,virus
49194,261,0,virus
52199,262,1,virus
33007,21,0,virus
19272,0,0,virus
4765,43,1,virus
8704,77,0,virus
26008,16,0,virus
38238,135,1,virus
29461,43,0,virus
1866,222,1,virus
4705,16,0,virus
858,56,1,virus
24535,126,0,virus
4468,2,0,virus
18112,0,0,virus
48673,31,1,virus
54676,108,0,virus
32488,21,0,virus
37004,13,0,virus
35759,173,0,virus
29156,21,0,virus
37564,24,1,virus
38043,135,1,virus
53798,262,0,virus
10881,9,1,virus
45673,64,1,virus
30115,21,0,virus
38379,24,1,virus
39149,2,0,virus
31480,18,0,virus
52756,262,1,virus
31564,21,0,virus
28868,21,0,virus
43598,162,1,virus
9780,2,1,virus
45862,191,1,virus
45873,64,1,virus
18145,0,0,virus
16265,0,0,virus
4959,25,1,virus
33553,18,0,virus
12306,20,1,virus
9782,27,0,virus
15754,18,0,virus
821,56,1,virus
4095,2,0,virus
9227,2,1,virus
44929,136,1,virus
38268,13,1,virus
5278,16,0,virus
21907,19,0,virus
23731,54,1,virus
23016,22,1,virus
8537,56,1,virus
4625,24,1,virus
32,7,0,virus
25060,23,1,virus
37483,13,1,virus
32304,18,0,virus
35969,189,1,virus
17428,2,0,virus
31126,23,1,virus
36386,34,1,virus
36030,20,1,virus
45606,64,1,virus
13445,222,1,virus
38408,24,1,virus
54052,262,0,virus
31278,18,0,virus
22016,56,0,virus
32054,43,0,virus
8798,24,1,virus
27615,2,1,virus
40007,187,0,virus
20398,126,1,virus
34126,43,0,virus
29890,18,0,virus
11609,20,0,virus
14305,43,0,virus
33293,21,1,virus
2671,135,1,virus
31374,21,0,virus
47491,43,0,virus
483,25,1,virus
15721,114,0,virus
33726,18,0,virus
19303,0,0,virus
4573,47,0,virus
398,0,0,virus
25460,2,1,virus
15763,103,0,virus
5861,16,0,virus
23362,161,0,virus
21389,16,0,virus
33660,18,0,virus
1362,22,1,virus
19898,124,1,virus
37485,13,1,virus
20025,41,0,virus
31355,21,0,virus
45677,64,1,virus
23318,54,0,virus
48598,43,1,virus
5890,24,0,virus
16870,16,0,virus
33074,18,0,virus
27645,16,0,virus
52902,262,1,virus
37335,24,1,virus
39996,184,0,virus
32818,21,0,virus
4593,34,1,virus
2899,2,0,virus
32762,18,0,virus
233,22,1,virus
18063,18,0,virus
45911,64,1,virus
16835,14,0,virus
31549,18,0,virus
22172,168,0,virus
13283,168,1,virus
23945,6,1,virus
53928,262,0,virus
39471,23,1,virus
39785,22,1,virus
27014,24,1,virus
3528,24,1,virus
25330,137,1,virus
11419,56,1,virus
36826,24,1,virus
16496,0,0,virus
45077,136,1,virus
31855,18,0,virus
36677,168,0,virus
43988,237,1,virus
23689,136,1,virus
38608,189,1,virus
2226,16,0,virus
18367,168,0,virus
15696,14,0,virus
35814,135,1,virus
24133,22,1,virus
11367,222,1,virus
28613,18,0,virus
49070,261,1,virus
37183,24,1,virus
9191,24,1,virus
36046,24,1,virus
26773,16,0,virus
44219,6,1,virus
25735,91,0,virus
33111,18,0,virus
27306,6,1,virus
6889,24,1,virus
223,23,1,virus
8777,9,0,virus
22985,23,1,virus
1841,40,1,virus
6732,24,1,virus
23165,54,0,virus
49082,261,1,virus
4403,8,1,virus
45275,251,1,virus
266,43,0,virus
19183,102,0,virus
47743,43,0,virus
4566,25,1,virus
52340,43,1,virus
33248,262,0,virus
47417,43,0,virus
52599,262,1,virus
28622,21,0,virus
22026,2,1,virus
15195,103,0,virus
34655,21,0,virus
5364,49,0,virus
22942,224,1,virus
15189,103,0,virus
54079,262,0,virus
6699,9,1,virus
16381,106,0,virus
34645,21,0,virus
23098,55,0,virus
7812,9,0,virus
14503,0,0,virus
37021,183,1,virus
24214,2,0,virus
14628,16,0,virus
30811,21,0,virus
19809,103,0,virus
13945,168,0,virus
54125,262,0,virus
21447,222,0,virus
13001,2,1,virus
12033,2,0,virus
29839,18,0,virus
25063,100,1,virus
24871,151,0,virus
820,9,1,virus
18488,18,0,virus
38340,24,0,virus
42890,189,1,virus
10746,6,1,virus
37298,24,1,virus
24160,2,1,virus
46900,43,0,virus
39793,23,1,virus
37682,13,1,virus
6814,24,1,virus
50698,43,0,virus
230,54,1,virus
32218,21,0,virus
36758,24,1,virus
21026,5,0,virus
1759,5,0,virus
46104,255,1,virus
7593,24,1,virus
9053,9,0,virus
5203,67,1,virus
37787,24,1,virus
578,8,1,virus
9249,2,1,virus
11783,222,0,virus
6602,24,1,virus
23820,9,1,virus
20216,10,0,virus
7055,24,1,virus
37542,54,0,virus
47828,43,1,virus
30854,167,0,virus
326,17,0,virus
6923,24,1,virus
7752,24,1,virus
31377,18,0,virus
31605,165,0,virus
48487,237,1,virus
2926,47,0,virus
5161,24,1,virus
33218,21,0,virus
52809,43,1,virus
37803,24,1,virus
2527,3,1,virus
33746,18,0,virus
29604,21,0,virus
33708,18,0,virus
37046,54,1,virus
4140,2,1,virus
35327,43,1,virus
38684,23,1,virus
39543,24,1,virus
43842,239,1,virus
25028,22,1,virus
8422,2,0,virus
45653,64,1,virus
23074,22,1,virus
5884,24,0,virus
19262,168,1,virus
5033,6,1,virus
13525,16,0,virus
18870,103,0,virus
39135,20,1,virus
41783,216,0,virus
25114,34,1,virus
816,9,1,virus
34642,21,0,virus
33793,166,0,virus
32919,18,0,virus
20090,10,0,virus
1081,183,1,virus
11262,2,1,virus
52339,250,1,virus
14574,2,0,virus
23846,54,1,virus
23784,54,1,virus
51902,262,1,virus
22692,2,0,virus
33432,18,0,virus
22086,125,0,virus
24799,10,0,virus
53447,43,0,virus
8154,24,1,virus
25637,222,1,virus
15888,111,0,virus
20670,10,0,virus
25845,16,0,virus
11827,168,1,virus
40014,187,0,virus
32944,18,0,virus
12207,16,1,virus
12542,16,0,virus
38657,23,1,virus
34173,18,0,virus
23175,54,0,virus
13743,16,0,virus
25053,22,1,virus
34355,43,1,virus
10569,2,0,virus
8292,77,0,virus
15808,70,0,virus
32843,21,0,virus
34876,16,1,virus
12102,6,1,virus
10557,16,0,virus
54240,262,0,virus
10952,16,0,virus
7575,24,0,virus
48831,237,1,virus
13592,16,0,virus
13333,220,1,virus
30419,21,0,virus
12286,222,1,virus
21504,2,0,virus
26727,168,1,virus
626,8,1,virus
36991,24,1,virus
607,34,1,virus
34409,18,0,virus
8736,16,0,virus
24327,20,1,virus
33372,262,0,virus
13012,168,0,virus
37539,54,1,virus
1216,15,1,virus
31569,21,0,virus
45099,136,1,virus
13199,2,1,virus
47881,43,0,virus
17466,112,0,virus
35990,24,1,virus
15843,168,1,virus
40032,135,1,virus
9520,56,0,virus
23326,168,0,virus
31347,43,1,virus
52352,43,1,virus
35728,173,0,virus
37563,24,1,virus
14696,59,0,virus
20010,14,0,virus
33655,21,0,virus
37660,47,1,virus
2627,22,1,virus
51470,262,1,virus
478,25,0,virus
26729,2,1,virus
54887,6,1,virus
20958,16,1,virus
46044,255,1,virus
33578,21,0,virus
2593,54,1,virus
22746,168,0,virus
8613,56,1,virus
14018,16,0,virus
37190,183,1,virus
25110,2,1,virus
7123,24,1,virus
20794,5,0,virus
13641,16,0,virus
47001,43,0,virus
23620,136,1,virus
24430,16,0,virus
13303,16,0,virus
3641,4,1,virus
38607,24,1,virus
26830,2,0,virus
13107,168,0,virus
30207,18,0,virus
33294,18,0,virus
34693,18,0,virus
34225,18,0,virus
13340,16,0,virus
35350,43,1,virus
35801,6,1,virus
38881,222,1,virus
40732,6,0,virus
24414,10,0,virus
20526,5,0,virus
40967,54,1,virus
32916,21,0,virus
46516,43,0,virus
2671,201,1,virus
5579,49,1,virus
6304,28,0,virus
23368,126,1,virus
18720,168,0,virus
36828,24,1,virus
23884,136,1,virus
33546,18,0,virus
45887,191,1,virus
52325,250,1,virus
9051,59,0,virus
29645,43,1,virus
11407,88,1,virus
3291,43,1,virus
21959,222,1,virus
11768,80,0,virus
8305,6,1,virus
22783,5,0,virus
45009,189,1,virus
37457,13,0,virus
9564,42,0,virus
23995,6,1,virus
33570,21,0,virus
40198,189,1,virus
14482,0,0,virus
11000,24,0,virus
9528,189,1,virus
29537,18,0,virus
23039,22,1,virus
27315,24,1,virus
38056,20,1,virus
33552,18,0,virus
22134,5,0,virus
19865,5,0,virus
35077,16,1,virus
53363,43,0,virus
14919,0,0,virus
30285,18,0,virus
18592,16,0,virus
21128,9,0,virus
40438,6,0,virus
30266,21,0,virus
39526,20,1,virus
36679,168,0,virus
38019,189,1,virus
3229,49,0,virus
2706,189,1,virus
29892,18,0,virus
11337,2,1,virus
32482,43,0,virus
13833,56,1,virus
2278,2,0,virus
1114,9,0,virus
20248,2,1,virus
39258,20,1,virus
14773,20,1,virus
35181,172,1,virus
43118,41,0,virus
23983,6,1,virus
36952,24,1,virus
24870,119,0,virus
22187,222,0,virus
36269,189,1,virus
31990,21,0,virus
3457,18,0,virus
29861,56,0,virus
4536,48,1,virus
24291,2,1,virus
25356,2,0,virus
6138,2,0,virus
5195,2,1,virus
20712,222,0,virus
15928,14,0,virus
19826,18,0,virus
42440,13,0,virus
29173,18,0,virus
14153,10,0,virus
54087,262,0,virus
40045,135,1,virus
45198,59,1,virus
189,15,1,virus
25811,16,1,virus
45303,251,1,virus
30613,21,0,virus
119,5,0,virus
53819,262,0,virus
4735,2,0,virus
48622,43,1,virus
30793,21,0,virus
10170,189,1,virus
17934,103,0,virus
3771,191,1,virus
30255,21,0,virus
9948,16,0,virus
26292,24,1,virus
22213,5,0,virus
35530,43,1,virus
23025,54,1,virus
8481,28,1,virus
19660,106,0,virus
16078,5,0,virus
35531,43,1,virus
9791,2,0,virus
12394,2,0,virus
42921,224,1,virus
49858,64,1,virus
52605,262,1,virus
38669,180,1,virus
39467,54,1,virus
27970,18,0,virus
13492,16,0,virus
52100,262,1,virus
33801,18,0,virus
36381,24,1,virus
30237,21,0,virus
25529,222,1,virus
32812,18,0,virus
17099,103,0,virus
49290,264,1,virus
42041,216,0,virus
39889,91,0,virus
17141,102,0,virus
23839,136,1,virus
34012,21,0,virus
4965,189,1,virus
35889,24,1,virus
23031,23,1,virus
10015,27,0,virus
3034,48,1,virus
4396,189,1,virus
32329,18,0,virus
33289,21,1,virus
3420,197,1,virus
34327,21,0,virus
23520,224,1,virus
12895,222,1,virus
52182,262,1,virus
9940,16,0,virus
21579,2,1,virus
598,54,1,virus
23874,136,1,virus
1194,2,0,virus
48240,59,0,virus
3950,24,1,virus
10979,74,0,virus
48280,59,0,virus
47105,43,0,virus
37378,189,1,virus
47083,43,0,virus
39207,22,1,virus
47342,43,0,virus
10357,75,0,virus
12360,50,0,virus
3905,6,1,virus
21156,222,1,virus
8070,191,1,virus
20715,2,0,virus
9806,2,1,virus
29668,43,0,virus
28191,43,0,virus
30825,18,0,virus
1459,2,1,virus
1355,9,0,virus
34222,21,0,virus
39547,24,1,virus
20407,19,0,virus
15752,168,1,virus
52669,262,1,virus
35968,189,1,virus
15783,5,0,virus
9408,9,0,virus
53076,262,0,virus
55145,126,0,virus
31625,18,0,virus
54089,262,0,virus
54018,262,0,virus
8835,16,0,virus
39774,23,1,virus
13654,168,0,virus
754,100,1,virus
42253,216,0,virus
29350,43,1,virus
23063,224,1,virus
20636,2,0,virus
54363,6,1,virus
44025,237,1,virus
1999,24,0,virus
32545,21,0,virus
52138,262,1,virus
22987,23,1,virus
44381,6,1,virus
40386,6,1,virus
18633,16,0,virus
11569,16,1,virus
34023,21,0,virus
17971,2,0,virus
32231,43,0,virus
5902,25,1,virus
2896,189,1,virus
13297,16,0,virus
14288,186,0,virus
49859,64,1,virus
786,54,1,virus
4201,49,1,virus
32466,18,0,virus
29824,18,0,virus
25887,154,0,virus
9226,2,1,virus
234,22,1,virus
13094,168,1,virus
13726,16,1,virus
39596,135,1,virus
29999,18,0,virus
5976,24,1,virus
37003,24,1,virus
8536,278,0,virus
7821,3,0,virus
47193,43,0,virus
12735,126,0,virus
38403,24,1,virus
32450,18,0,virus
54778,43,1,virus
17293,14,0,virus
15633,0,0,virus
34765,85,0,virus
11682,88,1,virus
19089,18,0,virus
3829,16,0,virus
10994,24,0,virus
18702,168,1,virus
13396,2,0,virus
21974,14,0,virus
22332,16,0,virus
7414,24,1,virus
31868,18,0,virus
48693,31,1,virus
29618,43,1,virus
24290,2,1,virus
54082,262,0,virus
5096,6,1,virus
37212,135,1,virus
9225,6,1,virus
22043,222,1,virus
10869,16,0,virus
11979,16,1,virus
17652,102,0,virus
40301,6,1,virus
11574,168,0,virus
30292,21,0,virus
14156,10,0,virus
34098,21,0,virus
38944,135,1,virus
39694,20,1,virus
3919,49,1,virus
8325,6,1,virus
15684,17,0,virus
24913,141,0,virus
39073,2,1,virus
31254,21,0,virus
13622,168,1,virus
12562,56,1,virus
52065,262,1,virus
37099,54,1,virus
45227,253,0,virus
12228,6,1,virus
6395,24,0,virus
24567,126,0,virus
37743,22,1,virus
15540,0,0,virus
39660,20,1,virus
4485,16,0,virus
44047,189,1,virus
44119,239,1,virus
45088,242,1,virus
15908,18,0,virus
949,34,1,virus
5229,189,1,virus
22456,10,0,virus
48125,43,0,virus
1057,8,1,virus
38063,20,1,virus
53938,262,0,virus
18975,10,0,virus
5087,2,1,virus
27788,17,0,virus
32890,21,0,virus
9444,189,1,virus
51950,262,1,virus
44780,136,1,virus
30534,21,0,virus
24216,55,0,virus
11866,16,1,virus
25021,54,1,virus
12823,2,1,virus
40228,189,1,virus
10609,56,0,virus
50705,43,0,virus
29102,43,0,virus
21977,14,0,virus
8903,16,0,virus
10694,2,1,virus
33411,18,0,virus
11456,20,1,virus
20671,126,0,virus
38143,24,1,virus
32427,21,0,virus
14689,2,0,virus
11503,59,0,virus
38243,135,1,virus
39048,220,1,virus
37866,24,1,virus
2812,6,1,virus
15724,5,0,virus
37804,24,1,virus
33005,18,0,virus
34247,21,0,virus
53802,262,0,virus
11505,16,0,virus
32771,18,0,virus
32807,21,0,virus
16204,18,0,virus
10746,6,1,virus
49202,261,1,virus
20156,222,1,virus
34052,21,0,virus
3901,2,1,virus
25168,168,0,virus
767,56,1,virus
38008,24,1,virus
18405,0,0,virus
537,102,0,virus
16931,103,0,virus
18493,18,0,virus
28561,21,0,virus
51833,262,1,virus
25704,222,0,virus
37200,135,1,virus
34200,4,0,virus
38327,24,1,virus
16167,107,0,virus
7710,24,1,virus
40183,189,1,virus
48593,159,1,virus
19077,18,0,virus
16758,18,0,virus
34259,21,0,virus
18106,0,0,virus
6933,189,1,virus
45620,191,1,virus
3405,24,1,virus
13654,16,0,virus
30277,21,0,virus
48729,43,1,virus
22915,224,1,virus
48271,59,0,virus
52543,262,1,virus
29871,21,0,virus
34875,16,1,virus
49269,43,1,virus
31151,6,1,virus
16194,0,0,virus
18701,168,0,virus
30467,18,0,virus
6578,196,0,virus
5277,49,1,virus
36720,24,1,virus
22918,23,1,virus
37997,24,1,virus
5186,24,1,virus
15718,114,0,virus
15478,14,0,virus
49647,6,1,virus
4503,61,0,virus
9161,2,0,virus
49627,6,1,virus
4417,24,1,virus
36047,24,1,virus
7723,189,1,virus
27142,24,1,virus
15611,5,0,virus
45044,242,1,virus
9941,2,0,virus
31236,18,0,virus
7576,189,1,virus
23059,54,1,virus
13781,126,0,virus
18555,106,0,virus
31768,2,0,virus
39968,43,1,virus
6322,168,0,virus
48764,43,0,virus
36588,24,1,virus
1042,8,1,virus
3933,47,0,virus
1653,40,1,virus
6805,24,1,virus
32674,21,0,virus
17129,16,0,virus
5973,24,1,virus
12962,168,0,virus
39278,24,1,virus
23221,10,1,virus
27517,2,1,virus
23597,54,1,virus
45105,136,1,virus
926,32,1,virus
4620,6,1,virus
3579,24,1,virus
39641,20,1,virus
2660,24,1,virus
14160,222,0,virus
14582,103,0,virus
54123,262,0,virus
22917,54,1,virus
36108,24,1,virus
22992,224,1,virus
30208,18,0,virus
347,8,1,virus
17226,222,1,virus
43143,237,1,virus
45064,242,1,virus
29156,18,0,virus
6104,57,0,virus
34063,18,0,virus
21000,222,1,virus
36867,6,1,virus
23053,22,1,virus
48697,31,1,virus
25822,140,0,virus
25447,2,1,virus
5102,24,1,virus
12533,168,0,virus
19680,0,0,virus
35540,43,1,virus
47759,43,0,virus
32991,21,0,virus
35764,173,0,virus
30816,18,0,virus
1335,15,1,virus
19614,4,0,virus
40712,196,1,virus
8459,24,1,virus
4954,25,1,virus
22997,224,1,virus
2033,24,0,virus
16351,59,0,virus
20421,186,0,virus
13548,168,0,virus
29742,144,0,virus
12297,168,1,virus
24742,150,0,virus
45812,64,1,virus
5118,25,1,virus
15514,14,0,virus
46838,43,0,virus
10378,42,0,virus
11552,222,0,virus
24744,150,0,virus
14968,14,0,virus
41781,216,0,virus
19286,18,0,virus
43159,238,0,virus
42372,216,0,virus
48014,43,1,virus
2562,16,0,virus
11753,168,0,virus
741,25,0,virus
33822,21,0,virus
33057,18,0,virus
4731,2,1,virus
45829,191,1,virus
46795,43,0,virus
49560,6,1,virus
14192,59,0,virus
37530,13,1,virus
26276,24,1,virus
30435,18,0,virus
35200,146,0,virus
43433,162,1,virus
51997,262,1,virus
33792,18,0,virus
22318,16,1,virus
52074,262,1,virus
34684,21,0,virus
9869,73,0,virus
22955,22,1,virus
54233,262,0,virus
38773,20,1,virus
13655,16,0,virus
15951,18,0,virus
15546,168,0,virus
12103,6,1,virus
48827,237,1,virus
52390,232,1,virus
38648,135,1,virus
31083,21,0,virus
7243,24,1,virus
27932,2,1,virus
14003,168,0,virus
51098,43,1,virus
257,2,1,virus
32622,21,0,virus
5241,49,0,virus
17339,222,1,virus
33693,18,0,virus
51772,262,1,virus
37123,189,1,virus
29661,43,0,virus
13300,168,0,virus
11205,16,1,virus
28766,18,0,virus
19133,103,0,virus
45077,242,1,virus
38662,180,1,virus
33099,21,0,virus
4434,2,1,virus
15541,103,0,virus
47653,43,0,virus
2824,189,1,virus
25909,21,0,virus
12063,222,1,virus
871,0,0,virus
5142,189,1,virus
5295,2,0,virus
11821,168,0,virus
34899,16,1,virus
4442,24,1,virus
7706,189,1,virus
7595,190,1,virus
28778,123,1,virus
5412,24,1,virus
50056,155,1,virus
45037,242,1,virus
5837,16,0,virus
49265,43,1,virus
45844,64,1,virus
45702,191,1,virus
22101,95,0,virus
20112,10,0,virus
52394,232,1,virus
181,189,1,virus
10812,2,0,virus
43128,237,1,virus
47568,43,0,virus
996,34,1,virus
24551,222,1,virus
52337,232,1,virus
5981,65,0,virus
39303,24,1,virus
757,22,1,virus
24277,23,1,virus
26409,43,0,virus
8782,59,0,virus
12835,2,1,virus
7927,2,1,virus
21949,168,1,virus
12742,168,0,virus
19214,18,0,virus
37597,24,1,virus
13415,168,0,virus
8066,2,1,virus
28117,145,0,virus
35200,246,0,virus
52173,262,1,virus
14160,2,0,virus
53958,262,0,virus
20180,20,0,virus
16648,16,0,virus
15332,2,0,virus
13000,220,1,virus
18844,16,1,virus
42366,216,0,virus
51052,43,1,virus
41728,216,0,virus
51058,43,0,virus
11103,222,1,virus
27970,21,1,virus
7163,9,0,virus
16243,102,0,virus
23072,22,1,virus
45868,191,1,virus
30199,18,0,virus
46564,43,0,virus
2322,126,0,virus
30232,18,0,virus
16151,10,0,virus
13980,2,0,virus
21127,9,0,virus
50985,43,0,virus
11449,56,1,virus
761,56,1,virus
25735,18,0,virus
37319,22,1,virus
9324,24,1,virus
40760,189,1,virus
29820,18,0,virus
9087,24,1,virus
12540,168,0,virus
46053,255,1,virus
15407,2,1,virus
34090,21,0,virus
25019,23,1,virus
10243,56,1,virus
13886,16,0,virus
45887,64,1,virus
19354,18,0,virus
6383,6,0,virus
2654,24,1,virus
17767,103,0,virus
19034,168,0,virus
6467,9,0,virus
52557,262,1,virus
2518,3,0,virus
1392,22,1,virus
33075,21,0,virus
45705,64,1,virus
54662,4,1,virus
23794,136,1,virus
21989,5,0,virus
31083,18,0,virus
54108,262,0,virus
22955,23,1,virus
30564,21,0,virus
39947,43,1,virus
2968,24,0,virus
14846,2,1,virus
17519,13,0,virus
42790,188,1,virus
285,100,0,virus
15554,103,0,virus
32775,21,0,virus
1519,2,1,virus
23889,54,1,virus
52407,41,0,virus
33038,21,0,virus
7994,2,1,virus
22924,23,1,virus
44939,136,1,virus
13943,168,0,virus
20067,16,0,virus
14030,16,0,virus
23947,6,1,virus
7942,56,1,virus
33823,21,0,virus
38609,24,1,virus
21372,168,0,virus
22957,22,1,virus
21579,222,1,virus
28430,2,0,virus
20953,168,1,virus
1252,22,1,virus
24502,22,1,virus
9641,24,1,virus
13324,6,1,virus
19603,4,0,virus
10745,24,0,virus
36812,24,1,virus
33440,43,1,virus
34089,18,0,virus
25019,100,1,virus
7837,16,0,virus
2619,24,1,virus
17993,0,0,virus
43337,6,1,virus
10300,56,0,virus
26696,24,1,virus
24766,20,0,virus
22997,23,1,virus
21985,14,0,virus
6445,2,0,virus
13221,16,0,virus
17229,220,1,virus
7487,189,1,virus
17688,168,0,virus
7780,28,0,virus
10419,278,0,virus
771,9,1,virus
13206,6,1,virus
13337,2,1,virus
22935,224,1,virus
22162,2,0,virus
12361,191,0,virus
476,25,0,virus
30134,56,1,virus
51032,43,0,virus
30657,43,0,virus
8136,2,1,virus
44246,240,1,virus
36035,40,1,virus
1882,15,1,virus
24535,10,0,virus
46744,43,0,virus
30848,18,0,virus
1081,201,1,virus
17702,103,0,virus
18650,18,0,virus
20251,5,0,virus
12944,168,0,virus
8522,16,1,virus
15284,0,0,virus
32236,164,0,virus
38040,183,1,virus
25542,2,1,virus
23369,136,1,virus
31282,21,0,virus
30938,21,0,virus
12426,168,0,virus
23892,54,1,virus
45643,64,1,virus
22413,168,1,virus
35890,24,1,virus
35867,24,0,virus
45692,64,1,virus
25046,100,1,virus
54441,168,0,virus
8692,56,0,virus
36638,24,1,virus
1772,137,1,virus
49927,64,1,virus
16206,18,0,virus
33028,21,0,virus
30110,21,0,virus
19498,2,0,virus
24408,59,0,virus
16959,18,0,virus
11852,168,1,virus
27921,2,1,virus
27917,21,0,virus
28418,222,0,virus
29160,21,0,virus
33876,18,0,virus
29192,43,1,virus
5964,189,1,virus
49731,43,1,virus
23871,54,1,virus
44336,6,1,virus
26020,2,1,virus
25649,6,0,virus
27707,18,0,virus
42845,14,0,virus
17306,103,0,virus
11567,6,0,virus
20396,10,1,virus
33067,18,0,virus
32948,21,0,virus
46140,255,1,virus
27943,2,1,virus
9340,189,1,virus
27803,168,0,virus
1117,222,1,virus
46299,258,1,virus
32931,18,0,virus
16018,103,0,virus
33747,18,0,virus
7587,56,1,virus
7131,24,1,virus
37150,13,1,virus
33979,43,0,virus
30529,165,0,virus
50128,155,1,virus
6033,56,0,virus
31808,2,1,virus
16591,18,0,virus
15331,2,0,virus
44580,239,0,virus
45886,191,1,virus
23883,136,1,virus
37598,24,1,virus
30838,43,1,virus
34267,18,0,virus
11640,168,0,virus
37892,20,1,virus
22927,22,1,virus
34661,21,0,virus
21938,168,1,virus
28645,2,1,virus
34774,16,1,virus
1802,16,1,virus
39656,20,1,virus
33493,18,0,virus
40649,194,0,virus
7722,24,1,virus
3717,191,1,virus
17083,56,1,virus
31862,18,0,virus
39626,24,1,virus
20606,168,0,virus
8978,24,1,virus
6409,2,1,virus
31273,18,0,virus
26016,2,1,virus
28432,2,0,virus
13565,16,0,virus
49752,43,1,virus
26724,16,1,virus
31535,43,0,virus
13754,2,1,virus
33109,21,0,virus
27107,262,1,virus
22914,54,1,virus
45291,251,1,virus
10918,9,0,virus
30604,21,0,virus
25443,2,1,virus
26414,145,0,virus
4007,22,1,virus
52087,262,1,virus
4779,222,0,virus
19453,5,0,virus
44351,6,1,virus
16176,18,0,virus
4632,18,1,virus
4737,66,1,virus
5824,10,0,virus
49108,261,1,virus
39055,220,1,virus
11960,10,0,virus
9349,189,1,virus
4770,2,0,virus
13510,168,0,virus
34373,21,0,virus
43298,6,1,virus
22944,224,1,virus
23875,136,1,virus
10171,189,1,virus
5211,54,1,virus
4290,31,1,virus
44496,239,1,virus
33153,18,0,virus
1201,22,1,virus
25049,54,1,virus
238,22,1,virus
4396,24,1,virus
37155,24,1,virus
54441,16,0,virus
44738,239,1,virus
22090,125,0,virus
22856,42,1,virus
46506,43,0,virus
21040,2,0,virus
6044,16,0,virus
9744,9,0,virus
18454,107,0,virus
13247,16,1,virus
1046,34,1,virus
9796,278,0,virus
17203,2,1,virus
45592,191,1,virus
34090,18,0,virus
4651,14,0,virus
12447,16,1,virus
55012,168,0,virus
21769,9,0,virus
35980,189,1,virus
25365,17,1,virus
50322,43,1,virus
758,23,1,virus
14826,273,0,virus
28681,18,0,virus
16674,18,0,virus
7626,189,1,virus
8921,16,0,virus
783,9,1,virus
14627,41,0,virus
41589,6,0,virus
23566,54,1,virus
52371,232,1,virus
11670,16,1,virus
37708,41,1,virus
8310,2,1,virus
27436,2,0,virus
34071,18,0,virus
39928,43,1,virus
29822,164,0,virus
32010,166,0,virus
38709,20,1,virus
51625,262,1,virus
14003,16,0,virus
25039,22,1,virus
52316,43,1,virus
31288,6,1,virus
7508,24,1,virus
29136,43,0,virus
44396,6,1,virus
52754,262,1,virus
52943,262,0,virus
33556,18,0,virus
23890,54,1,virus
53282,43,1,virus
37217,24,1,virus
25955,6,0,virus
16530,18,0,virus
31323,43,0,virus
5179,189,1,virus
19334,0,0,virus
47403,43,0,virus
4104,2,1,virus
2083,9,0,virus
40212,190,1,virus
27720,43,0,virus
22152,59,0,virus
37631,18,0,virus
25587,222,0,virus
8423,2,1,virus
15033,222,0,virus
49971,155,1,virus
24058,6,1,virus
34443,43,0,virus
3203,24,1,virus
3307,44,0,virus
20006,16,0,virus
21542,222,0,virus
39863,16,1,virus
34079,18,0,virus
45098,242,1,virus
13962,168,0,virus
33473,21,0,virus
25913,2,1,virus
29783,6,1,virus
32017,43,0,virus
18932,102,0,virus
18338,18,0,virus
14838,0,0,virus
12180,16,1,virus
15926,103,0,virus
1041,34,1,virus
12541,168,0,virus
48803,237,1,virus
50238,155,1,virus
9432,189,1,virus
28690,21,0,virus
33640,21,0,virus
36784,24,1,virus
6569,189,1,virus
12840,222,1,virus
27216,161,0,virus
727,2,0,virus
21692,5,0,virus
28908,43,1,virus
23076,54,1,virus
8610,9,1,virus
21274,23,1,virus
25330,137,1,virus
25622,2,0,virus
33550,18,0,virus
28562,21,0,virus
25719,2,1,virus
24714,20,0,virus
785,9,1,virus
33103,21,0,virus
3081,34,1,virus
31612,21,0,virus
43403,239,1,virus
54509,2,0,virus
9486,74,0,virus
45710,191,1,virus
1607,15,1,virus
36496,24,1,virus
23708,136,1,virus
33398,18,0,virus
2318,85,0,virus
12653,16,0,virus
430,0,0,virus
34704,21,0,virus
40670,194,0,virus
26026,2,1,virus
7347,189,1,virus
15663,14,0,virus
31560,18,0,virus
29190,43,0,virus
49727,43,1,virus
28272,21,0,virus
2142,9,0,virus
1916,2,0,virus
24180,134,0,virus
22958,23,1,virus
856,9,1,virus
31305,43,0,virus
8940,6,1,virus
46338,43,0,virus
32008,18,0,virus
43018,233,0,virus
10024,2,0,virus
38834,2,1,virus
25433,2,1,virus
38347,189,1,virus
22160,168,0,virus
19344,0,0,virus
20777,5,0,virus
582,9,0,virus
17447,107,0,virus
54183,262,0,virus
25512,2,1,virus
52322,43,1,virus
38766,10,1,virus
27307,43,1,virus
37196,135,1,virus
12234,16,1,virus
27377,24,1,virus
55084,222,1,virus
20858,2,1,virus
12824,2,1,virus
49029,261,1,virus
25994,16,0,virus
6608,42,0,virus
39060,220,1,virus
12090,16,0,virus
11478,24,1,virus
3935,189,1,virus
35998,189,1,virus
23385,54,1,virus
23021,54,1,virus
7198,9,0,virus
53892,262,0,virus
781,9,1,virus
32,24,0,virus
13085,168,0,virus
4231,49,0,virus
51990,262,1,virus
11730,16,0,virus
21372,123,0,virus
19138,18,0,virus
17062,18,0,virus
51984,262,1,virus
33004,18,0,virus
20593,168,0,virus
39710,24,1,virus
25451,222,1,virus
36494,24,1,virus
49684,6,1,virus
380,100,0,virus
30151,18,0,virus
23005,54,1,virus
18403,102,0,virus
12101,16,1,virus
33400,18,0,virus
33774,165,0,virus
32197,18,0,virus
23057,224,1,virus
43377,239,1,virus
266,6,1,virus
13887,16,0,virus
10194,47,1,virus
22903,224,1,virus
21086,14,0,virus
41433,6,0,virus
915,8,1,virus
10360,75,0,virus
47337,43,0,virus
23978,6,1,virus
19853,16,0,virus
51923,262,1,virus
45079,136,1,virus
38812,20,1,virus
7885,56,1,virus
20024,16,0,virus
33128,18,0,virus
34058,18,0,virus
8049,2,1,virus
13938,168,0,virus
24855,126,1,virus
50672,43,0,virus
39356,20,0,virus
24489,2,1,virus
41349,206,0,virus
20007,16,0,virus
19656,102,0,virus
26040,126,0,virus
51165,262,0,virus
32183,18,0,virus
13990,16,0,virus
50333,43,1,virus
37349,24,1,virus
24119,54,1,virus
25047,22,1,virus
7214,56,0,virus
45596,191,1,virus
38819,24,1,virus
23064,22,1,virus
36604,40,1,virus
12209,6,1,virus
32929,21,0,virus
25017,140,0,virus
25492,2,1,virus
51747,262,1,virus
1191,189,1,virus
36913,2,1,virus
19526,14,0,virus
853,56,1,virus
27320,24,1,virus
19527,0,0,virus
7297,56,0,virus
14486,103,0,virus
25137,8,1,virus
20451,56,0,virus
37160,24,1,virus
32594,2,1,virus
52774,262,1,virus
14837,103,0,virus
44342,6,1,virus
36232,13,0,virus
5714,54,1,virus
12913,2,1,virus
24492,22,1,virus
16115,17,0,virus
10298,9,0,virus
5141,189,1,virus
812,9,1,virus
50723,43,0,virus
19623,0,0,virus
3913,45,0,virus
31985,21,0,virus
47570,43,0,virus
38685,22,1,virus
16739,106,0,virus
20452,56,0,virus
15394,14,0,virus
32338,18,0,virus
52123,262,1,virus
20723,5,0,virus
8467,28,1,virus
16346,18,0,virus
7149,9,0,virus
45736,64,1,virus
26365,43,1,virus
13659,168,0,virus
4209,34,1,virus
7625,189,1,virus
19178,18,0,virus
260,2,1,virus
25698,2,0,virus
19174,0,0,virus
16933,14,0,virus
35568,189,1,virus
12783,16,0,virus
25648,2,1,virus
14703,6,0,virus
52342,159,1,virus
26480,43,0,virus
8066,191,1,virus
12670,16,0,virus
48212,59,0,virus
31908,18,0,virus
7066,24,1,virus
40264,189,1,virus
36284,24,1,virus
42583,217,0,virus
44360,6,1,virus
13450,222,1,virus
22658,2,0,virus
44606,239,1,virus
33558,21,0,virus
14199,16,0,virus
39202,23,1,virus
24535,144,0,virus
23598,136,1,virus
20626,222,0,virus
30841,21,1,virus
15404,2,0,virus
7183,189,1,virus
32376,18,0,virus
39765,22,1,virus
22940,22,1,virus
13310,2,0,virus
45912,64,1,virus
3815,24,1,virus
12272,168,0,virus
2451,2,1,virus
924,34,1,virus
44364,6,1,virus
52344,250,1,virus
16707,105,0,virus
45031,189,1,virus
17110,18,0,virus
16131,17,0,virus
45491,239,1,virus
37024,183,1,virus
3672,191,1,virus
46088,255,1,virus
10974,27,0,virus
1506,220,1,virus
23554,20,0,virus
19693,0,0,virus
23073,58,1,virus
27181,23,1,virus
42906,225,1,virus
54310,43,1,virus
11447,56,1,virus
31491,18,0,virus
11796,168,1,virus
8551,9,1,virus
23037,54,1,virus
8487,73,1,virus
32674,164,0,virus
43659,162,1,virus
35809,135,1,virus
611,34,1,virus
18791,0,0,virus
15891,114,0,virus
18702,16,1,virus
35678,222,0,virus
4050,42,0,virus
7879,189,1,virus
39673,6,1,virus
17547,18,0,virus
36271,24,1,virus
40124,188,1,virus
52226,262,1,virus
11333,6,1,virus
33702,21,0,virus
23689,54,1,virus
29239,43,0,virus
43488,162,1,virus
14678,102,0,virus
54100,262,0,virus
33755,21,1,virus
25162,16,0,virus
53839,262,0,virus
19414,168,1,virus
34556,18,0,virus
33646,21,0,virus
2938,49,0,virus
44917,136,1,virus
43466,162,1,virus
38205,24,1,virus
15747,102,0,virus
3739,191,1,virus
4702,16,0,virus
17283,0,0,virus
40726,6,0,virus
33773,167,0,virus
44002,237,1,virus
47319,43,0,virus
44172,34,1,virus
9945,16,1,virus
13330,222,1,virus
54396,168,0,virus
25021,22,1,virus
39236,43,1,virus
47966,43,1,virus
22417,168,0,virus
10942,189,1,virus
29633,43,1,virus
5237,56,1,virus
37727,24,1,virus
3674,2,1,virus
43507,162,1,virus
25045,22,1,virus
16437,14,0,virus
26970,34,1,virus
23366,222,1,virus
36996,23,1,virus
21556,5,0,virus
23041,23,1,virus
17199,14,0,virus
53342,43,0,virus
30424,18,0,virus
35720,24,1,virus
33559,18,0,virus
15339,18,0,virus
5532,2,0,virus
5565,34,1,virus
1632,15,1,virus
11129,222,0,virus
39931,262,1,virus
51697,262,1,virus
3537,10,1,virus
40832,135,1,virus
32105,21,0,virus
44387,6,1,virus
21250,14,0,virus
40249,135,1,virus
18150,103,0,virus
26924,2,0,virus
45651,191,1,virus
17487,0,0,virus
45730,64,1,virus
13625,2,1,virus
38660,180,1,virus
38745,20,1,virus
33999,21,0,virus
44889,136,1,virus
8183,16,0,virus
38034,135,1,virus
26097,22,1,virus
2531,4,1,virus
17678,0,0,virus
52267,262,1,virus
4962,25,1,virus
21475,2,0,virus
23202,54,1,virus
14457,10,0,virus
54570,222,1,virus
300,168,1,virus
53280,262,1,virus
22972,54,1,virus
28789,21,0,virus
40948,189,0,virus
40641,189,1,virus
20147,10,0,virus
6649,24,1,virus
23824,136,1,virus
54971,2,0,virus
38165,189,1,virus
39030,20,1,virus
35477,43,1,virus
50963,43,1,virus
1631,15,1,virus
33399,21,0,virus
38032,20,1,virus
49488,239,0,virus
30091,22,1,virus
21680,168,0,virus
32292,21,0,virus
25490,2,1,virus
55061,222,1,virus
40295,6,1,virus
1285,9,0,virus
8642,16,0,virus
24931,150,0,virus
29532,21,0,virus
43145,237,1,virus
18232,0,0,virus
4751,34,1,virus
39283,24,1,virus
10250,56,0,virus
2426,44,0,virus
10822,2,0,virus
30664,43,0,virus
12239,20,0,virus
24787,10,0,virus
13499,16,0,virus
17981,14,0,virus
54404,2,1,virus
22579,5,0,virus
15033,2,0,virus
29891,21,0,virus
45173,43,0,virus
33555,167,0,virus
8311,6,1,virus
372,5,0,virus
37444,13,1,virus
22853,42,1,virus
50868,43,0,virus
16399,103,0,virus
22155,168,1,virus
51601,262,1,virus
39887,43,1,virus
36768,135,1,virus
17690,2,0,virus
8496,73,1,virus
245,54,1,virus
44400,6,1,virus
31976,43,0,virus
4496,61,0,virus
51692,262,1,virus
3888,48,1,virus
820,56,1,virus
28560,18,0,virus
7654,2,0,virus
11386,222,1,virus
45662,191,1,virus
25049,100,1,virus
32695,21,0,virus
866,2,0,virus
41677,212,0,virus
22910,224,1,virus
12098,16,1,virus
21072,168,1,virus
41348,208,0,virus
14745,0,0,virus
37164,13,1,virus
22494,2,0,virus
29838,18,0,virus
27883,43,1,virus
9288,16,0,virus
1614,15,1,virus
5878,2,1,virus
20089,126,0,virus
45076,136,1,virus
6881,189,1,virus
14440,10,0,virus
27297,56,1,virus
32840,21,0,virus
45880,64,1,virus
52331,250,1,virus
32205,18,0,virus
37790,24,1,virus
35996,24,1,virus
43320,6,1,virus
43363,239,1,virus
13540,220,1,virus
3980,24,1,virus
6867,24,1,virus
5623,40,0,virus
33129,21,0,virus
36282,24,1,virus
22835,23,1,virus
12032,2,1,virus
18454,106,0,virus
986,8,1,virus
30675,21,0,virus
21373,9,0,virus
38211,135,1,virus
32779,18,0,virus
11014,28,0,virus
2964,189,1,virus
4560,48,1,virus
27238,43,1,virus
21793,14,0,virus
33515,21,0,virus
20579,16,1,virus
20250,2,1,virus
49266,43,1,virus
5138,24,1,virus
21765,9,0,virus
30529,18,0,virus
33367,18,0,virus
55055,168,0,virus
7831,41,0,virus
3374,2,1,virus
34292,21,0,virus
10420,278,0,virus
36755,24,1,virus
21712,168,0,virus
29649,18,0,virus
2246,15,1,virus
37008,189,1,virus
9429,24,1,virus
49649,6,1,virus
12699,16,1,virus
38079,24,1,virus
34083,18,0,virus
30770,21,0,virus
45633,191,1,virus
33475,21,0,virus
3661,48,1,virus
15950,104,0,virus
38373,6,1,virus
29520,18,0,virus
22458,5,0,virus
9767,56,0,virus
12777,2,0,virus
36396,189,1,virus
12597,24,1,virus
22919,23,1,virus
30091,58,1,virus
28797,18,0,virus
39405,24,1,virus
20868,16,1,virus
4506,61,0,virus
6236,16,0,virus
11351,2,1,virus
47613,43,0,virus
22392,5,0,virus
21942,16,1,virus
25243,6,0,virus
33116,18,0,virus
12250,168,1,virus
6606,24,1,virus
14479,106,0,virus
16820,102,0,virus
12752,50,0,virus
30904,18,0,virus
20154,125,0,virus
46515,43,0,virus
22983,54,1,virus
29245,43,1,virus
23012,22,1,virus
14628,168,0,virus
15830,103,0,virus
845,9,1,virus
36998,20,1,virus
2148,19,0,virus
35710,13,0,virus
24552,20,0,virus
33171,21,0,virus
31413,43,0,virus
11813,22,1,virus
52272,262,1,virus
1589,0,0,virus
26625,4,1,virus
25430,222,1,virus
27292,2,1,virus
1317,9,1,virus
31400,43,0,virus
29783,6,1,virus
1111,100,0,virus
38798,41,0,virus
51921,262,1,virus
13833,9,1,virus
20571,2,1,virus
22648,5,0,virus
11563,6,1,virus
23040,22,1,virus
17680,18,0,virus
3898,6,1,virus
12075,6,1,virus
6057,17,0,virus
20496,125,0,virus
9413,2,0,virus
34572,168,0,virus
38570,20,0,virus
44231,240,1,virus
9476,16,0,virus
11127,2,0,virus
20970,130,1,virus
23827,54,1,virus
40787,135,1,virus
31702,2,1,virus
45745,64,1,virus
33125,21,0,virus
37217,135,1,virus
27128,24,1,virus
20896,2,0,virus
40731,6,0,virus
219,137,1,virus
12203,168,1,virus
19632,5,0,virus
31267,21,0,virus
32501,21,0,virus
19044,16,0,virus
36113,24,1,virus
3361,2,1,virus
33495,21,0,virus
15756,106,0,virus
16020,18,0,virus
13922,222,0,virus
38802,24,1,virus
23812,56,1,virus
32798,18,0,virus
28692,21,0,virus
60,4,0,virus
955,8,1,virus
9869,28,0,virus
47924,43,1,virus
14549,102,0,virus
36210,24,1,virus
48577,52,1,virus
9488,24,1,virus
54614,126,1,virus
4129,6,1,virus
1362,137,1,virus
41361,191,0,virus
10677,2,0,virus
50213,155,1,virus
31084,21,0,virus
31463,21,0,virus
48838,237,1,virus
6930,24,0,virus
13330,2,1,virus
44933,136,1,virus
22993,22,1,virus
35678,2,0,virus
13278,6,1,virus
9232,6,1,virus
411,0,0,virus
24109,2,1,virus
45737,191,1,virus
5686,56,1,virus
22976,224,1,virus
47887,41,0,virus
15866,0,0,virus
22660,16,0,virus
21750,20,1,virus
22971,23,1,virus
13325,6,1,virus
26756,2,0,virus
26781,2,0,virus
52259,262,1,virus
26683,168,1,virus
30433,18,0,virus
3490,2,0,virus
8195,16,0,virus
32544,21,0,virus
22097,125,0,virus
12554,56,1,virus
4537,48,1,virus
599,137,1,virus
13948,16,0,virus
9708,203,1,virus
12501,9,1,virus
27091,24,0,virus
23826,136,1,virus
34098,18,0,virus
53919,262,0,virus
22902,54,1,virus
48571,250,0,virus
33698,18,0,virus
26070,160,0,virus
25746,222,0,virus
3674,191,1,virus
43463,162,1,virus
10543,77,0,virus
52244,262,1,virus
38586,24,1,virus
3225,43,1,virus
5606,18,0,virus
54821,6,1,virus
14056,16,0,virus
38260,183,1,virus
9668,24,1,virus
8409,2,0,virus
51329,262,1,virus
19892,126,0,virus
19349,102,0,virus
6891,24,1,virus
21474,2,0,virus
33830,18,0,virus
33091,18,0,virus
30710,18,0,virus
24527,168,0,virus
13831,9,1,virus
4621,222,0,virus
52358,159,1,virus
4168,2,1,virus
3745,191,1,virus
38590,189,1,virus
4117,6,1,virus
41988,216,0,virus
29859,21,0,virus
6125,24,0,virus
51593,262,1,virus
17134,14,0,virus
17339,2,1,virus
18246,107,0,virus
34053,21,0,virus
47925,43,1,virus
5907,6,1,virus
16049,18,0,virus
24788,10,0,virus
26270,6,1,virus
33183,21,0,virus
18901,18,0,virus
13456,168,1,virus
32681,43,0,virus
22188,168,1,virus
39077,2,1,virus
45228,253,0,virus
46073,255,1,virus
15255,103,0,virus
36232,22,0,virus
697,9,1,virus
35733,173,0,virus
12695,168,1,virus
7688,9,0,virus
17903,103,0,virus
36825,135,1,virus
8974,24,1,virus
52005,262,1,virus
14451,10,0,virus
30408,18,0,virus
1217,9,1,virus
31426,18,0,virus
51483,262,1,virus
11265,2,1,virus
28118,18,1,virus
16464,105,0,virus
5171,189,1,virus
31499,21,0,virus
611,34,1,virus
7198,56,0,virus
18040,18,0,virus
17088,2,0,virus
54912,2,1,virus
25711,2,1,virus
1556,9,1,virus
17142,18,0,virus
23792,136,1,virus
45033,189,1,virus
32274,18,0,virus
5162,189,1,virus
1546,137,1,virus
52353,43,1,virus
1580,0,0,virus
13322,6,1,virus
43750,162,1,virus
7727,2,0,virus
22976,23,1,virus
31890,18,0,virus
30577,166,0,virus
40302,6,1,virus
30651,21,0,virus
15641,103,0,virus
44509,239,1,virus
24131,23,1,virus
11797,2,1,virus
9185,2,0,virus
7346,24,1,virus
30963,18,0,virus
17654,103,0,virus
11338,2,1,virus
11725,2,0,virus
28586,21,0,virus
37216,24,1,virus
40993,6,1,virus
53932,262,0,virus
36734,189,1,virus
20318,5,0,virus
52162,262,1,virus
17222,222,1,virus
31486,21,0,virus
5976,189,1,virus
36994,24,1,virus
31121,43,1,virus
3288,43,1,virus
22824,20,0,virus
935,8,1,virus
7608,51,0,virus
21424,14,0,virus
22958,22,1,virus
13737,16,0,virus
39662,20,1,virus
12342,2,0,virus
17606,106,0,virus
39085,20,1,virus
39188,23,1,virus
29669,43,0,virus
45692,191,1,virus
12126,56,1,virus
32964,18,0,virus
30827,21,0,virus
24705,17,1,virus
49234,191,1,virus
38672,180,1,virus
25436,222,1,virus
20865,16,1,virus
42461,0,0,virus
30794,21,0,virus
13837,56,1,virus
42994,43,1,virus
36310,189,1,virus
26557,4,1,virus
37210,24,1,virus
6665,3,1,virus
19014,168,0,virus
39455,20,1,virus
8064,191,1,virus
49066,261,1,virus
9678,2,0,virus
35754,173,0,virus
10779,2,0,virus
30072,2,1,virus
6490,44,0,virus
32821,21,0,virus
55006,126,0,virus
3725,191,1,virus
12753,50,0,virus
42720,221,1,virus
15293,103,0,virus
33371,262,0,virus
34231,18,0,virus
40521,189,1,virus
53772,262,0,virus
50015,155,1,virus
30569,18,0,virus
32839,18,0,virus
2198,0,0,virus
22165,126,0,virus
4920,2,1,virus
611,34,1,virus
39935,43,1,virus
35731,173,0,virus
22098,125,0,virus
14075,16,0,virus
13879,43,1,virus
33735,18,0,virus
20604,2,0,virus
22482,2,0,virus
14972,0,0,virus
34247,18,0,virus
33168,18,0,virus
53780,262,0,virus
52344,232,1,virus
8808,189,1,virus
25443,222,1,virus
47142,43,0,virus
25534,2,1,virus
18066,103,0,virus
45577,43,1,virus
7966,9,0,virus
23051,54,1,virus
4958,25,1,virus
32906,18,0,virus
15254,103,0,virus
8425,2,0,virus
22561,16,0,virus
34642,167,0,virus
13009,16,0,virus
12031,222,1,virus
6331,145,0,virus
39772,23,1,virus
40662,194,0,virus
14448,126,0,virus
19852,222,0,virus
29824,21,0,virus
30379,43,1,virus
21369,168,1,virus
53776,262,0,virus
16649,168,1,virus
14311,59,0,virus
12951,2,1,virus
6676,24,1,virus
33120,18,0,virus
20931,59,0,virus
13579,16,0,virus
46094,255,1,virus
35240,13,0,virus
25515,2,1,virus
6811,189,1,virus
13499,6,0,virus
22012,56,0,virus
23409,54,1,virus
47757,43,0,virus
8737,24,1,virus
6979,24,1,virus
34037,21,0,virus
54735,80,0,virus
12444,6,1,virus
38039,20,1,virus
7906,22,0,virus
22291,16,1,virus
15956,16,0,virus
19610,4,0,virus
6585,4,0,virus
20654,10,0,virus
30333,21,0,virus
44111,239,1,virus
2142,17,0,virus
52740,262,1,virus
24399,168,0,virus
44352,6,1,virus
30812,43,1,virus
7355,24,0,virus
24897,20,0,virus
23712,54,1,virus
15165,114,0,virus
4974,45,0,virus
29860,18,0,virus
47381,43,0,virus
51841,262,1,virus
13243,16,1,virus
1765,5,0,virus
48776,43,1,virus
5247,49,1,virus
20449,56,0,virus
31607,18,0,virus
16510,168,0,virus
4097,6,1,virus
23827,136,1,virus
42792,188,1,virus
20653,10,0,virus
21390,14,0,virus
52107,262,1,virus
18704,16,0,virus
27149,43,1,virus
31199,21,0,virus
4952,189,1,virus
31885,18,0,virus
15761,0,0,virus
51864,262,1,virus
18919,0,0,virus
45547,43,1,virus
19395,70,0,virus
7359,24,1,virus
19938,168,1,virus
37862,24,1,virus
16523,16,0,virus
16941,102,0,virus
15179,103,0,virus
45832,191,1,virus
910,34,1,virus
12584,168,0,virus
30276,18,0,virus
19563,168,1,virus
49076,261,1,virus
30103,21,0,virus
40563,189,1,virus
20917,16,0,virus
34253,18,0,virus
47210,43,0,virus
32250,21,0,virus
47139,43,0,virus
19521,103,0,virus
1670,6,0,virus
52371,43,1,virus
13045,16,0,virus
22207,20,0,virus
10199,16,0,virus
25398,9,0,virus
17198,216,0,virus
38181,22,1,virus
21622,16,1,virus
40896,135,1,virus
11352,56,1,virus
15791,103,0,virus
33507,21,0,virus
4098,2,1,virus
16038,103,0,virus
5731,34,1,virus
6579,195,1,virus
33073,18,0,virus
26238,2,0,virus
47558,43,0,virus
25958,6,0,virus
31550,21,0,virus
19015,168,0,virus
9473,9,0,virus
6074,47,1,virus
40006,187,0,virus
37536,54,1,virus
34312,21,0,virus
35006,16,1,virus
54040,262,0,virus
13052,20,0,virus
45685,64,1,virus
34678,21,0,virus
30014,21,0,virus
40106,135,0,virus
28564,21,0,virus
19882,5,0,virus
32873,18,0,virus
29529,18,0,virus
40169,6,1,virus
9439,189,1,virus
15449,102,0,virus
32799,21,0,virus
13228,56,1,virus
21194,16,1,virus
15601,222,0,virus
33396,21,0,virus
8969,24,1,virus
37988,13,1,virus
31017,43,1,virus
17475,106,0,virus
9444,24,1,virus
138,56,1,virus
48717,31,1,virus
188,15,1,virus
9355,189,1,virus
11971,16,0,virus
18929,18,0,virus
32930,18,0,virus
11821,16,0,virus
22902,224,1,virus
10329,9,0,virus
48019,43,1,virus
42951,54,0,virus
25690,2,1,virus
13610,168,0,virus
33025,21,0,virus
2496,3,0,virus
6117,52,0,virus
33859,21,0,virus
33732,164,0,virus
20713,222,0,virus
21957,222,1,virus
8709,189,1,virus
2313,9,1,virus
1210,9,1,virus
19907,124,1,virus
53946,262,0,virus
39465,34,1,virus
40155,189,1,virus
21784,168,0,virus
25230,4,0,virus
22090,18,0,virus
8847,16,0,virus
38606,24,1,virus
23515,224,1,virus
16924,106,0,virus
45997,256,1,virus
21166,16,0,virus
25891,2,0,virus
9435,24,1,virus
8051,191,1,virus
3557,13,0,virus
10858,2,0,virus
5769,34,1,virus
21266,20,1,virus
39133,20,1,virus
45840,191,1,virus
45759,191,1,virus
21959,2,1,virus
36391,24,1,virus
19784,64,0,virus
37103,13,1,virus
3772,2,1,virus
16109,17,0,virus
29852,20,1,virus
33738,21,1,virus
5755,54,1,virus
48529,237,1,virus
40009,187,0,virus
17739,16,0,virus
23072,23,1,virus
52391,43,1,virus
12754,16,1,virus
2280,2,0,virus
2766,24,0,virus
1178,9,0,virus
52398,250,1,virus
38166,24,1,virus
5987,65,0,virus
33120,21,0,virus
39928,262,1,virus
22232,222,0,virus
43347,6,1,virus
22138,5,0,virus
38985,2,0,virus
7362,24,1,virus
9861,16,0,virus
3752,2,0,virus
20007,168,0,virus
46492,43,0,virus
33042,21,0,virus
3549,13,1,virus
10326,2,0,virus
54008,262,0,virus
33167,164,0,virus
8559,16,0,virus
444,0,0,virus
44981,136,1,virus
38728,20,1,virus
19027,168,0,virus
32892,21,0,virus
2967,24,1,virus
29830,21,0,virus
16370,16,0,virus
25624,16,0,virus
47074,43,0,virus
18760,114,0,virus
36406,189,1,virus
2501,24,1,virus
4803,49,1,virus
11918,168,0,virus
7821,195,0,virus
26098,23,1,virus
19852,16,0,virus
37670,54,1,virus
45380,163,0,virus
0,0,0,virus
35140,16,1,virus
16698,120,0,virus
33081,21,0,virus
23511,23,1,virus
6037,9,0,virus
12818,16,0,virus
43572,162,1,virus
32380,164,0,virus
17292,102,0,virus
35978,6,1,virus
47740,43,0,virus
48540,237,1,virus
49892,64,1,virus
9489,24,1,virus
22969,22,1,virus
28038,91,0,virus
22452,37,0,virus
13140,2,0,virus
14117,2,1,virus
52727,262,1,virus
52271,262,1,virus
2776,24,1,virus
14798,114,0,virus
51922,262,1,virus
923,42,1,virus
31686,43,0,virus
26489,56,1,virus
12279,2,1,virus
32668,21,0,virus
34285,21,0,virus
22169,16,0,virus
7373,189,1,virus
45850,191,1,virus
241,22,1,virus
52735,262,1,virus
11949,126,1,virus
14950,18,0,virus
33661,18,0,virus
2105,2,0,virus
6833,189,1,virus
4491,61,0,virus
3352,6,1,virus
24764,20,0,virus
8576,28,0,virus
14855,106,0,virus
13913,2,0,virus
35209,172,1,virus
12704,16,1,virus
23861,136,1,virus
11659,16,1,virus
45091,136,1,virus
54081,262,0,virus
18519,106,0,virus
2436,2,1,virus
4114,2,1,virus
5447,24,1,virus
18622,106,0,virus
6889,189,1,virus
3551,34,1,virus
30660,18,0,virus
12619,168,0,virus
32293,18,0,virus
10418,16,0,virus
24097,168,0,virus
52454,43,1,virus
16400,103,0,virus
44891,136,1,virus
33121,21,0,virus
9423,42,0,virus
15450,18,0,virus
21762,56,0,virus
33071,21,0,virus
9993,9,0,virus
39723,20,1,virus
11932,168,1,virus
9334,24,1,virus
51418,262,0,virus
13386,91,1,virus
6328,16,0,virus
23867,136,1,virus
22848,42,1,virus
289,34,0,virus
2855,24,1,virus
38030,24,1,virus
37962,24,1,virus
36056,22,0,virus
40351,189,1,virus
3605,189,1,virus
54190,262,0,virus
1081,2,1,virus
21806,20,0,virus
235,54,1,virus
53899,262,0,virus
24444,20,0,virus
22077,125,0,virus
23006,22,1,virus
22538,5,0,virus
18998,168,0,virus
22717,16,0,virus
30510,43,1,virus
31111,43,0,virus
54940,22,1,virus
40121,188,1,virus
32918,21,0,virus
32370,21,0,virus
47959,43,1,virus
34390,43,0,virus
40956,189,1,virus
37600,24,1,virus
52282,262,1,virus
25449,222,1,virus
32750,18,0,virus
47590,43,0,virus
38804,24,1,virus
35192,146,0,virus
20943,168,1,virus
35526,43,1,virus
17729,2,1,virus
33506,21,0,virus
34115,21,0,virus
16907,5,0,virus
13012,16,0,virus
5581,16,0,virus
40969,54,1,virus
9232,201,1,virus
9326,24,1,virus
7627,189,1,virus
12131,168,1,virus
799,56,1,virus
36324,24,1,virus
30990,18,0,virus
12792,6,1,virus
37338,41,1,virus
51979,262,1,virus
30220,18,0,virus
35586,173,0,virus
28190,43,0,virus
37407,2,0,virus
31236,21,0,virus
34084,18,0,virus
8683,24,0,virus
8809,2,1,virus
1603,2,0,virus
8089,2,0,virus
23458,54,1,virus
9068,2,1,virus
40208,189,1,virus
39054,220,1,virus
33288,21,1,virus
6781,24,1,virus
26237,24,1,virus
11920,9,1,virus
9484,16,0,virus
35197,250,0,virus
18855,18,0,virus
18606,112,0,virus
32651,18,0,virus
21379,10,0,virus
52787,262,1,virus
12987,16,0,virus
48537,237,1,virus
43205,6,1,virus
32995,18,0,virus
35718,6,1,virus
36278,24,0,virus
29760,18,0,virus
628,32,1,virus
52863,43,1,virus
24715,20,0,virus
9022,13,0,virus
15671,106,0,virus
40227,189,1,virus
18249,14,0,virus
47164,43,0,virus
11941,222,0,virus
27426,2,1,virus
44899,136,1,virus
53620,43,0,virus
1763,5,0,virus
6583,4,0,virus
16905,18,0,virus
36106,135,1,virus
13206,168,1,virus
27881,43,1,virus
47511,43,0,virus
45787,191,1,virus
22416,222,0,virus
47928,43,1,virus
30273,18,0,virus
31462,21,0,virus
852,8,1,virus
38054,183,1,virus
31617,21,0,virus
8597,191,1,virus
36718,24,0,virus
51698,262,1,virus
49664,6,1,virus
13343,16,0,virus
48278,59,0,virus
7747,24,1,virus
32730,18,0,virus
864,16,1,virus
12846,2,1,virus
36904,168,0,virus
15900,114,0,virus
10419,56,1,virus
8841,16,0,virus
14153,222,0,virus
14980,10,0,virus
25450,222,1,virus
1364,23,1,virus
23888,136,1,virus
37620,24,1,virus
35965,189,1,virus
31622,18,0,virus
1663,189,1,virus
34171,43,0,virus
16149,126,0,virus
29712,43,0,virus
22025,2,1,virus
8506,16,0,virus
35617,43,1,virus
43397,239,1,virus
48123,43,0,virus
43673,162,1,virus
33271,21,0,virus
23535,54,1,virus
28687,18,0,virus
20093,168,0,virus
14951,16,0,virus
6274,24,1,virus
29839,21,0,virus
33465,21,0,virus
13961,168,0,virus
8167,24,0,virus
40005,187,0,virus
22905,22,1,virus
50337,43,1,virus
52358,250,1,virus
40641,6,1,virus
36346,55,0,virus
28431,2,0,virus
27442,145,0,virus
29132,43,1,virus
22973,54,1,virus
25051,100,1,virus
10366,9,0,virus
52346,159,1,virus
18351,103,0,virus
49718,43,1,virus
30239,21,0,virus
38486,24,1,virus
18149,0,0,virus
39615,20,1,virus
20051,126,0,virus
34251,18,0,virus
8789,24,1,virus
34246,21,0,virus
16720,14,0,virus
22126,5,0,virus
19581,145,0,virus
44230,240,1,virus
51801,262,1,virus
51830,262,1,virus
42864,189,1,virus
20496,95,0,virus
36682,24,1,virus
34525,43,1,virus
52362,159,1,virus
36761,189,1,virus
45774,191,1,virus
23773,54,1,virus
16898,107,0,virus
10701,222,1,virus
26997,24,1,virus
6361,189,0,virus
16398,103,0,virus
5874,17,0,virus
20272,14,0,virus
36444,24,1,virus
8066,191,1,virus
30241,21,0,virus
33477,18,0,virus
30257,21,0,virus
39069,222,1,virus
54309,43,1,virus
27021,16,0,virus
11173,16,0,virus
20929,59,0,virus
29544,21,1,virus
40794,135,1,virus
30427,18,0,virus
50248,155,1,virus
20809,222,1,virus
12538,16,0,virus
45304,251,1,virus
15279,16,0,virus
5969,24,1,virus
20697,5,0,virus
32889,21,0,virus
20582,16,0,virus
18532,14,0,virus
31168,43,1,virus
7181,24,1,virus
47010,43,0,virus
14077,16,0,virus
43608,162,1,virus
11634,16,1,virus
25699,222,0,virus
20883,2,0,virus
11515,16,0,virus
35694,13,0,virus
29887,18,0,virus
8971,24,1,virus
9710,73,1,virus
45704,191,1,virus
22899,42,1,virus
3737,191,1,virus
53805,262,0,virus
51535,262,1,virus
29884,21,0,virus
29202,43,0,virus
33481,21,0,virus
35382,43,1,virus
30524,18,0,virus
5588,6,1,virus
38329,24,1,virus
20332,126,0,virus
45781,64,1,virus
35965,24,1,virus
32634,18,0,virus
52316,232,1,virus
31461,18,0,virus
45710,64,1,virus
15061,18,0,virus
29458,43,0,virus
22942,22,1,virus
30854,166,0,virus
4585,48,1,virus
4917,41,1,virus
38589,189,1,virus
355,91,0,virus
10527,9,0,virus
18265,0,0,virus
7589,189,1,virus
274,2,0,virus
49588,6,1,virus
36471,43,0,virus
22979,224,1,virus
44706,239,1,virus
52383,250,1,virus
44922,136,1,virus
2386,0,0,virus
6835,189,1,virus
26247,24,1,virus
473,25,0,virus
36383,34,1,virus
17785,103,0,virus
16726,10,0,virus
6643,24,1,virus
18670,16,1,virus
786,56,1,virus
1251,23,1,virus
12660,6,1,virus
18052,18,0,virus
51540,262,1,virus
7318,24,1,virus
9881,56,1,virus
7627,24,1,virus
27405,2,1,virus
22905,224,1,virus
20847,5,0,virus
35790,24,1,virus
12618,168,0,virus
50154,155,1,virus
54174,262,0,virus
53797,262,0,virus
35216,245,0,virus
9884,16,0,virus
8068,191,1,virus
22970,224,1,virus
11387,222,1,virus
43614,162,1,virus
10535,2,0,virus
16041,106,0,virus
8634,9,1,virus
36187,58,0,virus
36754,135,1,virus
35959,24,1,virus
4095,6,0,virus
12536,16,1,virus
13692,168,0,virus
11776,126,1,virus
36194,24,1,virus
18551,107,0,virus
17233,2,1,virus
4036,22,0,virus
40040,135,1,virus
21299,16,0,virus
11045,9,0,virus
7746,24,1,virus
7901,24,1,virus
1368,16,1,virus
24965,2,0,virus
45813,64,1,virus
31131,21,0,virus
14982,126,0,virus
22609,2,0,virus
14305,0,0,virus
38124,24,1,virus
11695,20,1,virus
7071,189,1,virus
36406,24,1,virus
11037,6,0,virus
39105,20,1,virus
1600,0,0,virus
17840,0,0,virus
1366,54,1,virus
31359,43,0,virus
16,2,1,virus
25177,2,0,virus
37524,13,0,virus
45843,191,1,virus
49893,64,1,virus
33010,21,0,virus
15573,0,0,virus
345,59,0,virus
16186,103,0,virus
42793,189,1,virus
606,34,1,virus
24134,126,1,virus
22996,224,1,virus
14849,222,1,virus
23874,54,1,virus
30203,21,0,virus
41708,91,0,virus
6692,2,0,virus
17958,14,0,virus
2955,24,1,virus
36405,24,1,virus
13718,16,0,virus
16560,108,0,virus
34322,18,0,virus
40609,189,1,virus
42794,188,1,virus
5978,189,1,virus
23596,54,1,virus
34709,18,0,virus
18406,18,0,virus
9041,16,0,virus
30906,21,0,virus
18737,168,0,virus
956,34,1,virus
33918,21,0,virus
14938,14,0,virus
13245,6,1,virus
35514,43,1,virus
35198,146,0,virus
1053,8,1,virus
35833,24,1,virus
10292,9,0,virus
15848,14,0,virus
12982,16,0,virus
17629,2,0,virus
25120,34,1,virus
17012,222,0,virus
45806,191,1,virus
230,137,1,virus
20345,126,0,virus
15737,104,0,virus
37791,24,1,virus
25810,16,1,virus
39940,262,1,virus
27647,91,0,virus
33808,18,0,virus
15363,103,0,virus
43014,137,1,virus
8661,2,0,virus
810,56,1,virus
21382,168,1,virus
18403,18,0,virus
16450,59,0,virus
51932,262,1,virus
31921,21,1,virus
14444,10,0,virus
38739,20,1,virus
22835,224,1,virus
38279,20,1,virus
28878,18,0,virus
47195,43,0,virus
30316,18,0,virus
14096,59,0,virus
52004,262,1,virus
23527,54,1,virus
22819,192,0,virus
10618,24,0,virus
29818,18,0,virus
17010,103,0,virus
2253,5,0,virus
35820,24,1,virus
353,91,0,virus
22394,168,1,virus
31122,18,0,virus
3949,24,1,virus
14039,16,0,virus
25987,2,1,virus
30597,43,1,virus
21167,14,0,virus
25046,23,1,virus
3333,2,1,virus
38474,24,1,virus
23515,54,1,virus
38557,189,1,virus
37729,24,1,virus
4569,17,0,virus
32888,18,0,virus
31902,18,0,virus
6611,42,0,virus
33310,167,0,virus
23849,54,1,virus
34994,16,1,virus
43127,237,1,virus
22936,23,1,virus
33506,18,0,virus
9468,24,1,virus
24291,222,1,virus
35452,220,1,virus
43514,162,1,virus
24864,126,1,virus
43357,239,1,virus
34596,18,0,virus
54390,222,0,virus
11804,16,0,virus
41051,91,1,virus
32600,43,1,virus
5924,16,0,virus
33799,18,0,virus
37649,59,0,virus
40028,135,1,virus
10385,9,0,virus
31125,21,0,virus
20873,59,0,virus
36344,55,0,virus
31368,21,0,virus
45869,64,1,virus
14445,126,0,virus
31658,21,0,virus
10926,122,0,virus
45430,145,0,virus
44162,34,1,virus
14722,16,1,virus
38660,180,1,virus
49485,43,0,virus
53950,262,0,virus
7813,56,0,virus
14556,222,0,virus
47529,43,0,virus
11586,16,0,virus
28422,145,0,virus
34319,18,0,virus
19691,103,0,virus
37184,24,1,virus
47013,43,0,virus
28850,18,0,virus
29420,43,0,virus
8532,9,0,virus
301,16,1,virus
8757,16,0,virus
32224,21,0,virus
9347,24,1,virus
15343,104,0,virus
39262,20,1,virus
33311,166,0,virus
27584,2,1,virus
38632,220,0,virus
20311,126,0,virus
48200,41,0,virus
54652,4,1,virus
30875,21,0,virus
54199,262,0,virus
45302,251,1,virus
21931,16,1,virus
48134,43,0,virus
9325,189,1,virus
36319,24,1,virus
36844,189,1,virus
46026,257,0,virus
32251,18,0,virus
16232,102,0,virus
28896,43,1,virus
40386,6,1,virus
634,2,0,virus
15796,0,0,virus
3504,3,0,virus
14042,16,0,virus
24676,148,0,virus
30217,21,0,virus
49530,6,1,virus
4114,6,1,virus
34272,21,0,virus
2350,15,1,virus
54527,56,0,virus
37743,13,1,virus
50142,155,1,virus
38506,24,1,virus
41995,216,0,virus
181,189,1,virus
22995,23,1,virus
27751,102,0,virus
2472,47,0,virus
16623,168,0,virus
21168,5,0,virus
22030,2,1,virus
44483,239,1,virus
45885,191,1,virus
50806,43,1,virus
47843,43,1,virus
33513,18,0,virus
42218,216,0,virus
33377,43,1,virus
2322,59,0,virus
32588,21,0,virus
15484,14,0,virus
47453,43,0,virus
39797,23,1,virus
32795,18,0,virus
1618,15,1,virus
43310,6,1,virus
31664,18,0,virus
35859,6,1,virus
19964,126,0,virus
17782,14,0,virus
33999,18,0,virus
25295,20,1,virus
14169,74,0,virus
51664,262,1,virus
11234,20,1,virus
23790,136,1,virus
3866,22,1,virus
5761,54,1,virus
44255,240,1,virus
24101,168,0,virus
49570,6,1,virus
34232,18,0,virus
40122,188,1,virus
18358,18,0,virus
24864,4,1,virus
42789,188,1,virus
28328,21,0,virus
13284,168,1,virus
33245,43,1,virus
20683,126,0,virus
48626,232,1,virus
48542,237,1,virus
53960,262,0,virus
17473,0,0,virus
7489,189,1,virus
17692,103,0,virus
25179,140,0,virus
1663,6,1,virus
10860,2,0,virus
48638,43,1,virus
35525,43,1,virus
29530,18,0,virus
9209,24,1,virus
25013,137,1,virus
38732,20,1,virus
34393,43,0,virus
34041,18,0,virus
43027,233,0,virus
6512,13,1,virus
10182,59,0,virus
29761,21,0,virus
31257,21,0,virus
7857,4,1,virus
11644,16,1,virus
32464,18,0,virus
12660,16,1,virus
1501,2,1,virus
21976,14,0,virus
16725,106,0,virus
24888,222,1,virus
33189,21,0,virus
39321,59,1,virus
35484,43,1,virus
33970,18,0,virus
22909,23,1,virus
43427,162,1,virus
52034,262,1,virus
44359,6,1,virus
45634,64,1,virus
52217,262,1,virus
31204,43,0,virus
48557,237,1,virus
13480,74,0,virus
35663,2,0,virus
13712,16,0,virus
19694,18,0,virus
12863,222,1,virus
43043,233,0,virus
42730,100,0,virus
46615,43,0,virus
1229,0,0,virus
40359,6,0,virus
19100,13,0,virus
34697,18,0,virus
33669,18,0,virus
19021,16,0,virus
36486,24,1,virus
9916,2,0,virus
54391,168,0,virus
12419,168,0,virus
24121,54,1,virus
38204,24,1,virus
47240,43,0,virus
14620,103,0,virus
12704,168,1,virus
44624,239,1,virus
45797,191,1,virus
11552,16,0,virus
17263,18,0,virus
31487,18,0,virus
23149,54,0,virus
43359,239,1,virus
43856,239,1,virus
47876,43,0,virus
17478,18,0,virus
39640,20,1,virus
13509,168,0,virus
4677,34,1,virus
13606,168,1,virus
12781,6,1,virus
54056,262,0,virus
47658,43,0,virus
7052,56,1,virus
38083,135,1,virus
53983,262,0,virus
10022,2,0,virus
49929,64,1,virus
53871,262,0,virus
45760,64,1,virus
24496,23,1,virus
51810,262,1,virus
35239,13,0,virus
11101,2,0,virus
46156,255,1,virus
18963,103,0,virus
2194,17,0,virus
30178,21,0,virus
33803,164,0,virus
18924,0,0,virus
33675,21,0,virus
17123,2,0,virus
23085,10,0,virus
33723,18,0,virus
33409,18,0,virus
53920,262,0,virus
6546,278,0,virus
46144,255,1,virus
31318,43,0,virus
15321,0,0,virus
21748,20,1,virus
37540,13,1,virus
24185,2,1,virus
453,2,1,virus
38093,24,1,virus
37438,22,1,virus
9666,41,0,virus
16339,18,0,virus
44956,136,1,virus
26643,18,0,virus
30294,21,0,virus
22436,16,0,virus
30742,18,0,virus
47546,43,0,virus
11429,9,1,virus
28809,21,0,virus
54121,262,0,virus
15673,103,0,virus
31150,21,0,virus
22586,5,0,virus
32572,21,0,virus
41677,213,0,virus
9878,16,0,virus
206,1,0,virus
4315,25,1,virus
24100,16,0,virus
37332,24,1,virus
34027,21,0,virus
4602,41,0,virus
17002,103,0,virus
11599,20,0,virus
38762,20,0,virus
19368,18,0,virus
29634,43,1,virus
22485,2,0,virus
55221,160,0,virus
42354,216,0,virus
30772,21,0,virus
49138,261,1,virus
958,8,1,virus
24406,59,0,virus
31569,18,0,virus
18341,18,0,virus
2671,135,1,virus
51912,262,1,virus
34233,18,0,virus
770,22,1,virus
6239,21,0,virus
40775,135,1,virus
40216,189,1,virus
13450,2,1,virus
24290,222,1,virus
10435,9,1,virus
48011,43,1,virus
33960,43,0,virus
40119,188,1,virus
30322,18,0,virus
12991,168,0,virus
25716,222,1,virus
6702,47,0,virus
31385,21,0,virus
22086,95,0,virus
51846,262,1,virus
33912,21,0,virus
5911,72,1,virus
33590,21,0,virus
6809,189,1,virus
11168,16,0,virus
22725,9,0,virus
1206,13,1,virus
36960,54,0,virus
5067,2,1,virus
22938,22,1,virus
11938,168,0,virus
23060,22,1,virus
29158,21,0,virus
52175,262,1,virus
33572,18,0,virus
19820,0,0,virus
21064,168,1,virus
16328,220,1,virus
13387,91,1,virus
365,2,1,virus
304,16,1,virus
33775,18,0,virus
45677,191,1,virus
14471,0,0,virus
4311,2,1,virus
25444,2,1,virus
2580,8,1,virus
2319,21,0,virus
43030,233,0,virus
12246,9,1,virus
16947,103,0,virus
40345,189,1,virus
24789,10,0,virus
17561,103,0,virus
16075,18,0,virus
31230,18,0,virus
13974,16,1,virus
49709,43,1,virus
33574,18,0,virus
15992,2,0,virus
19848,14,0,virus
32778,21,0,virus
43442,162,1,virus
44447,136,1,virus
31581,18,0,virus
22786,222,0,virus
37328,13,1,virus
45789,64,1,virus
32735,21,0,virus
8225,77,0,virus
36803,24,1,virus
9342,24,1,virus
33474,18,0,virus
43356,239,1,virus
41078,54,1,virus
592,23,1,virus
17208,220,1,virus
50111,155,1,virus
37169,24,1,virus
30909,21,0,virus
17395,18,0,virus
28994,165,0,virus
23033,23,1,virus
15397,222,1,virus
15461,106,0,virus
14200,16,0,virus
21096,16,0,virus
22938,23,1,virus
50184,155,1,virus
33089,21,0,virus
30914,18,0,virus
32994,21,0,virus
51164,262,0,virus
45715,64,1,virus
747,9,1,virus
49673,6,1,virus
14453,126,0,virus
7488,189,1,virus
37086,24,1,virus
763,56,1,virus
38033,183,1,virus
3204,24,1,virus
34601,21,0,virus
54,6,1,virus
23838,136,1,virus
30801,18,0,virus
5193,189,1,virus
23087,126,1,virus
22901,22,1,virus
43123,237,1,virus
15441,102,0,virus
5951,24,1,virus
23150,54,0,virus
45046,242,1,virus
34881,16,1,virus
13822,56,1,virus
23561,136,1,virus
33778,165,0,virus
52400,262,0,virus
38321,24,1,virus
1538,2,1,virus
4937,47,0,virus
6887,24,1,virus
35194,246,0,virus
6331,126,0,virus
50130,155,1,virus
13018,168,0,virus
16762,18,0,virus
44391,6,1,virus
27021,168,0,virus
16752,0,0,virus
5065,222,1,virus
7936,24,1,virus
8943,2,1,virus
26588,60,0,virus
22782,16,0,virus
4413,24,1,virus
25105,113,0,virus
31842,18,0,virus
14274,102,0,virus
47405,43,0,virus
52354,159,1,virus
13510,16,0,virus
6239,18,0,virus
836,8,1,virus
40613,189,1,virus
3299,54,1,virus
7197,24,1,virus
19318,112,0,virus
29165,165,0,virus
38041,20,1,virus
3037,48,1,virus
21103,222,1,virus
40160,189,1,virus
54869,6,1,virus
32516,21,1,virus
16619,104,0,virus
19556,0,0,virus
1452,2,1,virus
29863,18,0,virus
24306,16,1,virus
39465,54,1,virus
42740,100,0,virus
33696,18,0,virus
38778,20,1,virus
14711,18,0,virus
13238,168,0,virus
2790,24,1,virus
39979,262,1,virus
30205,18,0,virus
25297,20,1,virus
19955,10,1,virus
46336,43,0,virus
4676,54,1,virus
34651,18,0,virus
11926,16,0,virus
7449,2,0,virus
28647,43,0,virus
28257,18,0,virus
30434,18,0,virus
27097,43,0,virus
26522,4,1,virus
18915,102,0,virus
11173,168,0,virus
25703,2,0,virus
17575,0,0,virus
36348,135,1,virus
44869,136,1,virus
598,23,1,virus
475,25,1,virus
45956,255,1,virus
15014,103,0,virus
49734,43,1,virus
341,2,1,virus
38139,56,0,virus
7930,73,0,virus
31523,43,0,virus
38672,22,1,virus
16047,103,0,virus
13017,72,0,virus
12695,16,1,virus
6619,42,0,virus
33876,164,0,virus
26231,31,1,virus
44097,34,1,virus
31342,18,0,virus
25050,23,1,virus
52388,159,1,virus
14079,16,0,virus
24241,2,0,virus
23797,136,1,virus
38587,24,1,virus
5515,222,0,virus
48148,43,1,virus
18706,107,0,virus
24092,168,0,virus
52085,262,1,virus
29812,2,0,virus
2714,24,1,virus
9993,56,0,virus
7866,4,1,virus
13102,222,1,virus
38036,183,1,virus
21834,14,0,virus
4845,34,1,virus
23954,6,1,virus
9442,24,1,virus
45688,191,1,virus
28328,18,0,virus
38377,24,1,virus
6373,24,0,virus
4532,48,1,virus
17698,5,0,virus
35869,24,0,virus
43225,6,1,virus
20681,126,0,virus
17321,220,1,virus
10931,189,1,virus
33924,56,0,virus
38254,24,1,virus
10607,16,0,virus
34409,21,0,virus
29520,21,0,virus
9498,24,0,virus
4541,48,1,virus
13719,59,0,virus
23766,136,1,virus
52190,262,1,virus
17682,18,0,virus
46002,256,1,virus
1032,8,1,virus
13898,126,0,virus
6728,24,1,virus
32637,21,0,virus
6308,70,0,virus
38655,20,1,virus
20739,16,0,virus
3033,48,1,virus
41086,54,1,virus
32212,21,0,virus
28408,43,1,virus
45835,64,1,virus
49028,261,0,virus
14025,16,0,virus
29705,21,0,virus
15377,5,0,virus
31590,18,0,virus
8941,6,1,virus
25994,2,1,virus
22193,222,0,virus
38957,20,1,virus
39745,22,1,virus
899,54,1,virus
4703,16,0,virus
39769,23,1,virus
16976,106,0,virus
23008,54,1,virus
33671,18,0,virus
3048,48,1,virus
13212,16,1,virus
11568,6,1,virus
32320,164,0,virus
7547,16,0,virus
25959,6,0,virus
8404,6,0,virus
4660,16,0,virus
30434,21,0,virus
11870,16,0,virus
44320,6,1,virus
32567,18,0,virus
6364,24,0,virus
35926,24,1,virus
4912,43,1,virus
12018,222,1,virus
32432,43,1,virus
32958,21,0,virus
9380,24,1,virus
29512,18,0,virus
30148,18,0,virus
46188,59,0,virus
22461,13,0,virus
42159,216,0,virus
44210,241,1,virus
43195,6,1,virus
33774,18,0,virus
45754,64,1,virus
17376,14,0,virus
23793,136,1,virus
29925,43,0,virus
13520,168,0,virus
920,42,1,virus
47064,43,0,virus
14870,103,0,virus
47581,43,0,virus
17480,0,0,virus
30995,21,0,virus
43170,238,0,virus
52209,262,1,virus
38399,24,1,virus
30311,18,0,virus
26564,4,1,virus
32989,18,0,virus
3745,191,1,virus
19058,120,0,virus
34642,18,0,virus
31624,18,0,virus
9068,6,1,virus
6285,2,0,virus
39360,20,0,virus
11099,2,0,virus
38643,20,1,virus
13749,16,0,virus
29994,164,0,virus
11890,168,0,virus
3977,24,1,virus
12545,16,0,virus
26772,2,0,virus
45360,59,0,virus
17203,220,1,virus
29837,18,0,virus
18551,106,0,virus
29540,21,0,virus
642,2,1,virus
22987,22,1,virus
40025,135,1,virus
43644,162,1,virus
24520,222,1,virus
29189,43,0,virus
44789,136,1,virus
11508,16,0,virus
13983,16,1,virus
11993,87,1,virus
3503,18,0,virus
43215,6,1,virus
33304,18,0,virus
32960,18,0,virus
2627,54,1,virus
6042,168,1,virus
28915,166,0,virus
21091,168,0,virus
33021,21,0,virus
21121,56,0,virus
24383,168,1,virus
46031,255,1,virus
32510,2,1,virus
43990,237,1,virus
23341,168,0,virus
54572,222,1,virus
54816,6,1,virus
21059,5,0,virus
1106,9,0,virus
25982,2,1,virus
52552,262,1,virus
197,9,0,virus
16017,64,0,virus
5136,189,1,virus
38105,24,1,virus
12201,6,1,virus
12818,168,0,virus
11287,6,1,virus
34009,21,0,virus
12884,2,0,virus
23394,54,1,virus
14212,2,0,virus
2488,3,0,virus
31363,43,0,virus
4699,16,0,virus
29532,18,0,virus
1780,6,1,virus
38087,24,1,virus
9232,135,1,virus
20072,168,0,virus
38677,23,1,virus
34868,16,1,virus
53966,262,0,virus
32756,167,0,virus
39611,20,1,virus
49144,261,1,virus
25145,20,1,virus
33665,21,0,virus
30069,30,1,virus
7007,24,0,virus
477,25,0,virus
14523,0,0,virus
32825,18,0,virus
44880,136,1,virus
3816,24,1,virus
28444,43,0,virus
2793,24,1,virus
12373,16,0,virus
21291,16,0,virus
50332,43,1,virus
35014,16,1,virus
11788,168,1,virus
42286,14,0,virus
17216,222,1,virus
40371,6,0,virus
43611,162,1,virus
51662,262,1,virus
32934,21,0,virus
3116,24,1,virus
1202,22,1,virus
31498,18,0,virus
16033,222,0,virus
40648,194,0,virus
30210,21,0,virus
42995,43,1,virus
8317,41,0,virus
1044,54,1,virus
45553,43,1,virus
33549,21,0,virus
16378,107,0,virus
19873,59,0,virus
14917,4,0,virus
32891,21,0,virus
11362,2,1,virus
38452,24,1,virus
33840,18,0,virus
33312,18,0,virus
26755,2,0,virus
11385,2,0,virus
36761,24,1,virus
47222,43,0,virus
43211,6,1,virus
349,91,0,virus
7829,24,1,virus
22645,2,0,virus
14852,103,0,virus
31584,18,0,virus
13331,2,1,virus
12831,220,1,virus
48735,43,1,virus
41289,100,1,virus
5100,2,1,virus
13338,222,1,virus
13991,16,0,virus
22148,9,0,virus
13659,16,0,virus
46988,43,0,virus
37295,24,1,virus
22404,2,0,virus
12128,16,0,virus
34249,18,0,virus
422,56,1,virus
46012,256,1,virus
13201,168,0,virus
1992,9,0,virus
4646,16,0,virus
21344,16,0,virus
1495,222,1,virus
40369,6,0,virus
40209,189,1,virus
31230,164,0,virus
3827,24,0,virus
33489,18,0,virus
9036,16,1,virus
8296,77,0,virus
795,56,1,virus
19901,13,1,virus
19449,18,0,virus
54957,2,1,virus
5152,189,1,virus
1252,54,1,virus
12525,168,0,virus
37489,22,1,virus
21973,14,0,virus
34011,18,0,virus
8548,24,1,virus
19251,103,0,virus
12132,6,1,virus
13633,2,1,virus
46742,43,0,virus
8967,24,1,virus
3273,24,1,virus
10432,2,0,virus
16300,102,0,virus
23957,6,1,virus
45642,64,1,virus
31428,21,0,virus
9025,124,1,virus
43120,34,1,virus
3353,2,1,virus
22306,168,0,virus
9116,56,0,virus
40185,189,1,virus
19288,0,0,virus
33123,21,0,virus
33970,21,0,virus
20950,16,1,virus
22102,95,0,virus
25448,2,1,virus
46130,255,1,virus
11443,9,1,virus
34589,21,0,virus
8934,24,0,virus
30097,18,0,virus
286,9,0,virus
42804,223,0,virus
5964,189,1,virus
32879,18,0,virus
13084,168,0,virus
42686,14,0,virus
22194,16,1,virus
41015,6,1,virus
11696,220,1,virus
28588,21,0,virus
35573,43,1,virus
30299,21,0,virus
22141,5,0,virus
35200,249,0,virus
17965,2,0,virus
45635,191,1,virus
1945,5,0,virus
32229,21,0,virus
29351,43,1,virus
22944,23,1,virus
33192,18,0,virus
14716,114,0,virus
12894,222,1,virus
39498,43,1,virus
4186,9,0,virus
51290,59,0,virus
2036,16,0,virus
17490,2,0,virus
38205,135,1,virus
9295,168,0,virus
33947,43,0,virus
24824,10,0,virus
36701,135,1,virus
22774,16,0,virus
51067,43,0,virus
47003,43,0,virus
32113,18,0,virus
30675,18,0,virus
12655,43,1,virus
29389,43,0,virus
6244,16,0,virus
30529,166,0,virus
50345,262,1,virus
2964,6,1,virus
37739,22,0,virus
15160,113,0,virus
32874,18,0,virus
16674,102,0,virus
7569,9,1,virus
23260,135,0,virus
43420,162,1,virus
26427,102,0,virus
811,56,1,virus
30837,18,0,virus
26855,43,0,virus
1052,8,1,virus
7357,24,1,virus
32791,18,0,virus
34565,18,0,virus
29764,21,0,virus
17986,0,0,virus
12871,2,0,virus
20785,88,0,virus
10034,16,0,virus
29741,144,0,virus
2306,5,0,virus
25936,10,0,virus
43472,162,1,virus
9239,2,0,virus
37852,189,1,virus
36751,24,1,virus
30209,18,0,virus
9848,2,0,virus
4105,2,1,virus
29438,21,0,virus
12513,16,0,virus
39066,220,1,virus
16577,16,0,virus
33178,18,0,virus
7096,278,0,virus
12508,10,0,virus
38614,189,1,virus
32206,18,0,virus
39523,20,1,virus
37986,18,0,virus
4918,43,1,virus
16103,17,0,virus
24418,2,0,virus
24565,2,0,virus
23826,54,1,virus
33727,18,0,virus
3990,24,1,virus
35188,247,0,virus
45006,189,1,virus
25609,222,0,virus
8965,189,1,virus
44776,136,1,virus
38678,180,1,virus
3420,3,1,virus
21780,5,0,virus
53801,262,0,virus
22965,22,1,virus
2824,24,1,virus
36698,24,1,virus
40353,189,1,virus
36904,16,0,virus
13256,6,1,virus
40941,59,0,virus
31859,18,0,virus
15371,5,0,virus
21557,2,1,virus
4504,61,0,virus
37583,189,1,virus
12515,103,0,virus
41773,216,0,virus
25581,222,1,virus
49073,261,1,virus
13630,220,1,virus
36462,24,1,virus
31861,21,0,virus
10780,2,0,virus
31283,21,0,virus
4650,222,0,virus
32666,21,0,virus
12687,16,1,virus
19914,124,1,virus
39676,24,1,virus
45639,191,1,virus
14569,2,0,virus
49890,64,1,virus
8851,16,0,virus
20337,10,0,virus
46395,43,0,virus
10862,2,0,virus
16785,102,0,virus
13484,50,0,virus
46554,43,0,virus
26694,24,0,virus
9551,189,1,virus
9806,6,1,virus
22888,42,0,virus
33569,18,0,virus
13438,206,0,virus
36050,24,1,virus
5856,16,0,virus
31623,18,0,virus
18357,0,0,virus
6063,77,0,virus
5027,9,0,virus
30169,18,0,virus
9184,2,0,virus
25026,54,1,virus
52698,262,1,virus
23863,136,1,virus
33576,18,0,virus
225,22,1,virus
24155,54,1,virus
20046,41,0,virus
18991,16,0,virus
54930,2,0,virus
32946,21,0,virus
34174,18,0,virus
31548,18,0,virus
36984,24,1,virus
4943,47,0,virus
37179,135,1,virus
38898,20,1,virus
15196,103,0,virus
25002,141,0,virus
41354,91,0,virus
18108,14,0,virus
25774,91,0,virus
11372,222,1,virus
15123,14,0,virus
41679,213,0,virus
14896,0,0,virus
28873,18,0,virus
13980,222,0,virus
3011,24,1,virus
17325,2,1,virus
20688,16,0,virus
21961,222,1,virus
45909,64,1,virus
19025,168,0,virus
37993,135,1,virus
11106,222,1,virus
10999,24,0,virus
28087,21,0,virus
2554,47,0,virus
24097,16,0,virus
17226,220,1,virus
37013,24,1,virus
49092,261,1,virus
26865,145,0,virus
33280,21,0,virus
16943,16,0,virus
2884,43,1,virus
13768,168,0,virus
24619,20,1,virus
11645,16,1,virus
18631,114,0,virus
45546,43,1,virus
6645,24,1,virus
8360,24,1,virus
54438,168,0,virus
33733,18,0,virus
11456,135,1,virus
33703,18,0,virus
23020,54,1,virus
9232,135,1,virus
11512,16,1,virus
12388,16,0,virus
28651,2,1,virus
18922,0,0,virus
181,135,1,virus
6529,2,0,virus
32557,18,0,virus
37186,24,1,virus
25776,140,0,virus
27566,2,0,virus
33615,18,0,virus
28761,18,0,virus
43353,239,1,virus
610,34,1,virus
3819,24,1,virus
12159,78,1,virus
30822,21,0,virus
54650,4,1,virus
1443,222,1,virus
3360,2,1,virus
33529,21,0,virus
15719,107,0,virus
11772,2,0,virus
15590,20,0,virus
14029,16,0,virus
24475,2,1,virus
4555,48,1,virus
45354,59,0,virus
28229,2,0,virus
485,25,1,virus
37900,20,1,virus
42444,13,0,virus
18162,0,0,virus
8306,2,1,virus
38248,135,1,virus
8658,56,0,virus
8679,2,0,virus
31601,18,0,virus
12390,2,0,virus
6033,2,0,virus
36230,22,0,virus
6966,24,1,virus
54264,43,1,virus
5138,189,1,virus
36851,189,1,virus
24056,20,1,virus
13257,2,1,virus
11527,20,0,virus
16376,18,0,virus
38935,20,1,virus
45756,64,1,virus
26182,159,1,virus
25959,2,1,virus
39200,23,1,virus
12477,95,0,virus
14855,107,0,virus
23897,54,1,virus
39347,20,0,virus
37445,13,0,virus
53096,262,0,virus
30662,43,0,virus
47624,43,0,virus
36439,24,1,virus
6618,42,0,virus
12922,2,0,virus
25061,22,1,virus
37245,13,1,virus
16086,16,1,virus
24429,16,0,virus
15402,222,0,virus
6715,56,1,virus
39371,20,0,virus
266,135,1,virus
30191,18,0,virus
25038,22,1,virus
1121,17,0,virus
45649,191,1,virus
39192,23,1,virus
19276,0,0,virus
18932,18,0,virus
39896,20,0,virus
39359,20,0,virus
26003,168,0,virus
13473,16,0,virus
21278,22,1,virus
18205,14,0,virus
9135,75,1,virus
22194,168,1,virus
17969,18,0,virus
40825,135,1,virus
13765,16,1,virus
922,8,1,virus
17148,18,0,virus
43656,162,1,virus
52376,250,1,virus
20124,2,0,virus
51780,262,1,virus
18815,14,0,virus
13467,16,0,virus
30565,21,0,virus
22974,22,1,virus
51444,262,1,virus
2560,16,0,virus
8282,41,0,virus
37492,54,1,virus
34527,43,0,virus
54635,6,0,virus
13420,2,0,virus
7594,24,1,virus
21706,2,0,virus
31144,43,0,virus
38001,24,1,virus
35560,135,1,virus
6740,24,1,virus
18747,114,0,virus
19296,18,0,virus
44276,240,1,virus
47829,59,1,virus
25292,20,1,virus
913,34,1,virus
23851,54,1,virus
20746,5,0,virus
39978,262,1,virus
41736,216,0,virus
22959,54,1,virus
23589,54,1,virus
7487,24,1,virus
7559,189,1,virus
12627,168,0,virus
17536,105,0,virus
52246,262,1,virus
23556,135,0,virus
28780,43,0,virus
37478,13,1,virus
13526,16,0,virus
17282,0,0,virus
15039,185,0,virus
11363,2,1,virus
7067,24,1,virus
19084,0,0,virus
39549,20,1,virus
23023,22,1,virus
50176,155,1,virus
52559,262,1,virus
14441,10,0,virus
53063,262,0,virus
22659,16,0,virus
8486,28,1,virus
30686,2,1,virus
3962,24,1,virus
5183,189,1,virus
30023,21,0,virus
33806,167,0,virus
11476,24,1,virus
6200,24,1,virus
14007,168,0,virus
7386,47,0,virus
32253,43,0,virus
6954,24,1,virus
17988,104,0,virus
31341,43,1,virus
21342,59,0,virus
4004,24,1,virus
37190,24,1,virus
19968,126,0,virus
38665,23,1,virus
23512,23,1,virus
26450,43,0,virus
10334,13,0,virus
41190,6,1,virus
13119,222,0,virus
23967,6,1,virus
31411,43,0,virus
43497,162,1,virus
23162,54,0,virus
23943,6,1,virus
33257,43,1,virus
50650,43,0,virus
41685,213,0,virus
5529,2,0,virus
39798,22,1,virus
28364,2,0,virus
38036,135,1,virus
47797,43,0,virus
13299,168,0,virus
25036,22,1,virus
23225,224,1,virus
38193,24,1,virus
39172,20,1,virus
54824,6,1,virus
14377,0,0,virus
27890,43,1,virus
10035,16,0,virus
25125,8,1,virus
29897,21,0,virus
3508,8,1,virus
23868,136,1,virus
33787,18,0,virus
16518,168,0,virus
18367,16,0,virus
30183,18,0,virus
28613,21,0,virus
28583,21,0,virus
2829,24,1,virus
4256,25,1,virus
20873,43,0,virus
28450,18,0,virus
12091,168,0,virus
38729,20,1,virus
43366,239,1,virus
42962,229,0,virus
46494,43,0,virus
1583,0,0,virus
24801,144,0,virus
22977,54,1,virus
24466,2,0,virus
37188,24,1,virus
31224,18,0,virus
38170,24,1,virus
6824,189,1,virus
22541,5,0,virus
30192,21,0,virus
4629,18,1,virus
32337,21,0,virus
34257,18,0,virus
28784,59,0,virus
23836,136,1,virus
13559,2,1,virus
18674,16,1,virus
48524,237,1,virus
13992,168,0,virus
23623,54,1,virus
60,11,0,virus
3049,48,1,virus
23082,10,0,virus
5977,24,1,virus
14161,2,0,virus
6616,42,0,virus
2555,16,0,virus
54577,273,0,virus
45355,59,0,virus
20100,168,1,virus
14172,74,0,virus
7861,195,1,virus
17691,18,0,virus
778,100,1,virus
17640,18,0,virus
4310,2,1,virus
16916,103,0,virus
757,23,1,virus
36003,189,1,virus
34771,16,1,virus
17583,107,0,virus
5941,16,0,virus
33015,21,0,virus
31374,164,0,virus
47892,43,0,virus
52320,59,1,virus
40014,187,0,virus
33509,21,0,virus
16512,168,0,virus
9743,16,0,virus
11121,2,0,virus
32827,18,0,virus
3615,24,1,virus
36846,189,1,virus
10441,9,1,virus
3698,48,1,virus
19295,18,0,virus
34584,25,0,virus
32983,18,0,virus
18047,112,0,virus
34176,18,0,virus
40791,135,1,virus
52387,59,1,virus
30566,167,0,virus
7488,24,1,virus
14626,59,0,virus
600,8,1,virus
5966,24,1,virus
32653,43,0,virus
35171,85,0,virus
25635,16,0,virus
51619,262,1,virus
5974,189,1,virus
37409,24,1,virus
7873,196,0,virus
5192,24,1,virus
52359,250,1,virus
14570,2,0,virus
36442,16,1,virus
13957,16,0,virus
30011,18,0,virus
45251,251,1,virus
19321,103,0,virus
11264,2,1,virus
24837,4,0,virus
29001,43,0,virus
22939,54,1,virus
43522,162,1,virus
16418,20,1,virus
14343,18,0,virus
1205,13,1,virus
6660,2,0,virus
12804,2,0,virus
30300,18,0,virus
50905,43,0,virus
17548,114,0,virus
45531,43,0,virus
29434,18,0,virus
3684,191,1,virus
35927,33,0,virus
39050,2,1,virus
21810,222,0,virus
28913,43,0,virus
54919,16,0,virus
29651,18,0,virus
43633,162,1,virus
40770,189,1,virus
38562,24,1,virus
16328,2,1,virus
11980,16,1,virus
46548,43,0,virus
21374,16,1,virus
14114,222,1,virus
18876,0,0,virus
7263,9,1,virus
7512,24,1,virus
52358,232,1,virus
4722,57,0,virus
11741,80,0,virus
17178,5,0,virus
25776,91,0,virus
52603,262,1,virus
27026,59,0,virus
9117,24,1,virus
5533,34,1,virus
32446,18,0,virus
4438,2,0,virus
31125,18,0,virus
21934,168,1,virus
33029,18,0,virus
20059,95,0,virus
14133,4,0,virus
12531,16,0,virus
24477,19,0,virus
32727,21,0,virus
325,8,1,virus
14529,14,0,virus
42788,188,1,virus
30189,18,0,virus
53103,262,0,virus
24460,54,1,virus
28947,43,0,virus
32945,21,0,virus
316,25,0,virus
31985,18,0,virus
13158,74,0,virus
43052,6,0,virus
30394,18,0,virus
11924,168,0,virus
48137,43,0,virus
20587,2,0,virus
37515,13,1,virus
36349,20,1,virus
52377,43,1,virus
3078,16,0,virus
7899,24,1,virus
16505,168,0,virus
34650,21,0,virus
54095,262,0,virus
4942,47,0,virus
48713,43,0,virus
28596,4,0,virus
33477,21,0,virus
25816,140,0,virus
17046,18,0,virus
12007,2,1,virus
10403,16,0,virus
11763,93,0,virus
2740,54,1,virus
51538,262,1,virus
19930,5,0,virus
13635,168,1,virus
1210,56,1,virus
37861,24,1,virus
24055,20,1,virus
24898,20,0,virus
36419,20,1,virus
2928,54,1,virus
52483,262,0,virus
10230,56,1,virus
50183,155,1,virus
22946,22,1,virus
44311,6,1,virus
2896,189,1,virus
38653,20,1,virus
6140,16,0,virus
10138,24,1,virus
266,189,1,virus
23741,136,1,virus
17495,222,1,virus
44989,136,1,virus
17587,14,0,virus
21962,2,1,virus
30313,18,0,virus
33638,21,0,virus
19115,168,0,virus
28809,18,0,virus
21964,222,0,virus
18987,2,0,virus
44441,239,1,virus
41057,54,1,virus
12589,2,1,virus
21719,14,0,virus
5227,42,0,virus
50727,43,0,virus
54973,2,0,virus
26125,43,0,virus
31203,18,0,virus
45709,64,1,virus
23058,22,1,virus
16586,18,0,virus
49983,155,1,virus
33792,165,0,virus
29008,43,1,virus
29583,43,0,virus
38937,135,1,virus
24016,6,1,virus
39812,22,1,virus
38265,24,1,virus
34230,21,0,virus
16558,102,0,virus
31153,6,1,virus
26010,2,1,virus
23730,54,1,virus
12904,222,1,virus
22948,22,1,virus
34556,21,0,virus
52347,159,1,virus
24590,20,0,virus
17559,18,0,virus
36539,24,1,virus
51675,262,1,virus
4653,222,0,virus
14843,2,1,virus
23035,22,1,virus
39684,24,1,virus
34051,18,0,virus
20400,14,0,virus
451,2,1,virus
51913,262,1,virus
33531,21,0,virus
37249,24,1,virus
38766,126,1,virus
4166,2,0,virus
4187,24,1,virus
20004,168,0,virus
5928,16,0,virus
36953,20,0,virus
45748,64,1,virus
17937,14,0,virus
32768,21,0,virus
764,56,1,virus
20415,130,1,virus
33638,18,0,virus
14833,0,0,virus
41128,6,1,virus
2859,6,1,virus
43213,6,1,virus
34927,16,1,virus
18233,18,0,virus
34050,21,0,virus
30421,18,0,virus
32719,18,0,virus
7048,24,1,virus
33478,167,0,virus
26971,34,1,virus
46995,43,0,virus
33463,21,0,virus
920,8,1,virus
5966,189,1,virus
23071,22,1,virus
30387,18,0,virus
15015,18,0,virus
15199,18,0,virus
12511,168,1,virus
24584,111,0,virus
52914,262,1,virus
35293,43,1,virus
39166,22,1,virus
25229,222,0,virus
22973,224,1,virus
19688,0,0,virus
49914,64,1,virus
15194,18,0,virus
21428,2,0,virus
10135,20,1,virus
49026,261,0,virus
4287,31,1,virus
84,22,1,virus
9232,135,1,virus
8486,73,1,virus
29961,16,0,virus
2948,43,1,virus
13022,168,0,virus
24398,138,0,virus
5478,55,1,virus
33773,164,0,virus
7629,24,1,virus
37817,13,1,virus
578,34,1,virus
26432,102,0,virus
6280,52,0,virus
12097,16,1,virus
39452,20,1,virus
16539,14,0,virus
17607,103,0,virus
20283,222,0,virus
22312,16,1,virus
25383,23,1,virus
29684,43,0,virus
7226,22,0,virus
23879,54,1,virus
37101,54,1,virus
45283,251,1,virus
30136,164,0,virus
14134,10,0,virus
47974,59,1,virus
22604,2,0,virus
39193,23,1,virus
22059,222,0,virus
33745,21,1,virus
11791,222,0,virus
9519,2,1,virus
28590,18,0,virus
29168,164,0,virus
40584,189,1,virus
11101,191,0,virus
36674,20,1,virus
23051,224,1,virus
25709,126,0,virus
22285,168,1,virus
34072,21,0,virus
45254,251,1,virus
32687,21,0,virus
8474,73,1,virus
11231,20,1,virus
18781,112,0,virus
4774,6,1,virus
21213,168,0,virus
229,137,1,virus
13333,222,1,virus
45630,64,1,virus
33519,18,0,virus
35732,22,0,virus
6813,189,1,virus
45804,64,1,virus
4675,34,1,virus
30169,21,0,virus
31605,167,0,virus
11718,168,0,virus
43689,162,1,virus
38640,20,1,virus
82,13,1,virus
39273,6,1,virus
38253,24,1,virus
41700,91,0,virus
25068,9,1,virus
33509,18,0,virus
10260,56,0,virus
798,56,1,virus
42451,13,0,virus
1453,2,1,virus
11223,24,1,virus
22905,54,1,virus
13188,16,1,virus
49933,64,1,virus
52612,262,0,virus
48789,43,1,virus
19547,222,1,virus
11813,272,1,virus
52203,262,1,virus
42838,14,0,virus
29495,43,0,virus
12757,168,0,virus
40270,189,1,virus
12909,222,1,virus
37016,24,1,virus
52053,262,1,virus
44145,34,1,virus
47577,43,0,virus
27470,2,1,virus
44879,136,1,virus
5158,189,1,virus
17117,18,0,virus
15224,103,0,virus
12444,16,1,virus
892,42,1,virus
34077,21,0,virus
16851,18,0,virus
51617,262,1,virus
34892,16,1,virus
43379,239,1,virus
770,23,1,virus
8476,73,1,virus
2806,24,1,virus
16623,16,0,virus
50962,43,0,virus
25823,18,0,virus
46688,43,0,virus
45330,59,0,virus
36988,22,0,virus
19366,18,0,virus
13307,2,0,virus
49676,6,1,virus
32440,21,0,virus
48581,129,1,virus
23824,54,1,virus
30460,18,0,virus
10039,2,0,virus
53028,262,0,virus
22924,22,1,virus
17324,2,1,virus
11293,168,0,virus
47219,43,0,virus
12102,16,1,virus
14142,59,0,virus
48628,43,1,virus
32257,21,0,virus
17183,102,0,virus
1887,15,1,virus
52398,43,1,virus
8563,6,1,virus
26246,24,1,virus
33059,18,0,virus
19037,102,0,virus
36152,24,0,virus
11364,2,1,virus
20996,2,1,virus
15505,18,0,virus
13326,6,1,virus
17383,5,0,virus
13764,16,1,virus
10332,9,0,virus
29430,43,0,virus
44493,239,1,virus
27138,2,0,virus
11110,2,1,virus
13811,56,0,virus
25366,222,1,virus
18244,107,0,virus
43362,239,1,virus
783,56,1,virus
7926,24,1,virus
13887,168,0,virus
13549,16,0,virus
37407,220,0,virus
13694,168,0,virus
13798,56,1,virus
236,23,1,virus
47616,43,0,virus
44343,6,1,virus
16431,123,0,virus
8048,2,1,virus
13430,16,0,virus
11621,2,0,virus
51970,262,1,virus
9550,24,1,virus
36342,55,0,virus
68,2,0,virus
12052,222,1,virus
23366,2,1,virus
32468,18,0,virus
23521,22,1,virus
28728,43,0,virus
16494,0,0,virus
13830,56,1,virus
34667,18,0,virus
27516,2,1,virus
43405,239,1,virus
19387,168,0,virus
39887,59,1,virus
25054,54,1,virus
39032,2,1,virus
36805,135,1,virus
10946,16,0,virus
22554,2,0,virus
37421,13,1,virus
13767,126,0,virus
52672,262,1,virus
38158,24,1,virus
20921,16,1,virus
21804,20,0,virus
30399,18,0,virus
51634,262,1,virus
3715,191,1,virus
35188,246,0,virus
8480,73,1,virus
32572,18,0,virus
31971,43,0,virus
21964,2,0,virus
51797,262,1,virus
606,34,1,virus
13515,16,0,virus
15948,273,0,virus
30409,21,0,virus
45663,64,1,virus
6137,2,0,virus
12862,220,1,virus
28637,2,1,virus
21330,5,0,virus
2264,18,0,virus
6836,24,1,virus
4930,47,1,virus
33593,18,0,virus
20759,5,0,virus
22152,59,0,virus
25408,20,0,virus
18925,18,0,virus
25850,141,0,virus
5249,49,1,virus
36383,9,1,virus
20906,5,0,virus
25411,20,0,virus
51799,262,1,virus
31853,18,0,virus
39487,20,0,virus
1400,0,0,virus
53861,262,0,virus
52587,262,1,virus
48474,237,1,virus
31845,18,0,virus
50427,43,1,virus
21913,10,0,virus
52387,232,1,virus
25875,17,1,virus
13939,16,0,virus
45734,191,1,virus
33804,165,0,virus
53057,262,0,virus
21068,168,1,virus
995,34,1,virus
10701,6,1,virus
23157,54,0,virus
30183,21,0,virus
30429,21,0,virus
31207,21,0,virus
44940,136,1,virus
10080,16,0,virus
24953,16,0,virus
24539,10,1,virus
23199,54,1,virus
312,25,1,virus
16504,16,0,virus
34108,18,0,virus
45809,64,1,virus
39034,220,1,virus
45038,136,1,virus
13896,95,0,virus
20104,20,1,virus
22229,16,0,virus
37644,18,0,virus
5930,16,0,virus
51564,262,1,virus
11235,20,1,virus
45115,136,1,virus
15525,2,0,virus
168,56,1,virus
41653,6,0,virus
10976,27,0,virus
42790,188,1,virus
1081,183,1,virus
50219,155,1,virus
8665,2,0,virus
38938,135,1,virus
20676,126,0,virus
29865,18,0,virus
8313,6,1,virus
18430,18,0,virus
38670,180,1,virus
10641,24,0,virus
35632,43,1,virus
19164,0,0,virus
9687,2,1,virus
30964,21,0,virus
23938,6,1,virus
51630,262,1,virus
36234,13,0,virus
44964,136,1,virus
33077,21,0,virus
22064,2,0,virus
16826,64,0,virus
26174,124,1,virus
52362,43,1,virus
25458,222,0,virus
35404,43,1,virus
11430,56,1,virus
18327,2,0,virus
36777,24,1,virus
51523,262,1,virus
22965,54,1,virus
37531,54,1,virus
8154,189,1,virus
2272,2,1,virus
29863,21,0,virus
21131,222,0,virus
19061,59,0,virus
45994,256,1,virus
24395,138,0,virus
31279,135,1,virus
4467,2,0,virus
3899,2,1,virus
47544,43,0,virus
41346,135,1,virus
33702,18,0,virus
3402,24,1,virus
357,21,0,virus
12429,168,0,virus
37969,24,1,virus
19496,103,0,virus
24090,16,0,virus
44725,239,1,virus
28385,2,0,virus
26168,24,1,virus
44207,241,1,virus
41717,216,0,virus
13342,16,0,virus
52165,262,1,virus
49947,155,1,virus
27158,24,1,virus
29894,18,0,virus
11567,2,0,virus
24682,149,0,virus
32135,18,0,virus
25536,2,1,virus
11648,168,1,virus
28587,18,0,virus
45444,232,0,virus
810,9,1,virus
42788,188,1,virus
30286,161,0,virus
26765,16,0,virus
14214,0,0,virus
14057,16,0,virus
52353,59,1,virus
30775,25,0,virus
49132,261,1,virus
23592,54,1,virus
30530,18,0,virus
35518,43,1,virus
9231,189,1,virus
11941,2,0,virus
15605,16,0,virus
5413,2,1,virus
16018,216,0,virus
39340,20,0,virus
33331,167,0,virus
33752,21,1,virus
9504,2,0,virus
21275,272,1,virus
15433,18,0,virus
52807,43,1,virus
32911,18,0,virus
10205,9,0,virus
12249,16,1,virus
3866,13,1,virus
19381,168,0,virus
22054,222,1,virus
26250,24,1,virus
4945,47,0,virus
34310,21,0,virus
21528,2,0,virus
33837,18,0,virus
12578,220,1,virus
38514,135,1,virus
20112,126,0,virus
15134,64,0,virus
19194,18,0,virus
20323,126,0,virus
38067,188,1,virus
23948,6,1,virus
11522,20,0,virus
6980,189,1,virus
23799,54,1,virus
52377,250,1,virus
33584,21,0,virus
49876,64,1,virus
22250,2,0,virus
22317,168,1,virus
20039,59,0,virus
52717,262,1,virus
25027,54,1,virus
31084,18,0,virus
12798,6,1,virus
3813,24,1,virus
11082,2,0,virus
29152,164,0,virus
41349,208,0,virus
32954,21,0,virus
38009,24,1,virus
33008,21,0,virus
18673,168,1,virus
5000,25,1,virus
38342,24,1,virus
439,56,1,virus
35527,43,1,virus
16962,102,0,virus
13848,168,1,virus
31865,21,0,virus
29415,43,0,virus
37269,24,1,virus
847,9,1,virus
9230,189,1,virus
815,56,1,virus
19155,43,0,virus
11652,16,1,virus
29183,21,0,virus
27463,2,1,virus
25626,222,1,virus
41678,213,0,virus
7313,24,1,virus
51691,262,0,virus
1570,24,1,virus
22848,42,1,virus
12757,16,0,virus
16192,18,0,virus
18660,168,0,virus
40009,187,0,virus
18505,103,0,virus
48593,59,1,virus
20087,10,0,virus
26089,31,1,virus
21766,56,0,virus
12650,168,0,virus
33301,21,1,virus
40586,189,1,virus
35561,24,1,virus
36347,135,1,virus
25108,2,1,virus
14608,108,0,virus
46032,255,1,virus
4519,24,1,virus
17004,18,0,virus
28604,43,0,virus
15580,103,0,virus
15009,2,0,virus
23993,6,1,virus
12432,168,0,virus
41676,213,0,virus
17220,2,1,virus
1365,23,1,virus
34715,21,0,virus
24839,4,0,virus
48215,43,0,virus
9854,59,0,virus
39474,22,1,virus
39664,20,1,virus
30252,21,0,virus
13394,16,0,virus
36765,189,1,virus
55204,8,1,virus
17526,0,0,virus
38163,24,1,virus
5811,2,0,virus
42997,6,1,virus
20606,16,0,virus
13059,16,0,virus
39369,20,0,virus
225,54,1,virus
34717,18,0,virus
9401,56,1,virus
3375,6,1,virus
15485,18,0,virus
17169,10,0,virus
4747,65,0,virus
20388,123,1,virus
11811,2,0,virus
45779,64,1,virus
11945,2,0,virus
30909,18,0,virus
15800,103,0,virus
52284,262,1,virus
28093,21,0,virus
37208,135,1,virus
44800,136,1,virus
54394,16,0,virus
8050,191,1,virus
18888,0,0,virus
43568,162,1,virus
36748,24,1,virus
54268,43,1,virus
15493,106,0,virus
13008,16,0,virus
6086,9,0,virus
47915,43,1,virus
31699,2,1,virus
20633,2,0,virus
24259,138,0,virus
13518,16,0,virus
37819,24,1,virus
2906,2,1,virus
861,8,1,virus
51809,262,1,virus
605,34,1,virus
14926,16,1,virus
34101,18,0,virus
39493,23,1,virus
11207,16,1,virus
40412,6,0,virus
27912,2,1,virus
24506,22,1,virus
45870,191,1,virus
45340,59,0,virus
19929,5,0,virus
5847,16,0,virus
14737,168,1,virus
8407,2,0,virus
17127,16,0,virus
23148,54,0,virus
36364,24,0,virus
53770,262,0,virus
40212,189,1,virus
40126,189,0,virus
25711,222,1,virus
21438,222,0,virus
25041,100,1,virus
44356,6,1,virus
33990,43,0,virus
37078,22,0,virus
46837,43,0,virus
32225,18,0,virus
33773,18,0,virus
13651,16,0,virus
3179,43,1,virus
40916,135,1,virus
30103,18,0,virus
11790,16,0,virus
33804,167,0,virus
12868,2,1,virus
31644,21,0,virus
33829,18,0,virus
35565,6,1,virus
22991,54,1,virus
10454,9,1,virus
37076,24,1,virus
5514,2,0,virus
16666,107,0,virus
33828,18,0,virus
25025,23,1,virus
39022,2,1,virus
5966,189,1,virus
13380,91,1,virus
47972,59,1,virus
53863,262,0,virus
28665,21,0,virus
51665,262,1,virus
54880,6,1,virus
7650,2,0,virus
34089,21,0,virus
24240,2,0,virus
6601,24,1,virus
29512,21,0,virus
22401,2,0,virus
42915,224,1,virus
9232,135,1,virus
23217,59,0,virus
39312,41,1,virus
54223,262,0,virus
5134,24,1,virus
38663,22,1,virus
40978,135,1,virus
9160,2,0,virus
37979,24,1,virus
521,0,0,virus
31607,21,0,virus
1508,222,1,virus
6893,24,1,virus
16766,103,0,virus
3452,24,1,virus
12548,168,0,virus
28717,13,1,virus
3901,6,1,virus
11158,16,0,virus
29948,18,0,virus
51907,262,1,virus
42543,217,0,virus
12189,168,1,virus
14151,4,0,virus
12730,16,0,virus
22099,95,0,virus
784,54,1,virus
12216,16,1,virus
8038,191,1,virus
45899,64,1,virus
9232,139,1,virus
45998,256,1,virus
32259,21,0,virus
30555,18,0,virus
27125,24,1,virus
52959,262,0,virus
27155,24,1,virus
36958,13,0,virus
5679,56,0,virus
32668,164,0,virus
18905,18,0,virus
2023,25,1,virus
5130,24,1,virus
30197,18,0,virus
1045,34,1,virus
47490,43,0,virus
32455,18,0,virus
36625,135,1,virus
52236,262,1,virus
31022,43,1,virus
4006,42,0,virus
15716,18,0,virus
32639,18,0,virus
37840,24,1,virus
28710,43,1,virus
9892,24,0,virus
12525,16,0,virus
25957,16,0,virus
54754,6,0,virus
50206,155,1,virus
30088,43,1,virus
52765,262,1,virus
16431,0,0,virus
19018,16,0,virus
30494,18,0,virus
853,8,1,virus
38658,180,1,virus
14120,2,0,virus
51592,262,1,virus
38617,24,1,virus
1327,9,1,virus
52001,262,1,virus
7592,24,1,virus
38372,189,1,virus
37946,189,1,virus
49008,261,0,virus
34710,18,0,virus
12211,6,1,virus
13081,56,0,virus
34407,18,0,virus
14257,106,0,virus
23209,222,0,virus
38283,24,1,virus
23023,54,1,virus
40436,6,0,virus
53826,262,0,virus
32704,18,0,virus
49147,261,1,virus
15074,18,0,virus
44388,6,1,virus
45958,255,1,virus
11643,168,1,virus
39976,262,1,virus
46560,43,0,virus
45305,251,1,virus
45101,242,1,virus
12345,2,0,virus
43376,239,1,virus
43367,239,1,virus
23748,54,1,virus
37995,135,1,virus
50880,43,1,virus
33499,18,0,virus
1832,5,0,virus
15326,5,0,virus
34648,18,0,virus
26871,102,0,virus
46213,43,1,virus
43250,6,1,virus
6362,24,0,virus
17657,18,0,virus
24328,2,0,virus
20897,5,0,virus
2414,16,0,virus
28969,24,1,virus
44112,239,1,virus
51290,43,0,virus
38720,20,1,virus
52372,59,1,virus
49874,64,1,virus
21445,2,0,virus
10406,42,0,virus
33686,167,0,virus
52673,262,1,virus
17009,14,0,virus
21557,222,1,virus
6346,18,0,virus
34086,18,0,virus
37850,24,1,virus
6306,2,0,virus
19853,168,0,virus
7267,189,1,virus
50730,43,0,virus
5036,24,1,virus
40163,189,0,virus
30226,18,0,virus
18129,168,1,virus
26887,168,1,virus
49728,43,1,virus
29800,18,0,virus
32939,18,0,virus
43011,137,1,virus
21778,2,0,virus
37920,20,1,virus
45912,191,1,virus
15993,18,0,virus
39457,20,1,virus
579,8,1,virus
54996,20,0,virus
23640,136,1,virus
12776,2,0,virus
43042,233,0,virus
25481,2,0,virus
13658,168,0,virus
11333,6,1,virus
4278,31,1,virus
21002,222,1,virus
47625,43,0,virus
20965,130,1,virus
51225,159,1,virus
21410,20,0,virus
37047,54,1,virus
16457,102,0,virus
36307,40,1,virus
32547,167,0,virus
38250,135,0,virus
4640,18,1,virus
30284,18,0,virus
7959,16,0,virus
14008,16,0,virus
251,24,1,virus
39655,20,1,virus
35993,24,1,virus
30584,21,0,virus
43351,6,1,virus
35204,172,1,virus
23067,23,1,virus
2887,56,0,virus
25521,2,1,virus
1636,0,0,virus
19325,102,0,virus
52341,250,1,virus
45720,64,1,virus
54506,168,0,virus
50005,155,1,virus
6880,24,1,virus
47451,43,0,virus
40954,189,1,virus
39920,43,1,virus
31195,18,0,virus
12692,168,1,virus
11464,24,1,virus
14905,14,0,virus
22897,42,1,virus
5023,24,1,virus
775,9,1,virus
20205,110,1,virus
3902,6,1,virus
16182,0,0,virus
6659,9,0,virus
394,28,0,virus
756,23,1,virus
38052,183,1,virus
20795,10,1,virus
12935,168,1,virus
3496,2,0,virus
13587,16,0,virus
37205,135,1,virus
23648,54,1,virus
15826,13,0,virus
726,0,0,virus
16057,108,0,virus
46695,43,0,virus
37719,24,1,virus
10513,16,0,virus
20735,16,0,virus
32519,21,0,virus
39784,22,1,virus
37821,24,1,virus
34434,43,0,virus
22001,5,0,virus
54212,262,0,virus
33817,21,0,virus
8990,23,0,virus
35972,189,1,virus
4988,24,1,virus
8735,16,0,virus
52195,262,1,virus
42792,189,1,virus
13691,168,1,virus
52167,262,1,virus
1646,9,1,virus
51953,262,1,virus
26093,21,0,virus
11100,191,0,virus
38350,24,1,virus
14808,13,0,virus
31180,21,0,virus
31903,18,0,virus
39206,23,1,virus
32679,43,0,virus
6136,2,0,virus
14197,98,0,virus
43038,233,0,virus
37328,22,1,virus
28029,2,0,virus
12928,168,0,virus
3079,16,1,virus
6957,24,1,virus
51054,43,0,virus
11967,10,0,virus
36433,40,1,virus
37086,189,1,virus
13202,24,1,virus
33595,21,0,virus
26260,24,1,virus
28486,4,0,virus
37614,18,0,virus
31310,43,1,virus
13496,168,0,virus
34080,164,0,virus
34808,42,0,virus
51567,262,1,virus
27406,2,0,virus
33176,18,0,virus
22933,22,1,virus
21176,16,0,virus
4474,2,0,virus
16486,0,0,virus
39196,22,1,virus
37146,189,1,virus
47956,43,0,virus
33736,166,0,virus
37121,13,1,virus
7317,189,1,virus
10949,24,0,virus
45871,64,1,virus
12104,16,1,virus
45660,191,1,virus
4068,222,1,virus
14945,5,0,virus
17317,2,0,virus
14117,222,1,virus
12709,222,0,virus
11959,16,1,virus
27479,2,1,virus
31633,18,0,virus
34389,21,0,virus
39006,20,1,virus
44778,136,1,virus
39375,188,1,virus
13190,168,1,virus
45009,189,1,virus
20595,2,0,virus
50307,155,1,virus
23010,54,1,virus
21433,37,0,virus
44316,6,1,virus
1064,34,1,virus
33023,18,0,virus
48513,237,1,virus
46386,43,0,virus
4766,184,0,virus
43210,6,1,virus
16732,111,0,virus
8063,2,1,virus
20740,5,0,virus
8620,44,1,virus
16148,126,0,virus
32454,21,0,virus
47571,43,0,virus
29819,21,0,virus
31624,21,0,virus
16730,105,0,virus
45200,59,1,virus
28908,262,1,virus
30559,18,0,virus
24432,55,0,virus
45109,242,1,virus
898,34,1,virus
15144,168,1,virus
30476,21,0,virus
30306,18,0,virus
3660,48,1,virus
45448,59,0,virus
54177,262,0,virus
17567,18,0,virus
32981,21,0,virus
31259,18,0,virus
41116,54,1,virus
21955,14,0,virus
15053,222,0,virus
1740,5,0,virus
13005,16,0,virus
49118,261,1,virus
45937,255,1,virus
7656,2,0,virus
22762,59,0,virus
31855,21,0,virus
22740,5,0,virus
12167,78,1,virus
11261,220,1,virus
1059,8,1,virus
8957,6,1,virus
38941,135,1,virus
20002,168,0,virus
31882,21,0,virus
29650,18,0,virus
3714,191,1,virus
51353,262,1,virus
43525,162,1,virus
1361,137,1,virus
45872,64,1,virus
45382,232,0,virus
11236,16,1,virus
9887,2,1,virus
5539,189,1,virus
12706,56,1,virus
36777,135,1,virus
1702,2,0,virus
54692,2,1,virus
35832,135,1,virus
22202,16,0,virus
45094,242,1,virus
43619,162,1,virus
33548,21,0,virus
34064,21,0,virus
45929,191,1,virus
50185,155,1,virus
12960,16,0,virus
2909,2,1,virus
5081,6,1,virus
4309,2,0,virus
44390,6,1,virus
55024,20,0,virus
6771,24,1,virus
26362,43,1,virus
14059,168,0,virus
30244,18,0,virus
6524,13,1,virus
31973,43,0,virus
24863,10,1,virus
19454,5,0,virus
8557,9,1,virus
29165,18,0,virus
29607,18,0,virus
42422,216,0,virus
5572,2,0,virus
36236,24,1,virus
3925,49,1,virus
25986,16,0,virus
28699,43,0,virus
24283,192,0,virus
9229,24,1,virus
40578,189,1,virus
48829,237,1,virus
9024,22,0,virus
17586,107,0,virus
11620,2,0,virus
23573,137,1,virus
32838,18,0,virus
48257,59,0,virus
30424,21,0,virus
2262,2,0,virus
45827,64,1,virus
611,34,1,virus
30890,18,0,virus
46927,43,0,virus
13126,24,1,virus
14133,126,0,virus
6866,24,0,virus
22981,224,1,virus
54992,168,0,virus
28268,91,0,virus
25377,114,1,virus
31621,18,0,virus
32601,21,0,virus
22761,59,0,virus
34382,21,0,virus
33732,18,0,virus
53318,43,0,virus
24947,2,0,virus
22284,16,1,virus
31596,18,0,virus
38925,20,1,virus
45693,64,1,virus
44637,239,1,virus
4800,49,1,virus
7686,9,0,virus
16051,102,0,virus
4846,54,1,virus
29523,43,1,virus
28436,31,1,virus
167,56,1,virus
38266,24,1,virus
31427,18,0,virus
31636,21,0,virus
37593,24,1,virus
25529,2,1,virus
26704,43,1,virus
14859,105,0,virus
20480,16,0,virus
906,8,1,virus
11202,168,1,virus
5479,55,1,virus
15314,0,0,virus
7047,24,1,virus
30634,18,0,virus
3119,189,1,virus
18663,16,0,virus
48975,261,1,virus
13431,16,0,virus
5179,24,1,virus
45719,191,1,virus
32788,18,0,virus
3453,24,1,virus
636,2,0,virus
25781,154,0,virus
5128,56,0,virus
8142,2,1,virus
48501,237,1,virus
7259,9,0,virus
6317,16,0,virus
43438,162,1,virus
31164,43,0,virus
15194,103,0,virus
31642,18,0,virus
32971,18,0,virus
26915,8,1,virus
39219,43,1,virus
33350,18,0,virus
37324,13,1,virus
12468,16,0,virus
30554,166,0,virus
26964,137,1,virus
21653,91,0,virus
12687,168,1,virus
38660,22,1,virus
37645,18,0,virus
52374,59,1,virus
13546,41,0,virus
6250,43,1,virus
37173,20,0,virus
37210,135,1,virus
5088,2,1,virus
34890,16,1,virus
12130,16,1,virus
30829,18,0,virus
50762,43,0,virus
926,34,1,virus
1491,222,1,virus
35584,43,1,virus
44947,136,1,virus
38672,23,1,virus
27158,2,1,virus
345,0,0,virus
45398,59,0,virus
17095,0,0,virus
45734,64,1,virus
48765,43,1,virus
767,100,1,virus
17264,106,0,virus
38711,20,1,virus
22969,224,1,virus
45758,64,1,virus
13503,16,0,virus
11131,222,0,virus
37413,24,1,virus
47356,43,0,virus
44308,6,1,virus
48387,43,0,virus
17949,217,0,virus
40959,189,1,virus
6579,4,1,virus
20572,2,0,virus
32478,18,0,virus
8073,191,1,virus
30796,18,0,virus
52466,43,1,virus
13546,59,0,virus
14586,114,0,virus
3257,45,0,virus
14039,168,0,virus
33512,18,0,virus
10480,16,0,virus
38263,6,1,virus
42794,188,1,virus
295,20,0,virus
11084,6,1,virus
3941,24,0,virus
10182,41,0,virus
32256,21,0,virus
46529,43,0,virus
54621,50,0,virus
34665,18,0,virus
27944,2,1,virus
43301,6,1,virus
45209,59,1,virus
14200,168,0,virus
9847,6,0,virus
23014,23,1,virus
23704,54,1,virus
52275,262,1,virus
10043,2,0,virus
26022,2,1,virus
30265,18,0,virus
32986,21,0,virus
33467,21,0,virus
43208,6,1,virus
12873,2,0,virus
26002,2,0,virus
46948,43,0,virus
49917,64,1,virus
52368,250,1,virus
35415,43,1,virus
21991,95,0,virus
30235,18,0,virus
38508,189,1,virus
6115,52,0,virus
45984,255,1,virus
48779,43,1,virus
54196,262,0,virus
4968,47,0,virus
51723,262,1,virus
38066,24,1,virus
8153,24,1,virus
6519,9,0,virus
32768,18,0,virus
25498,222,1,virus
12727,168,0,virus
39969,262,1,virus
10425,16,0,virus
25246,2,1,virus
35899,24,1,virus
49953,155,1,virus
47120,43,0,virus
22524,59,0,virus
54317,43,1,virus
8555,56,1,virus
16230,102,0,virus
5183,24,1,virus
32489,21,0,virus
2897,24,1,virus
17399,185,0,virus
14114,2,1,virus
15606,16,0,virus
33592,18,0,virus
17512,18,0,virus
45810,191,1,virus
23762,136,1,virus
37024,24,1,virus
28387,2,0,virus
13821,9,1,virus
23288,22,1,virus
30098,18,0,virus
42841,14,0,virus
37052,24,1,virus
36467,16,1,virus
24809,126,0,virus
38662,23,1,virus
36136,24,1,virus
25842,16,0,virus
2075,5,0,virus
15031,18,0,virus
52385,250,1,virus
18473,14,0,virus
50052,155,1,virus
39151,2,0,virus
12243,16,1,virus
544,2,1,virus
369,17,0,virus
52336,250,1,virus
37159,24,1,virus
24514,22,1,virus
266,139,1,virus
9446,189,1,virus
13982,168,1,virus
11123,222,0,virus
33761,18,0,virus
1911,2,0,virus
5190,189,1,virus
1257,2,0,virus
26032,6,0,virus
17579,14,0,virus
20758,14,0,virus
37277,24,1,virus
12130,168,1,virus
19899,124,1,virus
14581,168,0,virus
47692,43,0,virus
15383,106,0,virus
15292,18,0,virus
16061,18,0,virus
49576,6,1,virus
17096,0,0,virus
13662,41,0,virus
21851,16,1,virus
38593,24,1,virus
4087,2,0,virus
39528,24,1,virus
38675,23,1,virus
9850,56,1,virus
51243,43,0,virus
47542,43,0,virus
2594,43,1,virus
21315,16,0,virus
30647,43,0,virus
32274,21,0,virus
41124,54,1,virus
45757,191,1,virus
11459,24,1,virus
39024,20,1,virus
14023,168,0,virus
2088,0,0,virus
10281,56,0,virus
27490,2,1,virus
33015,18,0,virus
13956,16,0,virus
4378,16,0,virus
17941,18,0,virus
24929,6,0,virus
17222,220,1,virus
773,9,1,virus
47809,59,1,virus
19943,5,0,virus
5945,16,0,virus
21332,16,0,virus
52335,232,1,virus
7706,24,1,virus
32514,21,0,virus
31882,18,0,virus
14158,59,0,virus
33961,43,0,virus
31424,21,0,virus
414,2,0,virus
14318,5,0,virus
53330,43,0,virus
42795,188,1,virus
35577,2,0,virus
32937,18,0,virus
33686,165,0,virus
32888,21,0,virus
5136,24,1,virus
49058,261,1,virus
606,8,1,virus
34266,18,0,virus
1060,8,1,virus
12314,16,0,virus
6715,9,1,virus
5936,16,0,virus
598,137,1,virus
7453,189,1,virus
7509,24,0,virus
4189,6,1,virus
30268,21,0,virus
36845,189,1,virus
49176,261,1,virus
37936,183,1,virus
672,2,1,virus
18548,103,0,virus
35614,43,1,virus
4938,47,0,virus
12768,2,0,virus
39312,59,1,virus
2010,59,0,virus
1643,201,1,virus
22947,224,1,virus
26440,102,0,virus
54575,273,0,virus
45849,64,1,virus
40851,135,0,virus
28894,22,1,virus
6354,2,0,virus
595,54,1,virus
22850,42,1,virus
848,9,1,virus
4885,24,1,virus
16594,14,0,virus
38949,20,1,virus
37467,54,1,virus
37209,24,1,virus
15079,18,0,virus
9205,6,0,virus
32797,21,0,virus
52718,262,1,virus
35560,189,1,virus
45075,136,1,virus
42957,229,0,virus
762,136,1,virus
26400,43,1,virus
39040,220,1,virus
52401,262,0,virus
30313,21,0,virus
19671,0,0,virus
32905,18,0,virus
43086,34,0,virus
8796,24,1,virus
45779,191,1,virus
39979,43,1,virus
2818,24,1,virus
52316,59,1,virus
38820,2,1,virus
9390,16,0,virus
47530,43,0,virus
32881,21,0,virus
52215,262,1,virus
35595,13,0,virus
24558,20,0,virus
16974,5,0,virus
32498,21,0,virus
30653,21,0,virus
52821,43,1,virus
43700,162,1,virus
49899,64,1,virus
8941,2,1,virus
11946,222,0,virus
49633,6,1,virus
32863,18,0,virus
12465,16,0,virus
33720,18,0,virus
32302,21,0,virus
29536,18,0,virus
29617,43,1,virus
5264,222,0,virus
52338,250,1,virus
30826,21,0,virus
25051,23,1,virus
21467,222,0,virus
40928,59,0,virus
25986,6,0,virus
31039,24,1,virus
27247,262,1,virus
19913,124,1,virus
26729,16,1,virus
42731,100,0,virus
32783,18,0,virus
2964,201,1,virus
22917,224,1,virus
12508,126,0,virus
33478,166,0,virus
32204,21,0,virus
21378,126,0,virus
13335,222,1,virus
21881,222,0,virus
15681,18,0,virus
39493,22,1,virus
24539,144,1,virus
32898,21,0,virus
48956,261,1,virus
52000,262,1,virus
33000,18,0,virus
24956,16,0,virus
18393,0,0,virus
913,34,1,virus
12931,34,1,virus
24274,54,1,virus
15547,111,0,virus
47965,43,1,virus
36915,2,1,virus
55071,220,0,virus
35785,24,1,virus
23659,136,1,virus
10385,56,0,virus
55123,126,0,virus
24846,126,0,virus
23893,136,1,virus
3365,6,0,virus
19363,18,0,virus
18278,114,0,virus
24729,20,0,virus
37991,135,1,virus
10547,24,0,virus
13243,168,1,virus
597,54,1,virus
20160,222,1,virus
9925,24,1,virus
33810,21,0,virus
12431,168,0,virus
38459,24,1,virus
8846,9,0,virus
19167,18,0,virus
6097,56,0,virus
13955,16,0,virus
12666,2,0,virus
38504,24,1,virus
20421,2,0,virus
26032,2,1,virus
12212,6,1,virus
23004,224,1,virus
17725,222,1,virus
12204,168,1,virus
28685,18,0,virus
24804,126,0,virus
33345,18,0,virus
9244,16,0,virus
12572,91,0,virus
51880,262,1,virus
6605,24,1,virus
31594,18,0,virus
32550,18,0,virus
39440,43,0,virus
44988,136,1,virus
12693,16,1,virus
23253,135,0,virus
43206,6,1,virus
25055,22,1,virus
52206,262,1,virus
33052,21,0,virus
35963,6,1,virus
31984,43,1,virus
41162,6,1,virus
35274,173,0,virus
2789,24,1,virus
14450,10,0,virus
9699,56,0,virus
30881,164,0,virus
170,9,1,virus
2964,189,1,virus
1245,2,1,virus
35912,24,1,virus
32985,18,0,virus
37336,24,1,virus
20650,5,0,virus
19104,103,0,virus
24508,23,1,virus
43224,6,1,virus
20980,130,1,virus
31647,21,0,virus
18845,16,1,virus
2291,18,0,virus
21009,222,1,virus
23937,6,1,virus
54132,262,0,virus
20078,5,0,virus
29445,43,1,virus
16321,18,0,virus
37607,24,1,virus
27657,43,1,virus
4601,16,0,virus
33613,167,0,virus
10025,16,0,virus
54627,34,1,virus
19094,18,0,virus
30596,43,1,virus
13684,6,0,virus
33132,43,0,virus
13857,168,1,virus
6235,16,0,virus
48976,261,1,virus
33076,18,0,virus
33667,21,0,virus
10206,9,0,virus
23284,2,1,virus
10926,123,0,virus
32555,21,0,virus
5013,25,1,virus
33923,18,0,virus
24526,2,0,virus
46382,43,0,virus
34594,43,0,virus
34577,165,0,virus
20948,16,1,virus
54594,126,0,virus
2337,15,1,virus
6745,24,1,virus
13014,168,0,virus
22997,54,1,virus
54900,6,1,virus
38396,24,1,virus
31490,18,0,virus
24283,2,0,virus
34106,21,0,virus
53520,43,0,virus
46146,255,1,virus
5852,222,0,virus
45041,136,1,virus
6155,47,1,virus
26267,2,1,virus
17193,222,0,virus
9192,24,0,virus
43033,233,0,virus
9758,6,1,virus
39465,23,1,virus
12463,16,0,virus
20447,56,0,virus
48853,160,0,virus
425,9,1,virus
8541,9,1,virus
28348,18,0,virus
14121,222,0,virus
47424,43,0,virus
29649,21,0,virus
38666,180,1,virus
23933,6,1,virus
46540,43,0,virus
54038,262,0,virus
9905,2,0,virus
934,34,1,virus
6091,57,0,virus
43873,239,1,virus
29128,43,1,virus
18011,222,0,virus
18383,103,0,virus
52319,232,1,virus
34140,43,1,virus
593,137,1,virus
33883,18,0,virus
2198,2,0,virus
3083,34,1,virus
12062,220,0,virus
3208,24,1,virus
33667,18,0,virus
6101,56,0,virus
54173,262,0,virus
32226,18,0,virus
27570,2,1,virus
51551,262,1,virus
33718,18,0,virus
40388,6,1,virus
43429,162,1,virus
22292,16,1,virus
47927,43,1,virus
266,6,1,virus
47893,43,0,virus
47486,43,0,virus
30870,2,0,virus
16221,18,0,virus
26287,2,0,virus
42789,189,1,virus
32777,18,0,virus
406,8,1,virus
894,8,1,virus
1457,2,1,virus
54616,50,0,virus
54093,262,0,virus
34600,43,0,virus
24788,4,0,virus
28193,43,0,virus
31262,21,0,virus
2348,15,1,virus
7271,6,0,virus
47480,43,0,virus
32379,18,0,virus
41164,6,1,virus
25355,222,1,virus
26245,24,1,virus
16827,18,0,virus
13881,41,1,virus
18931,18,0,virus
45001,136,1,virus
12778,16,0,virus
33888,43,0,virus
33737,18,0,virus
50235,155,1,virus
9847,2,0,virus
2589,54,1,virus
51049,43,1,virus
12210,2,0,virus
33612,167,0,virus
34107,43,0,virus
34601,18,0,virus
33792,166,0,virus
19083,102,0,virus
49642,6,1,virus
36564,24,1,virus
18326,2,0,virus
756,9,1,virus
6142,21,0,virus
31904,21,0,virus
22395,168,0,virus
19783,64,0,virus
33259,21,0,virus
613,8,1,virus
34933,16,1,virus
34003,18,0,virus
31887,18,0,virus
13798,9,1,virus
18523,106,0,virus
17814,14,0,virus
4991,25,1,virus
54571,222,1,virus
23284,222,1,virus
1586,2,1,virus
30365,43,1,virus
13888,168,0,virus
18995,0,0,virus
28574,43,0,virus
34979,16,1,virus
32880,21,0,virus
24579,16,0,virus
1559,18,0,virus
35188,146,0,virus
2009,24,0,virus
28921,18,0,virus
51364,262,1,virus
54009,262,0,virus
46746,43,0,virus
29106,43,1,virus
15925,107,0,virus
40651,194,0,virus
1693,24,0,virus
25330,137,1,virus
18665,2,0,virus
18544,5,0,virus
13254,16,1,virus
54640,4,1,virus
13064,16,0,virus
35690,13,0,virus
2809,24,1,virus
34230,18,0,virus
25892,2,0,virus
45860,191,1,virus
48582,129,1,virus
16643,0,0,virus
22553,2,0,virus
26660,2,1,virus
49020,261,0,virus
17896,103,0,virus
36617,24,1,virus
49120,261,1,virus
25041,23,1,virus
14839,0,0,virus
24866,126,1,virus
25863,17,1,virus
26002,16,0,virus
33119,21,0,virus
10299,16,0,virus
32709,69,0,virus
25246,6,0,virus
48508,237,1,virus
45333,59,0,virus
45880,191,1,virus
51053,43,0,virus
21684,2,0,virus
40308,6,1,virus
46342,43,0,virus
21136,10,0,virus
23158,54,0,virus
25889,222,0,virus
37763,24,1,virus
37813,54,1,virus
13923,222,0,virus
5173,189,1,virus
39614,20,1,virus
27923,2,1,virus
30507,21,0,virus
27696,145,0,virus
47644,43,0,virus
6047,16,0,virus
12208,16,1,virus
40919,59,1,virus
9266,6,1,virus
18421,14,0,virus
13354,222,1,virus
47058,43,0,virus
27476,2,1,virus
14537,0,0,virus
19968,10,0,virus
14306,70,0,virus
6453,2,0,virus
18179,103,0,virus
11287,20,1,virus
21940,16,1,virus
23016,23,1,virus
24160,222,1,virus
45754,191,1,virus
20958,168,1,virus
2964,20,1,virus
42922,224,1,virus
23041,22,1,virus
15208,0,0,virus
29504,43,0,virus
20798,20,1,virus
49096,261,1,virus
40123,188,1,virus
22633,16,0,virus
39497,72,1,virus
23045,54,1,virus
12481,16,0,virus
5978,24,1,virus
43396,239,1,virus
3922,49,1,virus
37655,13,0,virus
48656,43,0,virus
45863,191,1,virus
266,135,1,virus
7404,16,0,virus
32546,166,0,virus
6885,24,1,virus
39732,22,1,virus
29895,18,0,virus
3073,48,1,virus
22928,22,1,virus
26687,43,0,virus
9401,9,1,virus
46369,43,0,virus
22469,168,0,virus
3699,48,1,virus
23319,54,0,virus
19186,102,0,virus
12846,222,1,virus
38229,24,1,virus
44446,136,1,virus
23762,54,1,virus
6657,24,1,virus
45892,191,1,virus
33551,21,0,virus
28619,43,0,virus
9931,28,0,virus
47716,43,0,virus
40334,189,1,virus
40596,189,1,virus
19498,222,0,virus
34062,21,0,virus
12584,16,0,virus
45927,64,1,virus
350,18,0,virus
19364,18,0,virus
28643,2,1,virus
52345,43,1,virus
36847,24,1,virus
11335,220,1,virus
25562,222,1,virus
252,24,1,virus
30849,18,0,virus
40192,135,1,virus
32545,18,0,virus
8955,2,0,virus
20823,55,1,virus
45913,191,1,virus
38556,24,1,virus
13594,168,0,virus
41174,6,1,virus
11734,16,0,virus
39630,20,1,virus
32619,43,0,virus
35222,2,0,virus
17583,106,0,virus
28897,262,1,virus
40336,189,1,virus
7516,189,1,virus
42569,217,0,virus
27314,6,1,virus
37109,135,1,virus
18679,16,0,virus
29621,43,1,virus
34637,18,0,virus
34054,21,0,virus
8471,28,1,virus
38734,20,1,virus
23890,136,1,virus
1139,8,1,virus
40322,6,1,virus
45659,64,1,virus
8294,77,0,virus
9592,189,1,virus
31603,18,0,virus
33698,164,0,virus
22908,22,1,virus
3600,22,0,virus
30900,2,0,virus
1442,2,1,virus
20839,5,0,virus
357,18,0,virus
32447,21,0,virus
50114,155,1,virus
44268,240,1,virus
4463,2,0,virus
32279,18,0,virus
1670,191,1,virus
22395,16,0,virus
17298,222,1,virus
8566,47,1,virus
10692,222,1,virus
21003,222,1,virus
38483,135,1,virus
1668,17,0,virus
28246,18,0,virus
39477,20,1,virus
42792,188,1,virus
10163,24,1,virus
48901,261,1,virus
20146,10,0,virus
26673,16,0,virus
12986,168,0,virus
16630,14,0,virus
30123,18,0,virus
1255,0,0,virus
28042,21,0,virus
38892,20,1,virus
13008,168,0,virus
922,42,1,virus
18721,16,0,virus
50049,155,1,virus
31656,21,0,virus
4020,22,1,virus
30601,43,0,virus
33738,18,0,virus
13545,222,1,virus
19344,18,0,virus
31869,21,0,virus
32319,21,0,virus
47894,41,0,virus
12703,168,0,virus
605,54,1,virus
33502,21,0,virus
31428,18,0,virus
7079,2,0,virus
22891,42,1,virus
25698,222,0,virus
2444,24,1,virus
8983,24,1,virus
52115,262,1,virus
38952,135,1,virus
19247,2,0,virus
45092,136,1,virus
51792,262,1,virus
36659,24,1,virus
12623,16,0,virus
37807,13,1,virus
32693,21,0,virus
14011,16,0,virus
27427,2,1,virus
17112,18,0,virus
49109,261,1,virus
49146,261,1,virus
944,34,1,virus
30196,21,0,virus
40258,189,1,virus
12457,16,0,virus
8109,191,1,virus
38895,20,1,virus
33197,18,0,virus
30126,21,0,virus
21100,168,0,virus
34878,16,1,virus
31260,18,0,virus
29781,2,1,virus
47747,43,0,virus
52394,43,1,virus
36635,24,1,virus
18652,102,0,virus
40016,187,0,virus
21593,2,0,virus
32057,43,0,virus
52694,262,1,virus
33919,21,0,virus
13219,16,0,virus
48754,43,1,virus
51866,262,1,virus
12972,2,1,virus
26405,262,1,virus
13498,126,0,virus
47995,43,1,virus
40776,135,1,virus
1242,17,0,virus
53773,262,0,virus
34261,18,0,virus
49297,264,1,virus
13987,168,0,virus
39326,59,1,virus
13547,16,0,virus
2995,159,1,virus
10787,2,0,virus
13220,16,0,virus
21680,16,0,virus
36487,16,1,virus
54073,262,0,virus
12210,9,0,virus
34639,18,0,virus
38092,24,1,virus
34487,43,1,virus
24891,20,0,virus
181,188,1,virus
46065,255,1,virus
34485,43,1,virus
38056,183,1,virus
37156,24,1,virus
17302,222,1,virus
50692,43,0,virus
54863,6,1,virus
36448,43,0,virus
37323,22,1,virus
22435,16,0,virus
12513,168,0,virus
23586,54,1,virus
52341,43,1,virus
15240,18,0,virus
31861,18,0,virus
51828,262,1,virus
11831,16,1,virus
12774,20,0,virus
3690,48,1,virus
45952,255,1,virus
21536,222,0,virus
23594,136,1,virus
6465,56,0,virus
18115,102,0,virus
51431,262,1,virus
33281,18,0,virus
4112,2,1,virus
33179,164,0,virus
6831,24,1,virus
4730,6,1,virus
55010,168,0,virus
6280,16,0,virus
34577,167,0,virus
9114,6,1,virus
13793,16,0,virus
2671,6,1,virus
38110,183,1,virus
34574,21,0,virus
7697,9,0,virus
17137,103,0,virus
29605,21,0,virus
39451,20,1,virus
9551,24,1,virus
52910,262,1,virus
33189,18,0,virus
55215,6,1,virus
26055,2,1,virus
25329,137,1,virus
21504,222,0,virus
44326,6,1,virus
47112,43,0,virus
44406,6,1,virus
52082,262,1,virus
25031,23,1,virus
45096,242,1,virus
16322,0,0,virus
1458,2,1,virus
39934,43,1,virus
45598,191,1,virus
16198,0,0,virus
27361,262,1,virus
8798,189,1,virus
16936,0,0,virus
14694,18,0,virus
15349,18,0,virus
7635,41,0,virus
14110,2,0,virus
8285,16,0,virus
29418,43,0,virus
32163,43,1,virus
31225,18,0,virus
21535,222,0,virus
48835,237,1,virus
3410,4,0,virus
30402,21,0,virus
33691,164,0,virus
33253,43,1,virus
11350,16,0,virus
34435,43,0,virus
6806,189,1,virus
1385,43,0,virus
45261,251,1,virus
8957,2,1,virus
20326,10,0,virus
52370,159,1,virus
40222,189,1,virus
37977,24,1,virus
46117,255,1,virus
43216,6,1,virus
35994,190,1,virus
23519,54,1,virus
22916,54,1,virus
42570,217,0,virus
21061,16,0,virus
38822,20,1,virus
37730,24,1,virus
5009,25,1,virus
14442,10,0,virus
34874,16,1,virus
18754,105,0,virus
33832,18,0,virus
17713,103,0,virus
20827,55,1,virus
22394,2,0,virus
28894,56,1,virus
49017,261,1,virus
28924,21,0,virus
20388,118,1,virus
6320,16,0,virus
701,9,1,virus
48010,43,1,virus
20189,20,1,virus
4721,16,0,virus
6521,13,1,virus
20940,5,0,virus
55109,126,0,virus
34281,18,0,virus
16224,0,0,virus
40415,6,0,virus
29381,43,0,virus
43425,162,1,virus
236,22,1,virus
19134,102,0,virus
20283,2,0,virus
51533,262,1,virus
763,54,1,virus
37865,24,1,virus
45679,191,1,virus
10253,9,0,virus
19758,222,0,virus
33403,21,0,virus
37882,183,1,virus
27362,262,1,virus
14641,20,1,virus
12837,220,1,virus
7364,24,1,virus
8890,16,0,virus
17542,18,0,virus
40251,189,1,virus
5879,2,1,virus
21521,125,0,virus
14882,0,0,virus
11503,41,0,virus
25918,2,0,virus
11649,168,1,virus
22855,42,1,virus
12672,16,0,virus
52395,232,1,virus
10259,56,0,virus
24672,148,0,virus
19441,14,0,virus
35249,43,1,virus
32925,18,0,virus
5551,2,1,virus
19226,103,0,virus
17055,64,0,virus
4354,54,1,virus
11731,74,0,virus
18832,64,0,virus
28618,43,0,virus
27467,2,1,virus
29988,18,0,virus
19387,16,0,virus
1508,2,1,virus
26097,23,1,virus
37478,22,1,virus
12831,2,1,virus
25559,2,1,virus
25997,2,1,virus
33656,18,0,virus
48020,43,1,virus
39961,43,1,virus
16963,18,0,virus
4210,9,0,virus
1021,8,1,virus
21567,2,1,virus
44913,136,1,virus
52286,43,1,virus
38719,20,1,virus
10551,77,0,virus
54883,6,1,virus
16884,14,0,virus
36503,24,1,virus
33213,30,0,virus
26162,43,1,virus
1049,42,1,virus
11863,16,1,virus
28638,2,1,virus
18319,14,0,virus
4857,47,1,virus
45313,59,1,virus
40241,189,1,virus
12456,222,0,virus
26563,4,1,virus
22167,126,0,virus
49863,64,1,virus
23955,6,1,virus
20933,222,0,virus
4618,222,0,virus
359,91,0,virus
13537,222,0,virus
23073,23,1,virus
12300,9,1,virus
40335,189,1,virus
8940,2,1,virus
8310,6,1,virus
36767,24,1,virus
31375,43,0,virus
5862,126,0,virus
28991,164,0,virus
33808,164,0,virus
51936,262,1,virus
38432,24,1,virus
20944,168,1,virus
6513,22,1,virus
40641,6,1,virus
54474,6,0,virus
24040,6,1,virus
29584,43,0,virus
6371,189,0,virus
30584,18,0,virus
14575,222,0,virus
1585,5,0,virus
39195,22,1,virus
32190,18,0,virus
52379,159,1,virus
54194,262,0,virus
43827,239,0,virus
26249,24,1,virus
3185,24,1,virus
10232,56,0,virus
30931,43,0,virus
551,2,1,virus
31616,18,0,virus
48281,59,0,virus
13459,16,0,virus
30203,18,0,virus
11864,16,1,virus
52381,232,1,virus
22355,20,0,virus
32952,18,0,virus
13568,20,0,virus
37602,24,1,virus
6812,189,1,virus
36844,24,1,virus
38576,24,1,virus
8560,2,1,virus
10718,6,1,virus
7351,24,1,virus
34491,262,1,virus
52399,232,1,virus
29166,18,0,virus
25024,22,1,virus
28655,2,0,virus
587,23,1,virus
52170,262,1,virus
2236,15,1,virus
21760,222,0,virus
19653,103,0,virus
34243,18,0,virus
16275,0,0,virus
31878,21,0,virus
37882,20,1,virus
10451,278,0,virus
754,22,1,virus
17444,14,0,virus
24534,144,0,virus
52671,262,1,virus
37041,23,1,virus
34588,21,0,virus
45747,64,1,virus
21475,222,0,virus
44180,34,1,virus
30263,18,0,virus
20597,2,0,virus
7719,24,1,virus
14546,103,0,virus
20605,168,0,virus
32629,18,0,virus
37198,135,1,virus
16233,102,0,virus
26784,16,1,virus
16510,16,0,virus
53,6,1,virus
54581,89,0,virus
48612,43,1,virus
39167,272,1,virus
40065,135,1,virus
36683,24,1,virus
11615,2,0,virus
21519,14,0,virus
8620,189,1,virus
18110,168,1,virus
23783,54,1,virus
6044,56,0,virus
20898,5,0,virus
3352,2,1,virus
33821,21,0,virus
47748,262,0,virus
33288,165,0,virus
3157,24,1,virus
1502,2,1,virus
45113,136,1,virus
5686,56,1,virus
36822,24,1,virus
18131,14,0,virus
7864,4,1,virus
14261,103,0,virus
12817,168,0,virus
8581,59,0,virus
34075,21,0,virus
33490,18,0,virus
33463,18,0,virus
30581,18,0,virus
15231,103,0,virus
22770,5,0,virus
6746,24,1,virus
39157,59,0,virus
5505,2,1,virus
12824,222,1,virus
24045,20,1,virus
26464,43,0,virus
10714,222,1,virus
38810,20,1,virus
24415,16,0,virus
36311,24,1,virus
14640,18,0,virus
24301,59,0,virus
38109,183,1,virus
14793,114,0,virus
26780,2,0,virus
22186,222,0,virus
21095,16,0,virus
35567,24,1,virus
20298,5,0,virus
37746,24,1,virus
33072,18,0,virus
33828,21,0,virus
36429,40,1,virus
39807,23,1,virus
3769,2,0,virus
5567,189,1,virus
35533,43,1,virus
32810,21,0,virus
33296,18,0,virus
36618,24,1,virus
19903,124,1,virus
20977,130,1,virus
33187,21,0,virus
17858,0,0,virus
40019,187,0,virus
22784,5,0,virus
45882,64,1,virus
39654,20,1,virus
43288,6,1,virus
17300,222,1,virus
19604,4,0,virus
2828,24,1,virus
36275,24,1,virus
36308,22,0,virus
26006,2,1,virus
39358,20,0,virus
2333,1,0,virus
23847,136,1,virus
54472,6,1,virus
33097,21,0,virus
32326,18,0,virus
17336,222,1,virus
14651,112,0,virus
46754,43,0,virus
28671,43,0,virus
33410,21,0,virus
47881,41,0,virus
49926,64,1,virus
32716,21,0,virus
17581,102,0,virus
31848,164,0,virus
31203,21,0,virus
48919,261,1,virus
240,22,1,virus
21074,16,1,virus
47277,43,0,virus
17998,5,0,virus
32256,18,0,virus
33666,18,0,virus
5685,56,1,virus
14961,2,0,virus
5042,6,0,virus
4389,24,0,virus
51479,262,1,virus
34108,21,0,virus
35210,172,1,virus
40352,189,1,virus
7907,13,0,virus
13960,16,0,virus
51674,262,1,virus
41117,54,1,virus
37204,24,1,virus
36764,135,1,virus
24870,10,1,virus
47070,43,0,virus
12750,50,0,virus
19281,18,0,virus
4713,16,0,virus
22161,168,1,virus
5929,16,0,virus
12973,220,1,virus
27252,145,0,virus
21558,2,1,virus
16940,107,0,virus
8177,9,0,virus
28926,18,0,virus
21603,216,0,virus
31862,21,0,virus
37149,24,1,virus
3679,2,1,virus
34057,18,0,virus
33550,21,0,virus
22173,16,0,virus
51753,262,1,virus
16309,0,0,virus
4940,47,0,virus
20639,16,0,virus
35426,24,1,virus
52916,262,1,virus
22031,2,1,virus
3082,54,1,virus
35883,40,1,virus
28688,18,0,virus
54092,262,0,virus
33783,21,0,virus
22852,42,1,virus
25262,150,0,virus
18026,106,0,virus
37765,24,1,virus
44755,136,1,virus
19437,0,0,virus
53965,262,0,virus
17034,168,0,virus
13987,16,0,virus
44761,136,1,virus
46085,255,1,virus
52164,262,1,virus
3406,24,1,virus
4794,49,1,virus
39491,23,1,virus
9529,24,1,virus
32,43,0,virus
12219,6,1,virus
29176,18,0,virus
37252,22,0,virus
37056,24,1,virus
15501,0,0,virus
24495,22,1,virus
3501,24,1,virus
30133,56,1,virus
16231,18,0,virus
11260,220,1,virus
21490,14,0,virus
28445,43,0,virus
3796,191,1,virus
32935,18,0,virus
12440,6,1,virus
20684,10,0,virus
20661,10,0,virus
29248,43,0,virus
15253,14,0,virus
22984,224,1,virus
24929,16,0,virus
16304,0,0,virus
38090,135,1,virus
20890,5,0,virus
8280,44,0,virus
12933,34,1,virus
14844,222,1,virus
21675,222,0,virus
25243,16,0,virus
34105,18,0,virus
12721,59,0,virus
19405,103,0,virus
32689,43,0,virus
32275,18,0,virus
43436,162,1,virus
44958,136,1,virus
36245,189,1,virus
19417,16,1,virus
37721,20,1,virus
35686,2,0,virus
3032,54,1,virus
32474,21,0,virus
13260,2,1,virus
13749,168,0,virus
29872,43,0,virus
31641,21,0,virus
40277,189,1,virus
32729,21,0,virus
53948,262,0,virus
2061,5,0,virus
46998,43,0,virus
8973,24,1,virus
3120,24,1,virus
21842,16,1,virus
6646,189,1,virus
35519,43,1,virus
52041,262,1,virus
33026,18,0,virus
11775,16,0,virus
1601,0,0,virus
43911,239,0,virus
10265,56,0,virus
31227,18,0,virus
36208,24,1,virus
903,34,1,virus
10265,9,0,virus
30544,18,0,virus
11587,168,0,virus
540,56,0,virus
20160,2,1,virus
27349,9,0,virus
38007,24,1,virus
44000,237,1,virus
52697,262,1,virus
37263,22,1,virus
45764,191,1,virus
28231,18,0,virus
997,8,1,virus
144,14,0,virus
39981,43,1,virus
50127,155,1,virus
33850,18,0,virus
4653,168,1,virus
41141,6,1,virus
51663,262,1,virus
44157,239,1,virus
5064,9,0,virus
43384,239,1,virus
54283,43,1,virus
936,54,1,virus
54227,262,0,virus
32698,18,0,virus
25526,222,1,virus
919,42,1,virus
13897,10,0,virus
9692,24,1,virus
20668,126,0,virus
13376,18,0,virus
49895,64,1,virus
31901,21,0,virus
6229,16,0,virus
12254,56,1,virus
31225,21,0,virus
2883,43,1,virus
25330,137,1,virus
35544,43,1,virus
50061,155,1,virus
16395,6,0,virus
13180,168,1,virus
9874,9,0,virus
22978,54,1,virus
13921,2,0,virus
18006,103,0,virus
35732,13,0,virus
31404,43,0,virus
27298,2,0,virus
20535,14,0,virus
30412,18,0,virus
31472,21,0,virus
14435,113,0,virus
35585,173,0,virus
23211,222,0,virus
12025,2,1,virus
45290,251,1,virus
19248,0,0,virus
30959,43,0,virus
15456,0,0,virus
16010,16,1,virus
2820,24,1,virus
14848,2,1,virus
30734,2,0,virus
47946,43,1,virus
2458,47,0,virus
22072,19,0,virus
12099,16,1,virus
45626,191,1,virus
45930,64,1,virus
47548,43,0,virus
24189,2,1,virus
11405,88,1,virus
14174,80,0,virus
22605,2,0,virus
30386,18,0,virus
32603,18,0,virus
8539,56,1,virus
28916,21,0,virus
18080,18,0,virus
1236,2,0,virus
7590,24,1,virus
21660,13,0,virus
22605,222,0,virus
1044,34,1,virus
254,24,1,virus
14098,168,0,virus
17350,0,0,virus
38109,24,1,virus
38671,23,1,virus
39906,18,0,virus
37263,13,1,virus
6309,70,0,virus
31555,21,0,virus
5259,47,1,virus
42793,188,1,virus
15374,222,0,virus
15201,103,0,virus
37122,24,1,virus
34076,21,0,virus
21212,2,0,virus
15553,103,0,virus
12825,2,1,virus
3898,6,1,virus
52427,43,1,virus
32236,165,0,virus
38676,22,1,virus
41270,100,1,virus
11546,20,1,virus
14061,16,0,virus
6,2,0,virus
33107,21,0,virus
14214,145,0,virus
17861,0,0,virus
6429,13,0,virus
34714,21,0,virus
49543,6,1,virus
761,9,1,virus
33032,164,0,virus
39783,23,1,virus
4070,6,1,virus
32494,18,0,virus
24046,20,1,virus
26030,2,1,virus
10140,24,1,virus
38444,24,1,virus
3578,189,1,virus
8410,2,0,virus
38080,24,1,virus
21328,2,0,virus
37300,24,1,virus
39321,41,1,virus
13622,16,1,virus
31456,18,0,virus
21679,2,1,virus
1365,22,1,virus
15496,14,0,virus
10472,56,1,virus
24231,135,0,virus
2671,135,1,virus
36523,189,1,virus
31960,21,0,virus
45705,191,1,virus
40068,135,1,virus
45395,159,1,virus
21075,16,1,virus
33435,18,0,virus
47118,43,0,virus
22510,14,0,virus
21044,16,0,virus
10808,6,0,virus
48784,43,1,virus
10164,189,1,virus
12101,6,1,virus
3573,222,0,virus
38779,20,1,virus
8950,41,0,virus
35591,43,1,virus
45906,191,1,virus
33972,18,0,virus
39316,43,0,virus
31389,18,0,virus
3669,48,1,virus
9053,56,0,virus
26958,137,1,virus
43026,233,0,virus
33087,18,0,virus
45345,59,1,virus
32669,21,0,virus
15602,168,0,virus
4725,16,1,virus
34083,21,0,virus
9925,135,1,virus
33331,166,0,virus
23298,6,1,virus
13658,16,0,virus
45645,191,1,virus
35163,85,0,virus
30650,21,0,virus
23931,6,1,virus
13640,20,0,virus
4363,54,1,virus
13129,74,0,virus
47742,43,0,virus
30236,21,0,virus
8833,16,0,virus
38999,2,0,virus
50039,155,1,virus
20910,59,0,virus
31640,18,0,virus
52397,232,1,virus
23330,16,0,virus
20331,126,0,virus
7219,22,0,virus
36421,24,1,virus
612,8,1,virus
5032,2,1,virus
23210,2,0,virus
23280,10,1,virus
37325,13,1,virus
16468,102,0,virus
39232,20,1,virus
23783,136,1,virus
5258,47,0,virus
33771,18,0,virus
13989,16,0,virus
1509,222,1,virus
21071,16,1,virus
29663,43,0,virus
32769,18,0,virus
34344,43,1,virus
33682,165,0,virus
20928,59,0,virus
34458,2,1,virus
18298,18,0,virus
12440,16,1,virus
32703,18,0,virus
45208,59,1,virus
996,34,1,virus
47964,43,1,virus
25144,20,1,virus
40361,6,1,virus
25186,20,1,virus
49216,43,1,virus
16052,102,0,virus
21568,220,1,virus
36824,135,1,virus
13638,168,0,virus
33854,18,0,virus
12717,222,1,virus
13188,168,1,virus
45889,64,1,virus
3375,2,1,virus
4757,61,0,virus
12937,6,1,virus
4260,25,1,virus
33572,21,0,virus
45809,191,1,virus
3940,24,0,virus
18093,103,0,virus
8754,2,0,virus
46003,256,1,virus
4070,2,1,virus
18345,0,0,virus
15446,0,0,virus
2576,6,1,virus
52325,232,1,virus
12989,168,0,virus
6736,6,1,virus
37176,6,1,virus
9762,41,0,virus
28069,21,0,virus
48121,43,0,virus
31872,18,0,virus
40780,135,1,virus
45978,255,1,virus
10798,6,0,virus
12807,222,0,virus
12899,222,1,virus
29408,43,0,virus
13054,168,0,virus
44346,6,1,virus
33276,43,0,virus
29765,18,0,virus
18059,70,0,virus
8473,73,1,virus
24760,20,0,virus
12546,168,0,virus
23741,54,1,virus
1503,222,1,virus
43477,162,1,virus
50763,43,0,virus
31628,21,0,virus
18400,102,0,virus
22955,224,1,virus
12521,43,0,virus
25470,2,1,virus
29474,43,0,virus
19452,18,0,virus
21911,10,0,virus
22158,168,0,virus
37901,20,1,virus
21531,2,0,virus
605,34,1,virus
24128,2,1,virus
22875,42,1,virus
49148,261,0,virus
34061,18,0,virus
31857,21,0,virus
47763,43,0,virus
38590,24,1,virus
6704,75,0,virus
7286,16,0,virus
33791,18,0,virus
13546,43,0,virus
6881,24,1,virus
218,23,1,virus
7731,56,0,virus
40220,189,1,virus
14629,114,0,virus
51345,262,1,virus
17119,18,0,virus
7668,3,0,virus
91,13,1,virus
23679,54,1,virus
24992,222,0,virus
22168,126,0,virus
19232,216,0,virus
18673,16,1,virus
38482,135,1,virus
1205,22,1,virus
38430,24,1,virus
28870,21,0,virus
29097,43,1,virus
25777,154,0,virus
48750,43,1,virus
9433,5,0,virus
5771,54,1,virus
23066,224,1,virus
52325,159,1,virus
42637,14,0,virus
16864,14,0,virus
920,34,1,virus
13574,41,0,virus
45830,64,1,virus
30795,21,0,virus
16389,10,0,virus
20053,16,0,virus
48603,43,1,virus
24681,149,0,virus
38112,24,0,virus
4057,42,0,virus
54704,2,0,virus
20528,41,0,virus
3192,24,1,virus
18954,102,0,virus
32504,18,0,virus
20604,16,0,virus
24604,20,1,virus
26740,59,0,virus
1425,2,0,virus
16524,16,0,virus
25187,20,1,virus
19920,124,1,virus
6322,16,0,virus
22655,168,0,virus
18109,0,0,virus
42909,225,1,virus
22892,42,1,virus
24516,23,1,virus
16936,103,0,virus
21010,5,0,virus
4935,47,0,virus
11947,191,0,virus
24984,2,0,virus
44331,6,1,virus
24110,16,0,virus
24178,42,0,virus
10109,16,0,virus
40892,135,1,virus
30904,21,0,virus
14539,18,0,virus
19748,0,0,virus
23049,224,1,virus
38795,20,0,virus
36810,24,1,virus
36407,160,0,virus
33432,21,0,virus
1110,100,0,virus
46075,255,1,virus
38662,22,1,virus
48955,261,0,virus
13511,16,0,virus
5754,34,1,virus
20623,16,0,virus
33547,21,0,virus
38827,189,1,virus
25440,222,1,virus
27160,2,1,virus
24012,6,1,virus
14472,106,0,virus
20188,20,0,virus
41096,54,1,virus
19918,124,1,virus
39537,43,1,virus
13398,2,0,virus
19902,124,1,virus
32636,18,0,virus
27341,145,0,virus
22970,54,1,virus
44544,239,1,virus
23055,224,1,virus
43398,239,1,virus
25112,9,1,virus
27452,2,1,virus
53795,262,0,virus
27885,43,1,virus
28691,18,0,virus
46139,255,1,virus
23765,136,1,virus
39119,189,1,virus
22943,54,1,virus
2101,42,1,virus
31579,21,0,virus
8903,168,0,virus
23017,23,1,virus
32848,165,0,virus
23566,136,1,virus
35820,189,1,virus
39488,20,0,virus
38951,20,1,virus
20797,126,0,virus
17205,222,1,virus
45873,191,1,virus
30451,43,1,virus
9620,2,0,virus
36599,13,0,virus
1009,8,1,virus
11160,16,0,virus
34471,18,0,virus
25387,22,1,virus
45530,43,0,virus
49882,64,1,virus
45712,64,1,virus
32513,43,1,virus
8557,56,1,virus
19969,10,0,virus
3686,48,1,virus
54817,6,1,virus
18676,16,0,virus
18663,222,0,virus
15974,18,0,virus
15909,18,0,virus
15430,102,0,virus
27596,2,1,virus
51569,262,1,virus
13643,168,0,virus
16405,103,0,virus
43008,6,0,virus
39556,20,1,virus
37540,22,1,virus
19655,18,0,virus
46309,43,1,virus
54193,262,0,virus
6578,4,0,virus
37186,183,1,virus
40640,6,1,virus
5328,45,0,virus
33318,21,0,virus
43470,162,1,virus
22410,2,0,virus
8583,16,1,virus
25761,111,0,virus
7122,24,0,virus
48265,59,0,virus
17215,220,1,virus
31955,21,0,virus
45306,251,1,virus
23063,23,1,virus
9849,56,1,virus
46009,256,1,virus
34184,43,0,virus
6898,24,1,virus
19858,19,0,virus
250,24,1,virus
17594,18,0,virus
4113,2,1,virus
4628,16,0,virus
3677,191,1,virus
6287,2,0,virus
15429,18,0,virus
29706,2,1,virus
24944,2,1,virus
40387,6,1,virus
10951,16,0,virus
16740,103,0,virus
25044,54,1,virus
42999,6,0,virus
42781,137,1,virus
44113,239,1,virus
21391,14,0,virus
45246,251,1,virus
35226,19,0,virus
16203,18,0,virus
12898,222,1,virus
30740,18,0,virus
53842,262,0,virus
17207,222,1,virus
11381,222,1,virus
4977,24,1,virus
13206,16,1,virus
38685,23,1,virus
10292,56,0,virus
39529,20,1,virus
28231,91,0,virus
4443,24,1,virus
47330,43,0,virus
24776,10,0,virus
52318,59,1,virus
5970,24,1,virus
42788,189,1,virus
36608,6,1,virus
27565,17,0,virus
45339,59,0,virus
51870,262,1,virus
35343,43,1,virus
181,189,1,virus
28766,21,0,virus
39003,2,0,virus
16373,0,0,virus
914,8,1,virus
25689,2,1,virus
33371,43,1,virus
42914,225,1,virus
166,56,1,virus
16152,10,0,virus
31919,21,0,virus
1293,15,1,virus
3465,16,0,virus
25147,20,1,virus
23047,224,1,virus
17279,18,0,virus
29810,18,0,virus
69,2,1,virus
5129,24,1,virus
33717,164,0,virus
21520,5,0,virus
2709,201,1,virus
43290,6,1,virus
47815,59,0,virus
11255,2,0,virus
23163,54,0,virus
26773,2,0,virus
12333,2,0,virus
11866,168,1,virus
32972,21,0,virus
34258,21,0,virus
25010,140,0,virus
42802,223,0,virus
3728,2,1,virus
35501,43,1,virus
32286,43,0,virus
5786,54,0,virus
227,54,1,virus
52328,59,1,virus
13134,2,0,virus
45693,191,1,virus
14796,114,0,virus
20079,125,0,virus
833,9,1,virus
45761,64,1,virus
18416,14,0,virus
16260,0,0,virus
7227,24,1,virus
18783,106,0,virus
7466,79,0,virus
10803,2,0,virus
9254,222,1,virus
22331,16,0,virus
13863,16,1,virus
46308,259,0,virus
17565,14,0,virus
30577,165,0,virus
51512,262,1,virus
31076,2,0,virus
25123,8,1,virus
18882,16,0,virus
40031,135,1,virus
36327,190,1,virus
17015,103,0,virus
39771,22,1,virus
52750,262,1,virus
32822,43,1,virus
7165,56,1,virus
16247,18,0,virus
20654,126,0,virus
39427,182,1,virus
34088,21,0,virus
33114,18,0,virus
29949,21,0,virus
44201,241,1,virus
9575,24,1,virus
45922,64,1,virus
54443,16,0,virus
16949,2,0,virus
48682,31,1,virus
22448,10,0,virus
35865,24,0,virus
31383,21,0,virus
9409,2,0,virus
39412,20,0,virus
45055,242,1,virus
39260,20,1,virus
23216,59,0,virus
31604,18,0,virus
33966,18,0,virus
12365,56,1,virus
6990,189,1,virus
31158,43,0,virus
20163,222,1,virus
52153,262,1,virus
3069,49,0,virus
52509,43,0,virus
34252,21,0,virus
35076,16,1,virus
15302,18,0,virus
18809,14,0,virus
43364,239,1,virus
6534,16,0,virus
39177,20,1,virus
36384,9,1,virus
11369,2,1,virus
36227,22,0,virus
29361,43,0,virus
24427,16,0,virus
17959,103,0,virus
50786,43,0,virus
25431,222,1,virus
14133,10,0,virus
45627,64,1,virus
5749,54,1,virus
30239,18,0,virus
40639,6,1,virus
38681,180,1,virus
12822,2,1,virus
6543,9,1,virus
7699,9,0,virus
32732,21,0,virus
23802,9,1,virus
22226,16,0,virus
5236,24,1,virus
49575,6,1,virus
53113,43,1,virus
14619,106,0,virus
48224,59,0,virus
16460,102,0,virus
22960,23,1,virus
23832,136,1,virus
35262,43,1,virus
31289,18,0,virus
1467,2,1,virus
25749,2,0,virus
45452,59,0,virus
31012,18,0,virus
928,32,1,virus
33018,164,0,virus
6558,6,1,virus
18254,111,0,virus
10358,75,0,virus
21212,168,0,virus
34258,18,0,virus
8432,6,1,virus
38363,24,1,virus
3688,48,1,virus
45346,59,1,virus
43196,6,1,virus
32639,21,0,virus
46428,43,0,virus
43520,162,1,virus
40124,188,1,virus
20056,16,0,virus
42989,253,0,virus
30241,18,0,virus
46741,43,0,virus
48204,59,0,virus
26636,2,0,virus
32506,25,0,virus
12246,56,1,virus
26698,43,1,virus
4593,54,1,virus
9257,2,1,virus
11544,20,1,virus
25062,54,1,virus
26967,9,1,virus
36833,24,1,virus
21578,222,1,virus
33707,18,0,virus
32744,18,0,virus
38522,24,1,virus
26029,16,0,virus
39814,23,1,virus
16403,5,0,virus
12817,16,0,virus
43357,239,1,virus
47177,43,0,virus
23887,54,1,virus
13617,16,1,virus
30586,21,0,virus
34013,18,0,virus
13854,168,0,virus
45820,191,1,virus
13767,10,0,virus
45637,191,1,virus
14022,16,0,virus
39408,20,0,virus
191,9,0,virus
30119,2,1,virus
24258,134,0,virus
3041,48,1,virus
29997,18,0,virus
32729,18,0,virus
39454,20,1,virus
34033,21,0,virus
54866,6,1,virus
38646,20,1,virus
16141,222,0,virus
17772,18,0,virus
33130,21,0,virus
45309,251,1,virus
18840,18,0,virus
27976,43,0,virus
34402,21,0,virus
43863,239,0,virus
20979,130,1,virus
33851,18,0,virus
2512,4,0,virus
31884,21,0,virus
1375,9,0,virus
1211,0,0,virus
22012,9,0,virus
33394,21,0,virus
23717,54,1,virus
34388,21,0,virus
40826,135,1,virus
34381,18,0,virus
1856,2,0,virus
32947,18,0,virus
1698,2,0,virus
33405,18,0,virus
39520,20,1,virus
54057,262,0,virus
45078,242,1,virus
28534,22,1,virus
8641,16,0,virus
51022,43,0,virus
8614,9,1,virus
32205,21,0,virus
5775,54,1,virus
52358,43,1,virus
14150,10,0,virus
53860,262,0,virus
3389,24,0,virus
22926,22,1,virus
31534,43,0,virus
5541,40,0,virus
14290,5,0,virus
16114,17,0,virus
38738,20,1,virus
45908,64,1,virus
23685,54,1,virus
9431,24,1,virus
45909,191,1,virus
22866,42,1,virus
7536,56,1,virus
52316,159,1,virus
8584,16,1,virus
37094,24,0,virus
7552,2,1,virus
2263,189,1,virus
38909,20,1,virus
21574,222,1,virus
45089,242,1,virus
3150,6,1,virus
32348,18,0,virus
12953,220,1,virus
20717,2,0,virus
22921,224,1,virus
7377,24,1,virus
10513,9,0,virus
18678,16,0,virus
40275,189,1,virus
98,2,0,virus
20653,126,0,virus
9269,6,1,virus
9534,189,1,virus
32164,21,0,virus
30456,18,0,virus
9232,135,1,virus
24257,138,0,virus
52152,262,1,virus
21082,16,0,virus
39039,220,1,virus
12180,6,1,virus
47498,43,0,virus
33790,166,0,virus
18182,112,0,virus
34061,21,0,virus
23590,54,1,virus
50113,155,1,virus
28138,145,0,virus
933,34,1,virus
51070,43,0,virus
30108,18,0,virus
18837,18,0,virus
35199,59,0,virus
29680,21,0,virus
16603,0,0,virus
22827,135,0,virus
8178,41,0,virus
3344,17,0,virus
9231,24,1,virus
2143,0,0,virus
7425,24,1,virus
11190,56,1,virus
4671,54,1,virus
5157,24,1,virus
1091,8,1,virus
40349,189,1,virus
43552,162,1,virus
17794,14,0,virus
21066,16,1,virus
45605,191,1,virus
17632,2,0,virus
52079,262,1,virus
5965,189,1,virus
9498,16,0,virus
52351,250,1,virus
21129,9,0,virus
15955,88,1,virus
54999,126,0,virus
45803,64,1,virus
13885,168,0,virus
4993,25,1,virus
51596,262,1,virus
53882,262,0,virus
18558,106,0,virus
40249,189,1,virus
9911,191,1,virus
35994,24,1,virus
37959,24,0,virus
17226,2,1,virus
1439,222,1,virus
42807,223,0,virus
851,9,1,virus
266,135,1,virus
32670,21,0,virus
47691,43,0,virus
17228,222,1,virus
53951,262,0,virus
48710,43,0,virus
919,34,1,virus
45262,251,1,virus
27441,2,0,virus
587,22,1,virus
38260,20,1,virus
4159,6,0,virus
45084,242,1,virus
33469,18,0,virus
40268,189,1,virus
53847,262,0,virus
38623,24,1,virus
17752,18,0,virus
4205,48,1,virus
7380,24,1,virus
45155,41,0,virus
3075,48,1,virus
49021,261,1,virus
13282,16,1,virus
6095,56,0,virus
47922,43,1,virus
35663,222,0,virus
9439,24,1,virus
32062,43,0,virus
11204,168,1,virus
32333,25,0,virus
14918,14,0,virus
38667,22,1,virus
15306,16,0,virus
4497,61,0,virus
47969,59,1,virus
21065,16,1,virus
30249,18,0,virus
37797,24,1,virus
13976,168,1,virus
39695,20,1,virus
32429,18,0,virus
39599,20,1,virus
49487,237,0,virus
2140,168,0,virus
331,8,1,virus
50298,155,1,virus
25744,2,0,virus
17852,220,1,virus
6842,189,1,virus
4833,49,1,virus
8884,278,0,virus
10234,56,1,virus
22978,22,1,virus
34025,21,0,virus
8564,2,1,virus
37605,13,1,virus
854,56,1,virus
22991,224,1,virus
39052,222,1,virus
33036,18,0,virus
30484,43,1,virus
9868,24,0,virus
12343,222,0,virus
39943,43,1,virus
38386,9,0,virus
51959,262,1,virus
32669,164,0,virus
7814,77,0,virus
52176,262,1,virus
13517,16,0,virus
39766,23,1,virus
14532,103,0,virus
13334,2,1,virus
9095,9,1,virus
11469,24,1,virus
10778,2,0,virus
37034,24,1,virus
35131,16,1,virus
9509,2,0,virus
10162,189,1,virus
36109,24,1,virus
8405,16,0,virus
26573,60,0,virus
27753,102,0,virus
17369,103,0,virus
32347,18,0,virus
16050,102,0,virus
15686,18,0,virus
46142,255,1,virus
970,8,1,virus
44272,240,1,virus
33582,21,0,virus
53955,262,0,virus
26187,43,0,virus
11219,168,1,virus
18564,103,0,virus
1220,27,0,virus
30544,21,0,virus
3712,191,1,virus
37141,24,1,virus
25357,140,0,virus
3867,2,0,virus
6711,56,1,virus
20761,16,0,virus
17302,2,1,virus
14297,273,0,virus
39059,222,1,virus
17338,2,1,virus
11128,2,0,virus
21033,20,0,virus
12026,2,1,virus
7745,24,1,virus
10882,9,1,virus
21554,5,0,virus
38594,24,1,virus
6371,24,0,virus
16016,105,0,virus
31895,91,0,virus
53869,262,0,virus
38660,23,1,virus
21259,5,0,virus
43371,239,1,virus
10175,2,0,virus
54663,4,1,virus
36599,22,0,virus
45694,64,1,virus
46928,43,0,virus
54960,2,1,virus
21132,16,1,virus
25791,56,1,virus
52320,232,1,virus
5563,2,0,virus
11341,2,1,virus
33224,43,0,virus
32302,18,0,virus
32923,21,0,virus
54740,80,0,virus
42793,189,1,virus
47760,262,0,virus
43222,6,1,virus
29860,21,0,virus
44386,6,1,virus
8158,189,1,virus
33370,262,0,virus
33860,21,0,virus
9351,189,1,virus
11939,168,0,virus
33108,18,0,virus
49210,261,1,virus
18746,114,0,virus
47560,43,0,virus
49568,6,1,virus
26279,24,1,virus
5609,21,0,virus
22919,54,1,virus
27796,102,0,virus
40146,189,1,virus
31115,21,0,virus
29165,167,0,virus
3648,2,1,virus
16488,106,0,virus
54642,4,1,virus
41391,6,0,virus
31349,43,0,virus
26969,34,1,virus
22995,224,1,virus
16329,2,1,virus
25246,16,0,virus
24563,16,0,virus
27636,43,0,virus
38531,24,1,virus
33014,21,0,virus
25020,23,1,virus
24181,2,0,virus
23910,136,1,virus
23743,54,1,virus
24909,20,0,virus
48844,160,0,virus
29866,164,0,virus
48441,237,0,virus
45630,191,1,virus
12276,16,1,virus
18567,103,0,virus
25911,16,0,virus
17471,18,0,virus
27245,43,1,virus
1172,22,1,virus
33195,18,0,virus
32166,43,0,virus
31597,166,0,virus
37001,20,1,virus
7182,135,1,virus
15037,16,0,virus
32997,18,0,virus
52399,43,1,virus
29177,18,0,virus
52180,262,1,virus
45053,136,1,virus
45762,191,1,virus
32010,167,0,virus
556,2,1,virus
30200,21,0,virus
11170,16,1,virus
35207,172,1,virus
17572,106,0,virus
27106,102,0,virus
25505,2,1,virus
36445,24,1,virus
11425,56,1,virus
8205,16,0,virus
33858,21,0,virus
39042,2,1,virus
37948,24,1,virus
2003,1,0,virus
9797,9,1,virus
46619,43,0,virus
947,8,1,virus
8447,6,1,virus
22862,42,1,virus
18914,16,1,virus
12023,222,1,virus
33005,21,0,virus
14538,18,0,virus
9778,2,0,virus
21530,222,0,virus
14013,16,0,virus
43063,6,0,virus
35842,160,0,virus
6394,16,0,virus
35227,43,1,virus
28959,18,0,virus
11749,16,0,virus
19392,103,0,virus
46947,43,0,virus
22909,54,1,virus
31867,21,0,virus
7907,22,0,virus
12991,16,0,virus
4550,48,1,virus
19709,0,0,virus
47173,43,0,virus
19180,103,0,virus
31865,18,0,virus
46957,43,0,virus
24429,2,0,virus
16525,16,0,virus
24143,16,0,virus
2880,54,1,virus
20716,2,0,virus
18487,18,0,virus
31520,43,0,virus
32008,21,0,virus
21081,59,0,virus
23296,16,0,virus
24543,113,0,virus
33173,21,0,virus
11417,56,1,virus
14121,2,0,virus
42745,100,0,virus
8772,22,0,virus
48437,8,1,virus
37331,22,1,virus
12236,168,1,virus
29509,43,0,virus
52499,43,1,virus
41069,54,1,virus
23840,136,1,virus
24943,222,1,virus
38679,22,1,virus
10689,2,0,virus
8309,6,1,virus
33449,21,0,virus
2509,4,0,virus
51826,262,1,virus
37754,24,1,virus
47365,43,0,virus
47289,43,0,virus
827,9,1,virus
19599,4,0,virus
45886,64,1,virus
32209,43,0,virus
17987,14,0,virus
20151,20,0,virus
41126,6,1,virus
45838,191,1,virus
12030,222,1,virus
28595,4,0,virus
45899,191,1,virus
11233,20,1,virus
33603,18,0,virus
31843,18,0,virus
39001,222,0,virus
17262,168,0,virus
29720,144,0,virus
259,2,1,virus
39776,22,1,virus
49212,43,1,virus
38202,135,1,virus
1111,9,0,virus
39475,22,1,virus
52370,59,1,virus
48646,43,1,virus
14491,111,0,virus
35668,43,1,virus
5963,189,1,virus
21473,2,0,virus
4605,16,0,virus
9592,24,1,virus
38561,24,1,virus
38136,13,1,virus
38653,135,1,virus
32191,21,0,virus
21794,2,0,virus
13462,20,0,virus
356,91,0,virus
27146,24,1,virus
2782,24,1,virus
33673,21,0,virus
17528,18,0,virus
49640,6,1,virus
6077,47,1,virus
42907,225,1,virus
15682,102,0,virus
39032,220,1,virus
26810,43,0,virus
3466,3,0,virus
36983,189,1,virus
874,16,0,virus
45759,64,1,virus
33011,18,0,virus
52814,43,1,virus
15039,2,0,virus
19111,18,0,virus
3302,54,1,virus
41693,91,0,virus
11031,9,0,virus
32650,43,0,virus
7537,100,1,virus
2815,24,1,virus
31340,21,0,virus
33404,18,0,virus
22966,224,1,virus
16525,168,0,virus
46727,43,0,virus
6101,57,0,virus
39767,23,1,virus
31036,24,1,virus
52339,232,1,virus
11955,168,1,virus
7529,16,0,virus
43650,162,1,virus
17154,5,0,virus
10241,56,1,virus
18384,0,0,virus
32323,21,0,virus
28917,18,0,virus
20121,147,1,virus
1663,6,1,virus
5586,49,1,virus
9206,189,1,virus
53873,262,0,virus
7875,196,0,virus
2016,24,0,virus
21741,20,0,virus
40179,189,1,virus
33504,21,0,virus
6050,56,0,virus
32942,21,0,virus
675,2,1,virus
38669,22,1,virus
29627,43,1,virus
23055,23,1,virus
36760,24,1,virus
7860,4,1,virus
1215,15,1,virus
13207,222,0,virus
25992,16,0,virus
23344,222,0,virus
15229,5,0,virus
34548,21,0,virus
42836,14,0,virus
45639,64,1,virus
1963,0,0,virus
20433,16,0,virus
45721,191,1,virus
49635,6,1,virus
36996,54,1,virus
25912,2,1,virus
13814,168,0,virus
29881,18,0,virus
46226,43,1,virus
33824,21,0,virus
24800,144,0,virus
44894,136,1,virus
3468,4,1,virus
37999,189,1,virus
45856,64,1,virus
4116,6,1,virus
39147,222,0,virus
45780,191,1,virus
21351,2,0,virus
54523,56,0,virus
51931,262,1,virus
20643,2,0,virus
32751,43,1,virus
32825,21,0,virus
39638,20,1,virus
28679,18,0,virus
8766,23,0,virus
31152,24,1,virus
12619,16,0,virus
3312,2,0,virus
10166,189,1,virus
27049,2,1,virus
11658,16,1,virus
4011,47,1,virus
35492,43,1,virus
30161,21,0,virus
5062,40,0,virus
41342,135,1,virus
32546,18,0,virus
54516,16,0,virus
31390,24,0,virus
4669,54,1,virus
28514,145,0,virus
32128,21,0,virus
49004,261,1,virus
41009,6,1,virus
50946,43,0,virus
10844,47,1,virus
998,42,1,virus
45711,64,1,virus
30850,43,1,virus
52387,159,1,virus
42005,216,0,virus
38677,22,1,virus
22492,2,1,virus
20700,5,0,virus
38619,24,1,virus
46762,43,0,virus
53925,262,0,virus
17669,18,0,virus
32367,43,1,virus
19237,103,0,virus
13713,16,0,virus
36623,24,1,virus
12389,222,0,virus
32618,21,0,virus
11444,9,1,virus
3282,43,1,virus
9066,2,1,virus
20881,5,0,virus
23896,54,1,virus
37325,22,1,virus
9290,41,0,virus
44330,6,1,virus
2557,16,0,virus
34406,21,0,virus
20919,6,0,virus
21287,14,0,virus
39055,2,1,virus
12788,9,1,virus
49962,155,1,virus
52356,232,1,virus
44779,136,1,virus
13495,168,0,virus
37679,22,1,virus
16037,112,0,virus
10166,24,1,virus
21138,5,0,virus
44052,34,1,virus
19080,18,0,virus
52370,250,1,virus
10649,24,0,virus
31234,18,0,virus
39933,262,1,virus
15057,18,0,virus
11258,2,1,virus
23209,2,0,virus
22306,16,0,virus
47111,43,0,virus
9786,9,0,virus
16155,10,0,virus
40280,189,1,virus
16835,103,0,virus
2511,3,0,virus
23918,2,0,virus
1042,54,1,virus
1960,0,0,virus
37430,13,1,virus
22038,125,0,virus
28336,18,0,virus
13858,168,1,virus
25035,54,1,virus
21629,2,0,virus
17618,18,0,virus
22965,23,1,virus
38002,24,1,virus
51824,262,1,virus
762,54,1,virus
45247,251,1,virus
25415,9,0,virus
31845,21,0,virus
22191,2,0,virus
18688,16,1,virus
27475,2,1,virus
45623,191,1,virus
32756,21,0,virus
24731,78,0,virus
13718,168,0,virus
21677,222,1,virus
32761,21,0,virus
13558,168,0,virus
42989,59,1,virus
47050,43,0,virus
35394,43,1,virus
25758,37,0,virus
20171,43,0,virus
46327,43,0,virus
9663,47,0,virus
33488,18,0,virus
12397,2,0,virus
34114,43,0,virus
16487,111,0,virus
44403,6,1,virus
2268,2,1,virus
39426,20,1,virus
16960,18,0,virus
18535,6,0,virus
18938,102,0,virus
15065,18,0,virus
45118,136,1,virus
35474,43,1,virus
27003,2,1,virus
48974,261,1,virus
51827,262,1,virus
32641,18,0,virus
16391,4,0,virus
23814,34,1,virus
25753,10,0,virus
1613,15,1,virus
30656,43,0,virus
45986,255,1,virus
13820,168,0,virus
25808,16,1,virus
24187,222,1,virus
5927,16,0,virus
48647,43,1,virus
13328,220,1,virus
3140,24,1,virus
15033,168,0,virus
22336,168,0,virus
2180,9,1,virus
7507,24,1,virus
21181,216,0,virus
4774,2,1,virus
23513,22,1,virus
25544,2,1,virus
45526,43,1,virus
42797,54,0,virus
39968,262,1,virus
21783,16,0,virus
38957,135,1,virus
17225,222,1,virus
30280,21,0,virus
4131,2,1,virus
35597,13,0,virus
23330,168,0,virus
1950,0,0,virus
42494,106,0,virus
38689,20,1,virus
33650,18,0,virus
42386,216,0,virus
49242,191,1,virus
35861,189,1,virus
55196,8,1,virus
46345,43,0,virus
31906,18,0,virus
30097,21,0,virus
27299,2,0,virus
9489,189,1,virus
46427,43,0,virus
23013,23,1,virus
18342,14,0,virus
22087,125,0,virus
48420,136,1,virus
7254,16,0,virus
9414,9,0,virus
33769,18,0,virus
25171,126,0,virus
15407,222,1,virus
16832,18,0,virus
7315,189,1,virus
25149,20,1,virus
16422,102,0,virus
714,168,1,virus
18359,112,0,virus
32009,18,0,virus
14458,10,0,virus
33772,21,0,virus
25993,16,0,virus
48499,237,1,virus
13907,56,0,virus
32667,21,0,virus
5731,54,1,virus
21179,14,0,virus
13215,41,0,virus
47314,43,0,virus
1340,15,1,virus
12100,16,1,virus
40809,135,1,virus
33692,165,0,virus
24490,22,0,virus
10054,2,1,virus
25063,22,1,virus
14002,168,0,virus
33404,21,0,virus
38354,91,0,virus
11813,13,1,virus
16150,126,0,virus
39375,20,1,virus
46061,255,1,virus
23014,22,1,virus
1117,2,1,virus
20611,222,0,virus
6550,2,0,virus
22346,16,1,virus
13553,168,0,virus
46720,43,0,virus
12234,168,1,virus
16453,18,0,virus
30688,18,0,virus
12594,183,1,virus
22843,42,1,virus
19452,5,0,virus
11940,2,1,virus
23842,54,1,virus
13093,56,0,virus
34260,21,0,virus
17166,18,0,virus
51450,262,1,virus
19408,16,0,virus
44053,34,1,virus
11603,20,0,virus
7044,41,0,virus
19671,41,0,virus
2303,19,0,virus
24504,23,1,virus
31378,18,0,virus
47185,43,0,virus
9770,9,0,virus
2778,24,1,virus
38922,20,1,virus
5757,34,1,virus
22709,59,0,virus
33763,165,0,virus
41504,6,0,virus
42601,14,0,virus
12623,168,0,virus
31269,18,0,virus
44834,136,1,virus
48582,260,1,virus
2964,139,1,virus
33677,18,0,virus
32264,21,0,virus
35004,16,1,virus
13106,168,0,virus
17240,5,0,virus
15665,114,0,virus
25238,2,1,virus
26889,158,0,virus
4065,49,0,virus
6610,42,0,virus
34124,43,0,virus
15377,0,0,virus
27082,24,1,virus
21830,14,0,virus
303,16,1,virus
1020,8,1,virus
24022,6,1,virus
52324,250,1,virus
2497,48,1,virus
29609,18,0,virus
33616,165,0,virus
15844,2,1,virus
7106,2,0,virus
33180,21,0,virus
48695,31,1,virus
24784,10,0,virus
23027,23,1,virus
39774,22,1,virus
12358,56,1,virus
19508,103,0,virus
30415,18,0,virus
26241,24,1,virus
38285,24,0,virus
54735,74,0,virus
11583,16,1,virus
18130,16,0,virus
53830,262,0,virus
31233,21,0,virus
44371,6,1,virus
4513,3,0,virus
2612,24,1,virus
47566,43,0,virus
44117,239,1,virus
13315,41,0,virus
32708,69,0,virus
47725,43,0,virus
21384,128,0,virus
33300,165,0,virus
31583,21,0,virus
16903,16,0,virus
7868,4,1,virus
30563,21,0,virus
20077,16,1,virus
9087,189,1,virus
41216,100,1,virus
7517,189,1,virus
1146,8,1,virus
33006,21,0,virus
30003,21,0,virus
52263,262,1,virus
32643,18,0,virus
32780,18,0,virus
37417,189,1,virus
41355,206,0,virus
12106,16,1,virus
19786,0,0,virus
44901,136,1,virus
18191,222,1,virus
540,9,0,virus
38092,135,1,virus
34307,18,0,virus
7022,24,0,virus
33912,18,0,virus
30223,21,0,virus
39799,23,1,virus
20414,16,0,virus
66,2,1,virus
2671,20,1,virus
35207,172,1,virus
38206,24,1,virus
45962,255,1,virus
48628,159,1,virus
12610,91,0,virus
47333,43,0,virus
15333,114,0,virus
46898,43,0,virus
13451,222,1,virus
52905,262,1,virus
33583,21,0,virus
13182,18,0,virus
32555,167,0,virus
20490,5,0,virus
55216,43,0,virus
31683,21,0,virus
45356,59,0,virus
28877,18,0,virus
5976,189,1,virus
39644,20,1,virus
47539,43,0,virus
29657,43,0,virus
8049,191,1,virus
15619,14,0,virus
18370,112,0,virus
33124,21,0,virus
24948,2,0,virus
21159,2,0,virus
21537,222,0,virus
31112,43,0,virus
19276,14,0,virus
4965,24,1,virus
18637,14,0,virus
11481,16,0,virus
22994,22,1,virus
767,54,1,virus
39471,22,1,virus
34642,165,0,virus
54684,2,1,virus
28447,145,0,virus
52368,232,1,virus
13453,168,0,virus
51967,262,1,virus
36041,24,1,virus
38443,24,1,virus
33462,21,0,virus
32746,18,0,virus
38520,189,1,virus
8104,191,1,virus
11727,9,0,virus
27372,24,1,virus
47308,43,0,virus
13264,16,0,virus
13899,126,0,virus
30099,18,0,virus
31618,21,0,virus
52207,262,1,virus
33414,18,0,virus
17757,18,0,virus
13101,222,0,virus
53771,262,0,virus
5163,24,1,virus
11095,222,0,virus
23042,23,1,virus
54877,6,1,virus
5130,189,1,virus
22170,168,0,virus
48627,250,1,virus
39450,20,1,virus
25669,56,1,virus
35765,173,0,virus
40748,195,0,virus
45876,191,1,virus
1243,15,1,virus
14661,102,0,virus
31163,43,0,virus
282,9,0,virus
45037,136,1,virus
8774,9,0,virus
24189,222,1,virus
53827,262,0,virus
25066,22,1,virus
20883,222,0,virus
7526,16,0,virus
12027,222,1,virus
39028,2,1,virus
21093,16,0,virus
23091,126,1,virus
22066,2,0,virus
19001,16,0,virus
21845,14,0,virus
13974,168,1,virus
54398,16,0,virus
12873,222,0,virus
27645,168,0,virus
2964,189,1,virus
1312,15,0,virus
20334,10,0,virus
699,9,1,virus
12768,222,0,virus
29447,18,0,virus
25373,2,0,virus
15527,105,0,virus
37099,13,1,virus
910,8,1,virus
24512,22,1,virus
52273,262,1,virus
5048,2,1,virus
40641,6,1,virus
9523,27,0,virus
8102,191,1,virus
19406,222,0,virus
39657,20,1,virus
6806,24,1,virus
15671,107,0,virus
27064,161,0,virus
18317,103,0,virus
45413,232,0,virus
52156,262,1,virus
45629,64,1,virus
31330,43,0,virus
30212,21,0,virus
25055,100,1,virus
30767,18,0,virus
40201,189,1,virus
7347,24,1,virus
26617,4,0,virus
7520,2,0,virus
18852,102,0,virus
45988,255,1,virus
43191,6,1,virus
844,8,1,virus
3080,47,0,virus
20679,126,0,virus
47655,43,0,virus
14073,16,0,virus
53813,262,0,virus
19731,103,0,virus
49918,64,1,virus
12742,16,0,virus
23084,10,0,virus
17309,222,1,virus
18894,18,0,virus
6221,6,1,virus
47445,43,0,virus
29994,18,0,virus
4283,31,1,virus
33416,43,0,virus
28600,4,0,virus
29953,59,0,virus
25740,21,0,virus
23009,22,1,virus
9754,78,0,virus
14676,102,0,virus
5965,189,1,virus
20469,91,0,virus
30729,18,0,virus
34324,18,0,virus
26434,102,0,virus
9399,16,0,virus
48417,136,1,virus
4792,49,1,virus
589,22,1,virus
32488,18,0,virus
35200,248,0,virus
21469,222,1,virus
15843,16,1,virus
27449,2,1,virus
32845,21,0,virus
41939,216,0,virus
30270,18,0,virus
45830,191,1,virus
37628,18,0,virus
266,135,1,virus
29889,164,0,virus
17218,2,1,virus
34356,43,1,virus
9232,43,0,virus
35598,13,0,virus
27080,4,0,virus
224,23,1,virus
30505,18,0,virus
55054,168,0,virus
54334,43,1,virus
11582,222,0,virus
33431,18,0,virus
25035,23,1,virus
8057,191,1,virus
21497,5,0,virus
304,168,1,virus
11738,80,0,virus
3123,24,1,virus
33705,18,0,virus
38056,183,1,virus
38646,135,1,virus
12822,220,1,virus
2528,3,1,virus
35585,175,0,virus
52132,262,1,virus
18241,18,0,virus
11884,168,0,virus
16733,106,0,virus
20955,168,1,virus
12829,222,1,virus
21687,2,0,virus
5119,25,1,virus
4900,25,0,virus
22999,22,1,virus
38680,180,1,virus
35982,24,1,virus
6259,43,1,virus
41064,54,1,virus
35975,189,1,virus
19262,16,1,virus
33664,21,0,virus
25522,222,1,virus
37386,24,1,virus
25534,222,1,virus
1437,222,1,virus
27413,2,0,virus
230,23,1,virus
11715,2,1,virus
22894,42,1,virus
21759,2,0,virus
11328,34,1,virus
1558,137,1,virus
37001,183,1,virus
7261,56,1,virus
47800,43,0,virus
18740,18,0,virus
27860,2,0,virus
3899,6,1,virus
13900,126,0,virus
22493,16,0,virus
6095,57,0,virus
2709,189,1,virus
30426,21,0,virus
39407,22,1,virus
23916,2,0,virus
38149,222,1,virus
29456,43,0,virus
37023,183,1,virus
996,34,1,virus
26009,6,0,virus
25015,17,1,virus
49016,261,0,virus
34664,18,0,virus
30233,21,0,virus
9533,189,1,virus
21784,16,0,virus
33180,18,0,virus
22912,22,1,virus
11656,16,1,virus
20755,20,1,virus
20789,88,0,virus
31368,18,0,virus
38952,20,1,virus
20886,2,1,virus
11375,2,1,virus
30585,18,0,virus
2645,24,1,virus
18885,105,0,virus
21699,5,0,virus
25078,9,1,virus
35734,13,0,virus
4406,8,1,virus
2020,9,0,virus
38387,24,1,virus
45554,43,1,virus
41152,6,1,virus
16223,0,0,virus
862,9,1,virus
10331,75,0,virus
37061,24,0,virus
13474,168,0,virus
44102,34,1,virus
12366,220,1,virus
23267,135,0,virus
42620,14,0,virus
32746,164,0,virus
33082,21,0,virus
7086,2,0,virus
45,6,1,virus
50588,43,1,virus
31190,21,0,virus
2369,24,0,virus
29003,43,1,virus
11170,168,1,virus
6043,16,1,virus
33962,21,0,virus
33574,21,0,virus
23279,126,1,virus
8555,9,1,virus
24561,20,0,virus
5447,2,1,virus
33171,18,0,virus
26214,43,0,virus
23579,136,1,virus
24980,2,1,virus
3766,2,0,virus
23887,136,1,virus
34993,16,1,virus
9596,24,1,virus
589,137,1,virus
30982,25,0,virus
29640,43,1,virus
4860,34,1,virus
4740,6,1,virus
14372,18,0,virus
30208,21,0,virus
23668,54,1,virus
39411,20,0,virus
21061,168,0,virus
48282,59,0,virus
36741,135,1,virus
37997,135,1,virus
9913,24,1,virus
37606,24,1,virus
20613,16,0,virus
31921,18,0,virus
22925,22,1,virus
8893,24,1,virus
4618,6,1,virus
11036,6,0,virus
44377,6,1,virus
29000,43,0,virus
12662,9,1,virus
27485,2,1,virus
14508,59,0,virus
38060,183,1,virus
44094,34,1,virus
1562,15,1,virus
1292,15,1,virus
48715,31,1,virus
27915,21,0,virus
34981,16,1,virus
11100,2,0,virus
30124,18,0,virus
12461,16,0,virus
15288,102,0,virus
38549,24,1,virus
26008,2,1,virus
29644,43,1,virus
30684,43,0,virus
27359,43,0,virus
9284,189,1,virus
13430,168,0,virus
1670,191,1,virus
15656,112,0,virus
32261,21,0,virus
33927,18,0,virus
19337,14,0,virus
45965,255,1,virus
11376,2,1,virus
51076,43,0,virus
44907,136,1,virus
18539,0,0,virus
43248,6,1,virus
2178,56,1,virus
49597,6,1,virus
36695,24,1,virus
25217,222,1,virus
42502,102,0,virus
8082,191,1,virus
34184,59,0,virus
26981,21,0,virus
30745,18,0,virus
30243,18,0,virus
23033,22,1,virus
46170,145,1,virus
33815,21,0,virus
5094,24,1,virus
14522,14,0,virus
31637,21,0,virus
22989,22,1,virus
37498,13,1,virus
7250,23,0,virus
30224,18,0,virus
41671,100,1,virus
13455,10,0,virus
16986,0,0,virus
35689,173,0,virus
37905,20,1,virus
22904,23,1,virus
25051,54,1,virus
19190,222,0,virus
8325,2,1,virus
14134,4,0,virus
32254,43,0,virus
45026,189,1,virus
22094,95,0,virus
33137,18,0,virus
12305,20,1,virus
24570,10,0,virus
8906,2,0,virus
48489,237,1,virus
32895,21,0,virus
19715,5,0,virus
27011,24,1,virus
49257,43,1,virus
45638,191,1,virus
36857,135,1,virus
49637,6,1,virus
35681,277,0,virus
12024,222,1,virus
48615,43,1,virus
22380,5,0,virus
7316,24,1,virus
23771,54,1,virus
37751,24,1,virus
17661,103,0,virus
239,54,1,virus
12796,6,1,virus
26278,24,1,virus
32342,25,0,virus
13924,222,0,virus
40829,135,1,virus
33494,21,0,virus
6134,24,0,virus
19496,5,0,virus
38863,20,1,virus
155,6,0,virus
47694,43,0,virus
5876,6,1,virus
3905,6,1,virus
6838,189,1,virus
46391,43,0,virus
7363,24,1,virus
11593,41,0,virus
34461,2,1,virus
33508,21,0,virus
25983,16,0,virus
20238,5,0,virus
52360,250,1,virus
23709,136,1,virus
46194,43,0,virus
25990,6,0,virus
52379,250,1,virus
20957,168,1,virus
14283,103,0,virus
49872,64,1,virus
33591,167,0,virus
22634,168,0,virus
33542,165,0,virus
16945,103,0,virus
51546,262,1,virus
25050,100,1,virus
25914,2,1,virus
34281,21,0,virus
22606,222,0,virus
2704,24,1,virus
7268,278,0,virus
12127,16,1,virus
24075,55,0,virus
24501,23,1,virus
6948,24,1,virus
31609,21,0,virus
36279,24,0,virus
6941,24,1,virus
33411,21,0,virus
43202,6,1,virus
12020,222,1,virus
38098,2,1,virus
11644,168,1,virus
19681,18,0,virus
52003,262,1,virus
17507,18,0,virus
33402,18,0,virus
11095,2,0,virus
39042,220,1,virus
42578,217,0,virus
45349,59,1,virus
11443,56,1,virus
28929,18,0,virus
39544,24,1,virus
45578,43,1,virus
51935,262,1,virus
12226,168,1,virus
52091,262,1,virus
45083,136,1,virus
43404,239,1,virus
39514,20,1,virus
10171,189,1,virus
53039,262,1,virus
24277,22,1,virus
29651,21,0,virus
11439,9,1,virus
48254,59,0,virus
20807,222,1,virus
392,28,0,virus
10508,9,0,virus
10179,16,0,virus
36045,24,1,virus
48958,261,1,virus
5149,189,1,virus
36899,24,0,virus
50320,43,1,virus
16229,102,0,virus
16827,5,0,virus
47377,43,0,virus
8943,6,1,virus
25062,100,1,virus
31601,21,0,virus
24094,16,0,virus
22349,168,0,virus
10064,2,0,virus
1044,8,1,virus
28078,21,0,virus
25062,22,1,virus
44949,136,1,virus
45061,136,1,virus
4615,24,1,virus
104,8,1,virus
20179,20,0,virus
2478,3,0,virus
19309,0,0,virus
28381,16,0,virus
13717,16,0,virus
2671,135,1,virus
19600,18,0,virus
28684,21,0,virus
49590,6,1,virus
1387,9,0,virus
2358,27,0,virus
1170,56,0,virus
38612,189,1,virus
988,42,1,virus
49894,64,1,virus
54045,262,0,virus
33676,164,0,virus
45717,191,1,virus
31002,4,0,virus
36142,135,1,virus
6810,24,1,virus
30283,21,0,virus
55150,126,0,virus
25020,54,1,virus
43713,162,1,virus
3923,49,1,virus
3966,13,1,virus
30514,18,0,virus
21674,220,0,virus
34413,21,0,virus
25989,16,0,virus
33847,18,0,virus
7230,189,1,virus
39342,20,0,virus
39966,43,1,virus
28687,165,0,virus
39466,54,1,virus
54222,262,0,virus
4069,2,1,virus
33152,21,0,virus
32841,18,0,virus
43102,34,0,virus
43198,6,1,virus
39803,23,1,virus
6984,189,1,virus
21654,5,0,virus
23756,54,1,virus
22944,22,1,virus
29751,60,0,virus
44957,136,1,virus
30308,18,0,virus
12759,16,0,virus
33621,18,0,virus
22296,14,0,virus
40853,135,0,virus
855,9,1,virus
2659,24,1,virus
32957,21,0,virus
12361,2,0,virus
8303,16,0,virus
24918,10,0,virus
22719,16,0,virus
32270,21,0,virus
34256,18,0,virus
36523,24,1,virus
8799,24,1,virus
23986,6,1,virus
995,34,1,virus
25063,23,1,virus
29747,60,0,virus
12656,78,1,virus
1370,9,0,virus
45382,163,0,virus
32365,21,0,virus
32711,21,0,virus
222,22,1,virus
19236,18,0,virus
22957,23,1,virus
22527,168,0,virus
34291,18,0,virus
1367,137,1,virus
45827,191,1,virus
8494,28,1,virus
46884,43,0,virus
6494,6,1,virus
46899,43,0,virus
1912,2,0,virus
1044,34,1,virus
43203,6,1,virus
31922,43,0,virus
1826,35,0,virus
23856,136,1,virus
39822,54,1,virus
28732,18,0,virus
22778,16,0,virus
34649,21,0,virus
55214,6,1,virus
54582,89,0,virus
39051,220,1,virus
38956,135,1,virus
37354,24,1,virus
35785,189,1,virus
25990,2,1,virus
25021,100,1,virus
44317,6,1,virus
20952,16,1,virus
27179,24,1,virus
17198,105,0,virus
27616,2,1,virus
20430,16,0,virus
26181,159,1,virus
7074,2,0,virus
9241,56,0,virus
30272,21,0,virus
1862,0,0,virus
40385,6,1,virus
39198,22,1,virus
40615,189,1,virus
53643,43,0,virus
24186,2,1,virus
17455,18,0,virus
33497,18,0,virus
12179,16,1,virus
15682,18,0,virus
19941,16,0,virus
13571,168,1,virus
7450,24,1,virus
5105,222,0,virus
27489,2,1,virus
3350,17,0,virus
7370,42,0,virus
12652,168,0,virus
20612,16,0,virus
26524,4,1,virus
6984,24,1,virus
32781,21,0,virus
27290,102,1,virus
11341,220,1,virus
16371,5,0,virus
15748,102,0,virus
44056,34,1,virus
40646,195,0,virus
31698,2,1,virus
24875,4,1,virus
10171,24,1,virus
52324,232,1,virus
37417,24,1,virus
27997,43,0,virus
4842,54,1,virus
33430,18,0,virus
8082,2,1,virus
10051,59,0,virus
32374,18,0,virus
45192,59,1,virus
45788,64,1,virus
27597,2,0,virus
22758,59,0,virus
34244,167,0,virus
18060,192,0,virus
28915,18,0,virus
32717,18,0,virus
7095,2,1,virus
25722,222,0,virus
5477,24,1,virus
21965,5,0,virus
25537,2,1,virus
33616,167,0,virus
25884,17,1,virus
25303,20,1,virus
33126,21,0,virus
1110,9,0,virus
6839,189,1,virus
28823,43,1,virus
20756,20,1,virus
28819,43,0,virus
23038,54,1,virus
1213,15,1,virus
21213,16,0,virus
45005,189,1,virus
23521,224,1,virus
26776,2,0,virus
13770,16,0,virus
20626,2,0,virus
28917,21,0,virus
15024,2,0,virus
43031,233,0,virus
45679,64,1,virus
38179,24,1,virus
13352,59,0,virus
37158,135,1,virus
178,15,1,virus
12089,16,0,virus
17951,18,0,virus
35692,13,0,virus
42332,216,0,virus
34789,85,0,virus
36475,41,0,virus
22909,224,1,virus
266,135,1,virus
2118,25,1,virus
10506,56,0,virus
30172,18,0,virus
33643,21,0,virus
21769,56,0,virus
23008,23,1,virus
17633,222,0,virus
37701,59,0,virus
54006,262,0,virus
11363,222,1,virus
52208,262,1,virus
27747,43,1,virus
20065,16,0,virus
11748,80,0,virus
45690,191,1,virus
9881,278,0,virus
24892,20,0,virus
49116,261,1,virus
19680,145,0,virus
86,22,1,virus
36626,24,1,virus
893,42,1,virus
9292,16,0,virus
33473,18,0,virus
16277,0,0,virus
16237,18,0,virus
31863,18,0,virus
16012,18,0,virus
35922,24,1,virus
27733,2,1,virus
12146,168,1,virus
45657,191,1,virus
21203,222,1,virus
42546,217,0,virus
36876,135,1,virus
776,22,1,virus
6817,24,1,virus
42789,189,1,virus
34063,21,0,virus
27159,6,1,virus
6227,16,0,virus
11265,220,1,virus
9529,189,1,virus
27649,168,0,virus
4430,2,1,virus
26901,8,1,virus
13794,16,0,virus
16698,59,0,virus
15178,18,0,virus
54620,50,0,virus
2709,20,1,virus
31319,43,0,virus
29993,18,0,virus
16697,0,0,virus
9131,24,0,virus
32287,18,0,virus
638,2,0,virus
9232,139,1,virus
33780,21,0,virus
24794,144,0,virus
33762,18,0,virus
47149,43,0,virus
31406,43,0,virus
48767,43,1,virus
777,100,1,virus
25957,168,0,virus
5135,24,1,virus
23044,54,1,virus
28140,43,0,virus
21559,222,1,virus
35756,173,0,virus
39669,20,1,virus
20810,2,1,virus
40354,189,1,virus
40348,189,1,virus
45040,242,1,virus
8792,24,1,virus
15744,168,0,virus
39336,13,1,virus
51411,262,1,virus
25158,16,0,virus
34286,18,0,virus
8520,42,0,virus
755,23,1,virus
16517,16,0,virus
7693,9,0,virus
10335,56,1,virus
22934,22,1,virus
43386,239,1,virus
44996,136,1,virus
32723,21,0,virus
10692,6,1,virus
32132,43,0,virus
43390,239,1,virus
19253,18,0,virus
10583,18,0,virus
41321,59,0,virus
20040,59,0,virus
51958,262,1,virus
22921,54,1,virus
13593,168,0,virus
28683,21,0,virus
54244,262,0,virus
45999,256,1,virus
32167,43,0,virus
42690,14,0,virus
40747,3,0,virus
28516,158,0,virus
8102,191,1,virus
8687,2,0,virus
53803,262,0,virus
31479,18,0,virus
18521,0,0,virus
21603,5,0,virus
1794,2,0,virus
14054,168,0,virus
48818,237,1,virus
12972,220,1,virus
33831,18,0,virus
8979,24,1,virus
46738,43,0,virus
19629,0,0,virus
22468,5,0,virus
54671,113,0,virus
16213,102,0,virus
31923,18,0,virus
18226,16,0,virus
43140,237,1,virus
45300,251,1,virus
14070,16,0,virus
21298,16,0,virus
55213,43,0,virus
27417,2,0,virus
39464,22,1,virus
24532,143,1,virus
45847,64,1,virus
15108,18,0,virus
15358,2,0,virus
12126,9,1,virus
3509,9,0,virus
32006,21,0,virus
10423,47,1,virus
36757,135,1,virus
4523,24,1,virus
38661,180,1,virus
33997,43,0,virus
11615,222,0,virus
33098,21,0,virus
45967,255,1,virus
1606,56,1,virus
47557,43,0,virus
50058,155,1,virus
17398,18,0,virus
34284,21,0,virus
16368,114,0,virus
3052,24,1,virus
41341,135,1,virus
37868,189,1,virus
33719,21,1,virus
20046,59,0,virus
33170,18,0,virus
20142,168,1,virus
18711,103,0,virus
29884,18,0,virus
10160,189,1,virus
16654,107,0,virus
31501,164,0,virus
31362,43,0,virus
45624,64,1,virus
23929,6,1,virus
11982,20,1,virus
25298,20,1,virus
39737,23,1,virus
34779,16,1,virus
51977,262,1,virus
35190,250,0,virus
919,8,1,virus
14875,105,0,virus
11104,16,0,virus
12478,16,1,virus
3730,191,1,virus
10232,9,0,virus
34369,18,0,virus
758,54,1,virus
951,34,1,virus
52342,232,1,virus
3954,24,1,virus
6044,9,0,virus
13264,168,0,virus
47311,43,0,virus
14744,2,0,virus
10197,9,0,virus
23784,136,1,virus
48964,261,1,virus
32966,18,0,virus
23081,126,1,virus
4296,48,1,virus
12521,41,0,virus
46876,43,0,virus
34676,18,0,virus
9662,47,1,virus
12071,16,0,virus
22713,16,0,virus
48645,59,1,virus
28268,18,0,virus
19454,18,0,virus
8321,6,1,virus
50143,155,1,virus
47872,43,0,virus
35452,222,1,virus
2671,135,1,virus
15601,2,0,virus
28241,21,0,virus
43223,6,1,virus
29452,43,0,virus
45739,191,1,virus
20636,222,0,virus
32257,18,0,virus
33539,21,0,virus
33778,167,0,virus
4062,49,0,virus
44325,6,1,virus
13452,2,1,virus
46339,43,0,virus
7875,3,0,virus
21202,2,1,virus
23687,54,1,virus
19165,0,0,virus
22936,22,1,virus
55110,126,0,virus
14874,18,0,virus
21329,222,0,virus
49659,6,1,virus
6381,6,1,virus
33555,166,0,virus
4835,34,1,virus
47661,43,0,virus
30580,21,0,virus
45709,191,1,virus
50270,155,1,virus
51069,43,0,virus
31398,21,0,virus
48775,43,1,virus
23063,54,1,virus
23953,6,1,virus
52253,262,1,virus
13433,222,1,virus
22968,23,1,virus
23198,54,1,virus
7937,24,1,virus
27986,43,1,virus
11867,222,0,virus
12597,189,1,virus
46153,255,1,virus
32006,18,0,virus
32640,18,0,virus
20331,10,0,virus
38345,24,1,virus
20073,20,0,virus
33976,21,0,virus
30257,18,0,virus
6036,56,0,virus
47045,43,0,virus
46013,256,1,virus
42741,100,0,virus
27526,2,1,virus
43318,6,1,virus
42792,189,1,virus
33541,18,0,virus
25867,17,1,virus
34269,18,0,virus
10409,42,0,virus
33740,18,0,virus
3105,24,1,virus
35298,43,1,virus
11593,59,0,virus
26737,43,0,virus
37880,24,1,virus
25718,2,1,virus
20585,2,0,virus
39421,20,1,virus
7718,189,1,virus
47614,43,0,virus
33621,21,0,virus
12714,222,0,virus
21362,16,1,virus
51611,262,1,virus
22234,5,0,virus
12657,91,1,virus
55209,22,1,virus
15051,16,0,virus
38100,22,1,virus
31620,18,0,virus
7689,9,0,virus
9274,24,1,virus
51790,262,1,virus
8990,22,0,virus
4160,6,0,virus
37410,24,1,virus
5635,70,0,virus
33826,21,0,virus
49181,261,1,virus
46844,43,0,virus
10479,16,0,virus
52361,232,1,virus
4128,2,1,virus
23801,56,1,virus
13800,56,0,virus
24664,59,0,virus
32259,18,0,virus
14488,0,0,virus
21383,168,1,virus
45550,43,1,virus
11811,222,0,virus
48898,261,1,virus
47011,43,0,virus
20765,5,0,virus
28733,18,0,virus
12359,50,0,virus
13837,9,1,virus
2564,16,0,virus
12005,222,0,virus
38093,135,1,virus
19718,14,0,virus
47499,43,0,virus
227,137,1,virus
19342,18,0,virus
13349,59,0,virus
39166,272,1,virus
21407,20,0,virus
52969,262,0,virus
30841,18,0,virus
49945,155,1,virus
33454,21,0,virus
53755,262,0,virus
47759,262,0,virus
16943,168,0,virus
24762,20,0,virus
52037,262,1,virus
36736,189,1,virus
45062,136,1,virus
25024,100,1,virus
4286,31,1,virus
35807,24,1,virus
11858,59,0,virus
14781,114,0,virus
52151,262,1,virus
20119,125,0,virus
57,0,0,virus
7630,24,1,virus
46016,257,1,virus
25379,23,1,virus
7714,189,1,virus
18127,168,0,virus
30085,18,0,virus
48533,237,1,virus
13460,16,0,virus
30202,18,0,virus
28972,24,0,virus
2696,24,1,virus
27888,262,1,virus
29609,21,0,virus
35190,59,0,virus
15988,18,0,virus
27622,2,1,virus
29871,18,0,virus
4956,25,1,virus
52350,59,1,virus
41603,6,0,virus
14357,216,0,virus
12140,168,0,virus
16498,102,0,virus
42126,216,0,virus
27120,2,1,virus
30322,21,0,virus
48742,43,1,virus
52917,262,1,virus
33311,21,1,virus
872,1,0,virus
45869,191,1,virus
39398,4,0,virus
12746,2,0,virus
9351,24,1,virus
23597,136,1,virus
34589,18,0,virus
7500,24,1,virus
45082,136,1,virus
21622,168,1,virus
14152,2,0,virus
31773,2,1,virus
14428,0,0,virus
2854,24,1,virus
48858,41,0,virus
14961,222,0,virus
25432,222,1,virus
19223,103,0,virus
34949,16,1,virus
6719,24,0,virus
17860,103,0,virus
16078,18,0,virus
30646,43,0,virus
12792,6,1,virus
15775,0,0,virus
381,9,0,virus
37290,20,1,virus
29115,43,1,virus
20680,126,0,virus
35753,173,0,virus
33359,21,0,virus
49998,155,1,virus
43991,237,1,virus
35978,189,1,virus
3880,48,1,virus
46016,256,1,virus
32817,165,0,virus
8481,73,1,virus
51670,262,1,virus
19745,216,0,virus
43481,162,1,virus
6612,42,0,virus
31376,18,0,virus
14028,16,0,virus
13179,220,1,virus
35476,43,1,virus
19058,59,0,virus
49540,6,1,virus
32796,21,0,virus
3658,48,1,virus
48647,159,1,virus
43524,162,1,virus
18777,0,0,virus
33759,18,0,virus
23256,135,0,virus
16817,103,0,virus
33134,18,0,virus
55093,4,0,virus
22184,2,0,virus
20407,273,0,virus
13555,168,0,virus
44790,136,1,virus
1860,9,1,virus
9575,189,1,virus
23041,224,1,virus
1106,34,0,virus
4162,2,0,virus
16149,10,0,virus
10653,9,0,virus
49735,43,1,virus
27612,2,1,virus
28789,18,0,virus
40647,126,0,virus
21538,2,0,virus
12795,220,0,virus
33606,18,0,virus
15414,2,0,virus
30170,21,0,virus
13025,6,1,virus
34371,18,0,virus
1518,2,1,virus
4754,6,1,virus
8819,77,0,virus
30227,18,0,virus
7248,23,0,virus
52744,262,1,virus
37610,215,1,virus
29536,21,0,virus
14414,103,0,virus
34375,21,0,virus
14819,5,0,virus
45828,191,1,virus
9473,56,0,virus
47494,43,0,virus
6645,189,1,virus
25910,2,0,virus
30190,18,0,virus
32654,18,0,virus
6251,43,1,virus
13064,168,0,virus
51768,262,1,virus
37711,24,1,virus
22400,2,0,virus
15233,103,0,virus
37002,24,1,virus
21429,2,0,virus
25435,2,1,virus
11083,2,0,virus
12192,168,1,virus
2028,9,0,virus
3809,189,1,virus
53940,262,0,virus
33031,18,0,virus
4675,54,1,virus
31644,18,0,virus
22996,23,1,virus
10537,2,0,virus
34384,21,0,virus
11541,20,1,virus
16902,112,0,virus
40001,187,0,virus
36995,54,1,virus
33751,21,1,virus
1939,0,0,virus
23005,22,1,virus
55067,220,0,virus
17329,2,1,virus
39362,20,0,virus
21969,168,1,virus
2972,24,1,virus
53949,262,0,virus
3027,48,1,virus
25032,22,1,virus
36647,2,0,virus
34005,18,0,virus
31016,43,0,virus
52095,262,1,virus
8543,9,1,virus
11128,222,0,virus
25587,2,0,virus
38117,183,1,virus
39480,188,1,virus
30695,43,1,virus
45069,242,1,virus
34274,18,0,virus
34242,167,0,virus
16600,14,0,virus
32340,18,0,virus
27131,24,1,virus
15606,222,0,virus
5940,16,0,virus
5523,2,0,virus
32607,2,1,virus
45836,64,1,virus
37929,24,1,virus
50000,155,1,virus
37880,135,1,virus
33815,18,0,virus
218,22,1,virus
17510,103,0,virus
26615,4,0,virus
31635,18,0,virus
24265,138,0,virus
13354,2,1,virus
15728,168,1,virus
21068,16,1,virus
7878,43,0,virus
5541,17,0,virus
9914,135,1,virus
30743,18,0,virus
33045,18,0,virus
55147,126,0,virus
43007,6,0,virus
17184,102,0,virus
39927,43,1,virus
26006,6,0,virus
903,8,1,virus
13944,168,0,virus
45441,59,0,virus
32826,18,0,virus
13125,222,0,virus
851,8,1,virus
33357,18,0,virus
52283,262,1,virus
9984,16,0,virus
35703,2,0,virus
33083,18,0,virus
23367,10,1,virus
18659,168,0,virus
20420,88,0,virus
26004,2,1,virus
33027,21,0,virus
37816,13,1,virus
22680,17,1,virus
18127,16,0,virus
11810,2,0,virus
1260,5,0,virus
21511,222,1,virus
28936,18,0,virus
10013,2,0,virus
23650,136,1,virus
38446,24,1,virus
654,2,1,virus
49936,64,1,virus
19031,16,0,virus
27868,161,0,virus
53867,262,0,virus
12442,16,1,virus
3955,24,1,virus
29279,43,1,virus
24238,20,0,virus
15962,14,0,virus
39247,43,1,virus
36678,168,0,virus
15640,18,0,virus
14404,16,1,virus
2506,24,1,virus
19338,102,0,virus
46925,43,0,virus
33710,18,0,virus
33543,21,0,virus
33279,21,0,virus
32970,21,0,virus
12470,16,0,virus
2749,34,1,virus
52318,232,1,virus
8944,6,1,virus
8771,13,0,virus
20383,118,1,virus
9865,9,0,virus
19087,16,0,virus
18290,0,0,virus
53816,262,0,virus
10420,9,1,virus
30236,18,0,virus
12755,78,1,virus
20844,5,0,virus
32665,164,0,virus
18674,168,1,virus
8278,44,0,virus
29827,56,0,virus
19022,168,0,virus
46841,43,0,virus
14856,222,0,virus
30949,24,1,virus
26592,60,0,virus
41154,6,1,virus
16098,20,1,virus
4221,34,1,virus
11090,6,1,virus
17370,114,0,virus
3604,34,0,virus
30417,21,0,virus
15132,14,0,virus
34894,16,1,virus
1663,135,1,virus
19091,18,0,virus
13941,168,0,virus
25030,23,1,virus
7799,41,0,virus
18197,106,0,virus
33183,18,0,virus
24492,23,1,virus
9431,189,1,virus
18880,18,0,virus
35836,24,1,virus
28909,43,1,virus
14449,10,0,virus
35985,24,1,virus
4655,16,0,virus
11487,90,1,virus
44,6,1,virus
4514,48,1,virus
52346,232,1,virus
42791,188,1,virus
16810,2,0,virus
32913,18,0,virus
23155,54,0,virus
36160,24,1,virus
23066,22,1,virus
1558,54,1,virus
18404,18,0,virus
32707,21,0,virus
16395,0,0,virus
43032,233,0,virus
24108,2,1,virus
31379,18,0,virus
20045,59,0,virus
32971,21,0,virus
35996,189,1,virus
25028,100,1,virus
41167,6,1,virus
28537,145,0,virus
37011,24,1,virus
44795,136,1,virus
489,25,0,virus
36848,189,1,virus
49007,261,1,virus
48402,136,1,virus
30478,18,0,virus
12962,16,0,virus
30302,18,0,virus
17122,5,0,virus
31561,21,0,virus
45889,191,1,virus
30816,21,0,virus
25750,2,0,virus
12915,2,1,virus
22963,224,1,virus
49045,261,1,virus
6639,13,0,virus
5807,2,0,virus
21950,168,1,virus
13044,6,1,virus
6049,9,0,virus
30366,43,1,virus
14036,16,0,virus
31727,2,1,virus
30310,21,0,virus
707,8,1,virus
32953,18,0,virus
18911,103,0,virus
13171,74,0,virus
49284,264,1,virus
22067,2,0,virus
29528,43,0,virus
12950,2,1,virus
54182,262,0,virus
134,8,1,virus
23170,54,0,virus
1007,8,1,virus
48703,31,1,virus
21572,220,1,virus
28464,145,0,virus
51965,262,1,virus
26684,16,1,virus
13815,50,0,virus
52607,262,1,virus
29840,21,1,virus
8289,77,0,virus
5963,189,1,virus
38207,135,1,virus
19780,64,0,virus
26518,4,1,virus
21037,5,0,virus
751,56,1,virus
39468,34,1,virus
37848,189,1,virus
34591,21,0,virus
1725,5,0,virus
3611,13,0,virus
24556,20,0,virus
43237,6,1,virus
19923,186,0,virus
38770,126,0,virus
33058,18,0,virus
54005,262,0,virus
38493,24,1,virus
14902,18,0,virus
22110,14,0,virus
21097,16,0,virus
48832,237,1,virus
52377,59,1,virus
12990,16,0,virus
40800,135,1,virus
27439,2,0,virus
52348,59,1,virus
24110,2,0,virus
19701,0,0,virus
25451,2,1,virus
34050,18,0,virus
30181,18,0,virus
20035,59,0,virus
49075,261,1,virus
36225,189,1,virus
44613,239,1,virus
11983,126,1,virus
19031,168,0,virus
8966,24,1,virus
8693,56,0,virus
15209,0,0,virus
12649,168,0,virus
19188,168,0,virus
21492,5,0,virus
31484,21,0,virus
1042,34,1,virus
36399,24,1,virus
30123,21,0,virus
38673,180,1,virus
43615,162,1,virus
13915,2,0,virus
15402,2,0,virus
7230,24,1,virus
36908,24,0,virus
45622,191,1,virus
10848,16,0,virus
39734,13,1,virus
18412,0,0,virus
29229,43,0,virus
34077,18,0,virus
50192,155,1,virus
30076,21,0,virus
5177,189,1,virus
27247,249,1,virus
29435,43,0,virus
30287,21,0,virus
34392,21,0,virus
12307,20,1,virus
32721,18,0,virus
26796,43,1,virus
34045,18,0,virus
14180,16,1,virus
7098,2,0,virus
6583,3,0,virus
23048,22,1,virus
35564,24,1,virus
18290,126,0,virus
44896,136,1,virus
43519,162,1,virus
11337,220,1,virus
54544,56,1,virus
1470,222,1,virus
26222,31,1,virus
11387,2,1,virus
6686,76,0,virus
12184,168,1,virus
51060,43,0,virus
25622,168,0,virus
18164,0,0,virus
34547,21,0,virus
13756,168,0,virus
2579,55,1,virus
758,22,1,virus
38742,20,1,virus
39329,20,0,virus
34424,43,0,virus
31253,18,0,virus
45666,191,1,virus
48722,43,1,virus
52341,232,1,virus
15280,103,0,virus
9118,2,0,virus
23030,54,1,virus
28661,2,1,virus
20602,16,0,virus
29740,60,0,virus
39059,220,1,virus
52374,159,1,virus
41526,6,0,virus
32323,18,0,virus
46954,43,0,virus
10171,189,1,virus
34372,18,0,virus
30566,165,0,virus
45393,59,1,virus
38589,24,1,virus
3988,24,1,virus
46120,255,1,virus
3289,43,1,virus
32546,165,0,virus
9350,189,1,virus
38659,180,1,virus
34002,21,0,virus
42911,224,1,virus
33381,21,0,virus
39189,23,1,virus
43376,239,1,virus
4490,61,0,virus
11930,16,1,virus
1225,0,0,virus
30502,43,1,virus
31906,21,0,virus
836,56,1,virus
4419,24,1,virus
47165,43,0,virus
14201,168,0,virus
23040,23,1,virus
25037,23,1,virus
8472,28,1,virus
19970,4,1,virus
7571,189,1,virus
45904,64,1,virus
11112,2,1,virus
12759,168,0,virus
15127,14,0,virus
6811,24,1,virus
53917,262,0,virus
45250,251,1,virus
36114,135,1,virus
14519,112,0,virus
32115,18,0,virus
46415,43,1,virus
141,17,0,virus
17609,18,0,virus
51224,43,1,virus
55184,8,1,virus
45175,43,0,virus
42734,100,0,virus
49717,43,1,virus
18930,102,0,virus
32944,21,0,virus
20711,2,0,virus
2285,19,0,virus
43328,6,1,virus
54042,262,0,virus
48609,43,1,virus
31480,21,0,virus
8567,24,1,virus
38776,20,1,virus
36052,24,1,virus
15522,14,0,virus
37847,189,1,virus
35328,43,1,virus
5086,56,0,virus
9639,56,0,virus
43654,162,1,virus
792,56,1,virus
18047,59,0,virus
31863,21,0,virus
53870,262,0,virus
7928,189,1,virus
11222,16,1,virus
53645,43,0,virus
39051,2,1,virus
18962,0,0,virus
30745,21,0,virus
22922,22,1,virus
54978,6,1,virus
3254,9,0,virus
39467,22,1,virus
23058,224,1,virus
36396,24,1,virus
6648,24,1,virus
32636,21,0,virus
31966,43,0,virus
16508,16,0,virus
17131,16,0,virus
35755,173,0,virus
18525,2,0,virus
11955,16,1,virus
9243,59,0,virus
14649,102,0,virus
25520,2,1,virus
38775,20,1,virus
18526,106,0,virus
27127,24,1,virus
17646,18,0,virus
31857,18,0,virus
10508,56,0,virus
12191,16,1,virus
22155,222,0,virus
49068,261,1,virus
35729,22,0,virus
20184,20,0,virus
12800,222,1,virus
18790,107,0,virus
53781,262,0,virus
27848,16,0,virus
35952,24,1,virus
6807,24,1,virus
15036,222,0,virus
39365,20,0,virus
23800,136,1,virus
19342,0,0,virus
8640,2,0,virus
17032,0,0,virus
43200,6,1,virus
40536,193,0,virus
23684,136,1,virus
33391,21,0,virus
1049,8,1,virus
29887,21,0,virus
8634,56,1,virus
17114,103,0,virus
24487,222,1,virus
38675,180,1,virus
32686,21,0,virus
8581,41,0,virus
53774,262,0,virus
1376,9,0,virus
11207,168,1,virus
8380,13,0,virus
37120,24,1,virus
9593,24,1,virus
22398,222,0,virus
13433,2,1,virus
52348,159,1,virus
2566,168,0,virus
879,25,1,virus
18203,103,0,virus
20682,10,0,virus
39464,34,1,virus
42433,216,0,virus
25509,2,1,virus
18594,2,0,virus
24534,227,0,virus
23307,134,0,virus
13339,220,1,virus
25870,141,0,virus
37538,13,1,virus
6971,24,1,virus
41171,6,1,virus
9306,16,0,virus
6580,196,0,virus
22918,54,1,virus
33147,21,0,virus
16143,2,0,virus
29734,60,0,virus
32865,18,0,virus
34016,21,0,virus
52971,262,0,virus
2079,0,0,virus
28570,2,1,virus
2964,183,1,virus
12832,220,1,virus
9600,2,0,virus
37120,189,1,virus
15694,111,0,virus
49896,64,1,virus
11397,88,1,virus
21346,16,1,virus
14222,0,0,virus
47882,159,0,virus
3700,48,1,virus
5968,24,1,virus
50911,43,0,virus
13075,168,0,virus
24445,20,0,virus
181,135,1,virus
777,54,1,virus
36330,189,1,virus
11315,34,1,virus
48192,59,0,virus
19874,2,0,virus
27118,2,1,virus
39222,124,1,virus
18322,106,0,virus
42491,106,0,virus
7393,47,1,virus
2538,16,0,virus
46718,43,0,virus
48648,159,1,virus
34805,42,0,virus
54423,6,1,virus
7038,56,1,virus
37152,135,1,virus
25446,2,1,virus
2976,6,1,virus
25857,141,0,virus
20925,168,1,virus
38643,135,1,virus
12520,9,0,virus
7622,4,1,virus
12342,222,0,virus
4882,2,0,virus
14860,14,0,virus
26003,2,0,virus
28983,2,0,virus
14604,0,0,virus
31471,21,0,virus
26345,270,1,virus
33656,21,0,virus
14700,18,0,virus
38624,24,1,virus
9374,24,1,virus
15632,18,0,virus
11102,2,1,virus
31608,21,0,virus
27790,17,0,virus
20625,222,0,virus
45925,64,1,virus
30652,43,0,virus
9493,77,0,virus
21695,13,0,virus
22038,95,0,virus
25640,141,0,virus
11303,16,0,virus
7144,56,1,virus
12448,16,1,virus
26272,24,1,virus
6346,160,0,virus
33882,43,0,virus
52360,232,1,virus
31550,18,0,virus
8689,9,0,virus
33300,21,1,virus
52394,59,1,virus
31257,18,0,virus
52015,262,1,virus
38507,24,1,virus
33846,18,0,virus
27780,16,0,virus
23024,224,1,virus
43253,6,1,virus
15130,14,0,virus
1159,56,0,virus
51803,262,1,virus
7806,16,0,virus
25700,222,0,virus
40109,6,1,virus
29103,43,0,virus
33516,21,0,virus
39494,22,1,virus
53061,262,0,virus
6701,24,0,virus
746,56,1,virus
30235,21,0,virus
30583,18,0,virus
41074,54,1,virus
9288,0,0,virus
25324,34,1,virus
39950,43,1,virus
9719,16,0,virus
898,34,1,virus
30827,18,0,virus
25453,2,1,virus
13237,16,0,virus
36615,24,1,virus
13527,16,0,virus
13293,16,0,virus
7172,189,1,virus
25049,22,1,virus
45102,136,1,virus
22955,54,1,virus
32954,18,0,virus
13236,168,0,virus
2347,15,1,virus
24507,22,1,virus
9378,24,1,virus
15030,18,0,virus
30543,18,0,virus
52070,262,1,virus
17741,0,0,virus
22348,5,0,virus
23746,54,1,virus
20324,10,0,virus
52604,262,1,virus
13661,168,0,virus
26012,6,0,virus
2770,54,1,virus
26983,2,0,virus
20575,5,0,virus
13767,16,0,virus
29761,18,0,virus
11547,20,1,virus
27375,24,1,virus
37589,189,1,virus
21240,5,0,virus
13649,16,0,virus
17700,111,0,virus
11216,16,1,virus
12951,220,1,virus
4267,25,1,virus
22883,42,1,virus
17345,105,0,virus
55135,278,0,virus
29488,43,0,virus
17325,220,1,virus
39858,20,1,virus
32990,21,0,virus
31594,21,0,virus
7866,3,0,virus
16777,102,0,virus
15638,18,0,virus
25976,2,1,virus
25907,140,0,virus
30592,18,0,virus
44562,239,1,virus
5577,222,0,virus
33310,18,0,virus
29514,18,0,virus
34823,16,1,virus
38185,24,1,virus
604,34,1,virus
44380,6,1,virus
4580,48,1,virus
21403,14,0,virus
45893,191,1,virus
17889,18,0,virus
22167,10,0,virus
20108,14,0,virus
769,22,1,virus
30562,18,0,virus
22709,123,0,virus
23888,54,1,virus
34254,18,0,virus
36053,189,1,virus
14168,16,0,virus
16936,18,0,virus
36352,24,1,virus
2858,189,1,virus
4465,2,0,virus
17525,18,0,virus
762,9,1,virus
2964,24,1,virus
24525,16,0,virus
6046,56,0,virus
38084,24,1,virus
2671,6,1,virus
50645,43,0,virus
24242,192,0,virus
796,56,1,virus
37147,189,1,virus
20680,10,0,virus
49913,64,1,virus
48569,237,1,virus
14616,105,0,virus
15982,18,0,virus
1877,27,0,virus
1014,8,1,virus
29517,43,1,virus
24876,118,1,virus
37146,24,1,virus
13459,168,0,virus
19418,16,1,virus
43694,162,1,virus
39444,182,1,virus
46125,255,1,virus
21440,222,0,virus
43623,162,1,virus
28989,21,0,virus
15291,103,0,virus
26430,102,0,virus
40949,189,1,virus
3420,144,1,virus
18672,16,1,virus
35655,9,0,virus
481,25,1,virus
32913,21,0,virus
39594,135,1,virus
28315,24,1,virus
43396,239,1,virus
302,168,1,virus
27247,159,1,virus
37699,59,0,virus
3905,2,1,virus
10014,2,0,virus
45085,136,1,virus
23333,168,0,virus
39052,2,1,virus
40059,135,1,virus
23064,23,1,virus
15895,0,0,virus
11372,2,1,virus
22413,16,1,virus
51957,262,1,virus
67,2,1,virus
10281,9,0,virus
20893,2,1,virus
32771,21,0,virus
12113,6,1,virus
15418,18,0,virus
7707,24,1,virus
40213,189,1,virus
28547,158,0,virus
54924,16,0,virus
36453,189,1,virus
11246,16,0,virus
11348,168,1,virus
33292,21,1,virus
33588,21,0,virus
27590,2,0,virus
8142,191,1,virus
661,2,1,virus
42182,216,0,virus
14890,18,0,virus
46015,256,1,virus
4544,48,1,virus
1994,9,0,virus
33428,43,0,virus
38597,24,1,virus
45289,251,1,virus
19937,5,0,virus
16154,126,0,virus
1043,34,1,virus
16929,14,0,virus
4802,49,1,virus
28959,21,0,virus
52016,262,1,virus
16188,102,0,virus
41890,216,0,virus
166,9,1,virus
35977,189,1,virus
49778,41,0,virus
31098,43,0,virus
19377,18,0,virus
43374,239,1,virus
25989,2,1,virus
38352,24,1,virus
13614,6,1,virus
18363,112,0,virus
52146,262,1,virus
4553,48,1,virus
5370,49,0,virus
55058,220,0,virus
39068,220,1,virus
2384,6,1,virus
19589,4,0,virus
19873,41,0,virus
30425,18,0,virus
32576,21,0,virus
15503,18,0,virus
25839,16,0,virus
3904,6,1,virus
22981,54,1,virus
16022,14,0,virus
40056,135,1,virus
15037,222,0,virus
14336,18,0,virus
12170,100,1,virus
25540,2,1,virus
7753,24,0,virus
7507,189,1,virus
51867,262,1,virus
6429,22,0,virus
21629,222,0,virus
8454,73,0,virus
34206,2,0,virus
36565,24,1,virus
54639,4,1,virus
41343,135,1,virus
36926,3,1,virus
4408,2,1,virus
27786,17,0,virus
27151,2,1,virus
45862,64,1,virus
39110,20,1,virus
48834,237,1,virus
38551,24,1,virus
20781,88,0,virus
23023,224,1,virus
37987,20,0,virus
11134,20,0,virus
52013,262,1,virus
12763,16,1,virus
43662,162,1,virus
16314,14,0,virus
40655,194,0,virus
11739,80,0,virus
35241,222,0,virus
18111,18,0,virus
9895,2,0,virus
40110,188,1,virus
17159,0,0,virus
10509,56,0,virus
46725,43,0,virus
10151,45,0,virus
11378,222,1,virus
45733,64,1,virus
10852,16,0,virus
20345,10,0,virus
32147,21,1,virus
23747,54,1,virus
40115,189,1,virus
20640,2,0,virus
27247,250,1,virus
30585,21,0,virus
7434,24,1,virus
30520,21,0,virus
23251,135,0,virus
4620,2,1,virus
24803,10,0,virus
52332,250,1,virus
22437,5,0,virus
53625,43,0,virus
12364,89,0,virus
17817,18,0,virus
36039,24,1,virus
4306,48,1,virus
4302,48,1,virus
25799,56,1,virus
17218,220,1,virus
20537,14,0,virus
23136,54,0,virus
21481,2,0,virus
52317,250,1,virus
32989,21,0,virus
81,22,1,virus
19742,2,0,virus
28781,43,0,virus
29590,43,0,virus
38947,135,1,virus
35798,24,1,virus
38740,20,1,virus
30205,21,0,virus
717,15,1,virus
6275,6,1,virus
53901,262,0,virus
41286,100,1,virus
18266,103,0,virus
36449,24,1,virus
49942,155,1,virus
30085,21,0,virus
23010,22,1,virus
30281,21,0,virus
11319,34,1,virus
37186,183,1,virus
38074,24,1,virus
52892,262,1,virus
34040,21,0,virus
7226,23,0,virus
30315,18,0,virus
37913,20,1,virus
8707,24,0,virus
1299,15,1,virus
37082,135,1,virus
10050,59,0,virus
54813,6,1,virus
32321,21,0,virus
48393,43,0,virus
23054,54,1,virus
22656,168,0,virus
25897,2,0,virus
44862,136,1,virus
6989,24,1,virus
20278,5,0,virus
33697,164,0,virus
8504,16,0,virus
49141,261,1,virus
25532,222,1,virus
1525,35,1,virus
30328,18,0,virus
603,34,1,virus
44752,136,1,virus
46119,255,1,virus
38228,24,1,virus
10144,24,1,virus
23811,56,1,virus
52728,262,1,virus
16008,59,0,virus
29216,43,0,virus
14258,106,0,virus
13066,16,0,virus
32838,21,0,virus
55139,126,0,virus
25426,6,0,virus
479,25,1,virus
45215,59,0,virus
40608,189,1,virus
51898,262,1,virus
26744,145,0,virus
30135,18,0,virus
4979,54,1,virus
26911,8,1,virus
30090,43,0,virus
34279,18,0,virus
20107,100,1,virus
23219,135,0,virus
51804,262,1,virus
18820,103,0,virus
28376,2,0,virus
27155,2,1,virus
17813,103,0,virus
24688,20,0,virus
22945,22,1,virus
16241,18,0,virus
17788,41,0,virus
40279,189,1,virus
22885,42,1,virus
39530,43,1,virus
12947,168,0,virus
32230,21,0,virus
16274,0,0,virus
19922,5,0,virus
46776,43,0,virus
266,201,1,virus
30659,43,0,virus
9232,6,1,virus
20961,130,1,virus
31336,18,0,virus
961,34,1,virus
53890,262,0,virus
38586,189,1,virus
22660,168,0,virus
12467,16,0,virus
11206,16,1,virus
28895,43,1,virus
13740,168,0,virus
36744,135,1,virus
25750,222,0,virus
15099,14,0,virus
38005,24,1,virus
32279,21,0,virus
45383,252,0,virus
18122,0,0,virus
19011,16,0,virus
40582,189,1,virus
23845,54,1,virus
33647,21,0,virus
47621,43,0,virus
33118,21,0,virus
21202,222,1,virus
44393,6,1,virus
16009,0,0,virus
3767,2,0,virus
45024,189,1,virus
1663,20,1,virus
13436,16,0,virus
28563,18,0,virus
38592,189,1,virus
3039,48,1,virus
11638,168,1,virus
37070,23,1,virus
54262,43,1,virus
48846,160,0,virus
39271,24,1,virus
18261,13,0,virus
30329,18,0,virus
31376,21,0,virus
33419,43,1,virus
31340,18,0,virus
35562,135,1,virus
12120,6,1,virus
7379,24,1,virus
9447,24,1,virus
22956,23,1,virus
29896,18,0,virus
21380,95,0,virus
53945,262,0,virus
25112,56,1,virus
31791,2,1,virus
45682,64,1,virus
50347,262,1,virus
28582,18,0,virus
30261,18,0,virus
33438,43,1,virus
23999,6,1,virus
48016,43,1,virus
4682,54,1,virus
4107,2,1,virus
28717,22,1,virus
39052,220,1,virus
38587,189,1,virus
53779,262,0,virus
53996,262,0,virus
45775,191,1,virus
19608,4,0,virus
8849,16,0,virus
2565,43,1,virus
28875,18,0,virus
55141,126,0,virus
33945,43,0,virus
32907,21,0,virus
25482,222,1,virus
28178,2,0,virus
6374,24,0,virus
28871,21,0,virus
21726,2,0,virus
673,2,1,virus
37412,24,1,virus
21448,222,1,virus
40012,187,0,virus
31326,43,1,virus
13227,56,1,virus
12123,16,1,virus
25301,20,1,virus
31239,18,0,virus
33923,21,0,virus
51358,262,1,virus
22691,2,0,virus
9380,189,1,virus
1850,9,1,virus
20342,10,0,virus
2750,54,1,virus
34353,43,1,virus
52116,262,1,virus
1151,8,1,virus
17059,103,0,virus
32322,18,0,virus
25995,16,0,virus
23042,224,1,virus
7929,41,0,virus
23861,54,1,virus
38677,180,1,virus
29514,167,0,virus
16584,112,0,virus
44229,240,1,virus
9596,189,1,virus
11028,168,0,virus
26873,102,0,virus
44625,239,1,virus
35574,43,1,virus
34075,18,0,virus
35186,249,0,virus
28025,102,0,virus
11185,222,0,virus
51720,262,1,virus
9952,6,1,virus
45381,59,0,virus
21337,5,0,virus
15589,20,0,virus
1327,56,1,virus
25051,22,1,virus
11809,2,0,virus
30740,21,0,virus
13016,16,0,virus
11317,34,1,virus
24421,2,0,virus
23002,54,1,virus
26227,31,1,virus
19775,103,0,virus
6474,13,0,virus
21963,2,0,virus
23179,2,0,virus
30632,2,1,virus
39788,23,1,virus
17421,14,0,virus
25951,2,1,virus
21604,37,0,virus
14571,2,0,virus
13269,168,1,virus
7856,3,0,virus
45334,59,0,virus
28949,43,0,virus
586,137,1,virus
4540,48,1,virus
13561,2,1,virus
52111,262,1,virus
30854,21,1,virus
37793,24,1,virus
16823,103,0,virus
32715,18,0,virus
30454,161,0,virus
266,24,1,virus
13344,16,0,virus
39990,262,1,virus
9042,9,0,virus
13472,16,0,virus
23746,136,1,virus
6325,24,0,virus
24414,126,0,virus
30423,21,0,virus
19981,126,1,virus
38942,20,1,virus
51863,262,1,virus
6621,42,0,virus
13185,222,1,virus
31044,24,1,virus
7624,9,0,virus
47146,43,0,virus
34013,21,0,virus
17130,16,0,virus
44444,136,1,virus
43946,239,1,virus
22982,22,1,virus
20452,9,0,virus
46993,43,0,virus
23926,6,1,virus
32856,18,0,virus
14315,103,0,virus
52096,262,1,virus
39773,23,1,virus
12285,2,0,virus
24091,16,0,virus
5061,67,1,virus
7915,13,0,virus
30071,2,1,virus
7409,24,1,virus
32452,18,0,virus
18415,112,0,virus
15264,216,0,virus
37318,22,1,virus
16885,14,0,virus
29416,43,0,virus
18949,102,0,virus
53987,262,0,virus
31566,18,0,virus
13311,168,1,virus
8008,2,1,virus
25434,222,1,virus
25998,16,0,virus
30414,18,0,virus
1354,9,0,virus
17491,103,0,virus
20617,16,0,virus
40723,6,0,virus
30932,43,1,virus
33127,166,0,virus
17801,18,0,virus
18734,18,0,virus
33963,43,0,virus
43375,239,1,virus
34323,18,0,virus
11868,222,0,virus
29502,43,0,virus
2351,15,1,virus
9779,2,1,virus
54858,6,1,virus
34571,10,0,virus
36801,135,1,virus
31618,18,0,virus
3712,191,1,virus
47885,43,0,virus
43401,239,1,virus
13809,16,0,virus
11719,88,1,virus
11040,6,0,virus
14625,222,1,virus
33549,18,0,virus
33387,18,0,virus
725,0,0,virus
10264,16,0,virus
7418,24,1,virus
48684,43,1,virus
31632,21,0,virus
8726,2,0,virus
23843,136,1,virus
52683,262,1,virus
48567,237,1,virus
31137,58,1,virus
240,137,1,virus
26379,59,1,virus
32987,18,0,virus
7282,6,0,virus
18810,18,0,virus
15715,102,0,virus
6388,2,0,virus
17670,16,0,virus
24796,10,0,virus
2389,2,1,virus
5016,25,1,virus
54398,168,0,virus
22962,22,1,virus
45403,59,0,virus
6286,2,0,virus
786,23,1,virus
8571,24,0,virus
20323,10,0,virus
8828,77,0,virus
32734,18,0,virus
1080,20,1,virus
7624,56,0,virus
32727,18,0,virus
11287,189,1,virus
13535,2,0,virus
24245,222,0,virus
32688,18,0,virus
21801,5,0,virus
18361,168,0,virus
2925,8,1,virus
20802,222,1,virus
32560,21,0,virus
25720,222,1,virus
35364,43,1,virus
39778,22,1,virus
1516,222,1,virus
24868,119,0,virus
23420,54,1,virus
38208,24,1,virus
25023,22,1,virus
34091,2,0,virus
34191,43,0,virus
16516,16,0,virus
45010,189,1,virus
39469,54,1,virus
54242,262,0,virus
53878,262,0,virus
15041,186,0,virus
54337,43,1,virus
5255,49,1,virus
11735,74,0,virus
15365,103,0,virus
8324,6,1,virus
13323,2,1,virus
22404,168,0,virus
12459,16,0,virus
5826,16,0,virus
19050,18,0,virus
37582,54,1,virus
24905,20,0,virus
28354,2,0,virus
21881,2,0,virus
33271,18,0,virus
4583,48,1,virus
30316,21,0,virus
12300,56,1,virus
30802,18,0,virus
26144,43,0,virus
26680,2,1,virus
33478,165,0,virus
30317,21,0,virus
11659,168,1,virus
8378,22,1,virus
21946,16,1,virus
37419,24,1,virus
20622,16,0,virus
23796,136,1,virus
13891,168,0,virus
2267,2,1,virus
18387,0,0,virus
26991,24,1,virus
5052,2,0,virus
1749,5,0,virus
23358,55,0,virus
9339,24,1,virus
29705,18,0,virus
9736,13,0,virus
9238,6,1,virus
25596,2,1,virus
54755,6,0,virus
8442,6,0,virus
19115,16,0,virus
37866,189,1,virus
37867,189,1,virus
17383,18,0,virus
32673,21,0,virus
607,34,1,virus
20656,10,0,virus
2105,24,0,virus
43518,162,1,virus
40030,135,1,virus
45028,189,1,virus
25101,113,0,virus
33770,18,0,virus
48755,43,1,virus
31169,43,0,virus
9222,16,0,virus
53778,262,0,virus
18402,102,0,virus
10110,16,0,virus
23644,54,1,virus
43508,162,1,virus
34288,18,0,virus
33938,43,0,virus
2318,9,1,virus
17208,2,1,virus
5194,2,1,virus
39090,20,1,virus
38019,24,1,virus
6574,24,1,virus
32270,18,0,virus
54569,6,1,virus
903,34,1,virus
19834,125,0,virus
13797,168,0,virus
12203,16,1,virus
54288,43,1,virus
31610,21,0,virus
28347,18,0,virus
39698,20,1,virus
23024,54,1,virus
18276,0,0,virus
25039,54,1,virus
38479,135,1,virus
13699,168,1,virus
34045,21,0,virus
16968,2,0,virus
1734,5,0,virus
32862,21,0,virus
32292,18,0,virus
23030,23,1,virus
8553,24,1,virus
31907,18,0,virus
23516,54,1,virus
32380,165,0,virus
3530,24,1,virus
29997,167,0,virus
47626,43,0,virus
12196,168,1,virus
5095,6,1,virus
12849,16,0,virus
10729,2,1,virus
53644,43,0,virus
39447,20,1,virus
32950,18,0,virus
32743,43,1,virus
36752,24,1,virus
32347,164,0,virus
16326,220,1,virus
14141,59,0,virus
4936,47,0,virus
32603,21,0,virus
16582,106,0,virus
10437,9,1,virus
35691,13,0,virus
24544,113,0,virus
923,8,1,virus
7867,3,0,virus
5567,24,1,virus
25057,23,1,virus
353,18,0,virus
17341,222,1,virus
4368,24,1,virus
1643,189,1,virus
49732,43,1,virus
38781,24,1,virus
30568,18,0,virus
52348,232,1,virus
55060,222,1,virus
11966,126,1,virus
2664,24,1,virus
48685,31,1,virus
42439,13,0,virus
20165,9,0,virus
18916,102,0,virus
32114,18,0,virus
11523,20,0,virus
2097,168,1,virus
25423,2,0,virus
13966,16,0,virus
29754,60,0,virus
28368,2,0,virus
37691,13,0,virus
25040,100,1,virus
34073,21,0,virus
44200,241,1,virus
10284,9,1,virus
13591,16,0,virus
7533,16,0,virus
32347,166,0,virus
13063,16,0,virus
35760,173,0,virus
25770,140,0,virus
30943,2,0,virus
42837,14,0,virus
6620,42,0,virus
20769,5,0,virus
37530,54,1,virus
6508,13,1,virus
45068,136,1,virus
253,24,1,virus
5645,24,1,virus
27296,222,1,virus
10383,42,0,virus
52393,159,1,virus
11236,6,1,virus
48510,237,1,virus
37034,189,1,virus
38686,222,1,virus
20815,5,0,virus
9232,6,1,virus
31622,21,0,virus
25046,22,1,virus
33607,21,0,virus
20335,10,0,virus
28926,164,0,virus
33788,18,0,virus
13514,168,0,virus
27361,43,0,virus
12294,222,1,virus
40944,189,1,virus
26448,43,0,virus
1526,168,1,virus
10210,56,0,virus
54387,2,1,virus
17440,18,0,virus
13389,91,0,virus
17857,41,0,virus
25784,2,0,virus
10438,9,1,virus
32933,18,0,virus
30211,21,0,virus
11246,168,0,virus
21298,168,0,virus
49522,6,1,virus
9856,2,1,virus
45741,191,1,virus
26429,102,0,virus
21928,16,1,virus
20057,95,0,virus
30754,21,1,virus
7652,2,0,virus
13102,2,1,virus
5168,189,1,virus
42245,216,0,virus
31915,21,0,virus
25523,2,1,virus
35471,43,1,virus
17834,70,0,virus
30390,164,0,virus
22896,42,1,virus
1189,2,1,virus
2036,4,0,virus
13035,2,1,virus
41197,204,0,virus
1113,9,0,virus
3478,18,0,virus
30541,18,0,virus
37745,24,1,virus
30876,18,0,virus
30306,21,0,virus
6967,6,1,virus
2312,9,1,virus
45729,64,1,virus
6510,22,1,virus
31516,43,0,virus
20468,186,0,virus
3151,24,1,virus
22101,125,0,virus
8852,2,0,virus
8121,191,1,virus
22752,16,0,virus
38035,183,1,virus
26266,6,1,virus
599,23,1,virus
9487,189,1,virus
41326,59,0,virus
2312,56,1,virus
18103,14,0,virus
25027,100,1,virus
774,9,1,virus
23703,54,1,virus
26727,16,1,virus
18001,0,0,virus
37109,24,1,virus
47229,43,0,virus
35987,24,1,virus
55168,8,1,virus
30391,2,1,virus
7252,24,1,virus
13926,126,0,virus
2795,24,1,virus
15294,0,0,virus
15023,16,0,virus
31990,18,0,virus
33842,21,1,virus
46950,43,0,virus
1046,42,1,virus
11642,168,1,virus
11171,168,0,virus
39524,20,1,virus
35453,24,1,virus
6804,24,1,virus
12512,16,1,virus
40060,135,1,virus
44839,136,0,virus
39502,43,1,virus
48611,43,1,virus
20190,20,0,virus
12815,24,0,virus
32347,21,1,virus
47371,43,0,virus
48989,261,1,virus
1344,2,1,virus
15653,103,0,virus
29642,41,1,virus
14382,103,0,virus
48592,43,1,virus
12725,16,0,virus
39481,20,1,virus
30278,18,0,virus
45118,242,1,virus
45665,191,1,virus
33685,164,0,virus
4860,54,1,virus
37416,24,1,virus
14196,16,0,virus
52378,232,1,virus
40961,189,1,virus
37590,189,1,virus
30860,164,0,virus
22471,5,0,virus
5655,16,0,virus
5932,16,0,virus
44439,239,1,virus
6277,70,0,virus
37093,24,1,virus
8865,18,0,virus
47973,59,1,virus
45939,255,1,virus
33871,43,0,virus
42792,188,1,virus
39467,23,1,virus
27139,24,1,virus
2059,5,0,virus
1663,135,1,virus
854,8,1,virus
14098,16,0,virus
51057,43,0,virus
19685,0,0,virus
54028,262,0,virus
44124,239,1,virus
39453,20,1,virus
6988,24,1,virus
15091,13,0,virus
24417,16,0,virus
25816,153,0,virus
45054,242,1,virus
45513,239,1,virus
46167,145,1,virus
1810,168,0,virus
10394,56,0,virus
8404,2,0,virus
23000,22,1,virus
8820,77,0,virus
4764,6,0,virus
22961,23,1,virus
15383,107,0,virus
30927,43,0,virus
31478,18,0,virus
53750,262,0,virus
25822,153,0,virus
23982,6,1,virus
34404,18,0,virus
34836,85,0,virus
7412,24,1,virus
846,8,1,virus
17208,222,1,virus
38440,24,1,virus
25703,222,0,virus
14196,0,0,virus
43400,239,1,virus
37201,135,1,virus
24797,4,0,virus
29670,43,0,virus
19326,0,0,virus
19251,5,0,virus
13449,2,1,virus
1232,0,0,virus
35135,16,1,virus
30303,18,0,virus
12202,16,1,virus
22847,42,1,virus
10641,189,0,virus
34248,18,0,virus
30158,56,0,virus
37109,135,1,virus
38060,183,1,virus
43002,6,0,virus
12080,16,0,virus
25429,2,0,virus
933,42,1,virus
25583,222,0,virus
23730,136,1,virus
29514,165,0,virus
30397,18,0,virus
9220,189,1,virus
37010,183,1,virus
46866,43,0,virus
30777,21,0,virus
913,8,1,virus
19624,168,0,virus
29453,43,0,virus
16949,103,0,virus
49253,43,1,virus
7368,42,0,virus
22956,22,1,virus
30354,43,1,virus
12574,91,0,virus
36289,61,0,virus
22114,16,1,virus
47724,43,0,virus
2103,0,0,virus
5620,18,0,virus
52746,262,1,virus
5175,189,1,virus
33153,21,0,virus
40386,6,1,virus
37321,22,1,virus
34150,43,1,virus
45853,64,1,virus
31926,16,1,virus
38326,24,1,virus
31657,18,0,virus
12238,20,0,virus
25931,6,0,virus
29555,43,0,virus
38626,24,1,virus
3525,6,1,virus
13274,16,1,virus
24802,4,0,virus
13239,16,1,virus
49577,6,1,virus
22969,23,1,virus
53477,43,0,virus
19030,168,0,virus
42697,14,0,virus
49083,261,1,virus
43199,6,1,virus
34942,16,1,virus
31867,18,0,virus
32280,18,0,virus
13266,168,1,virus
18667,168,1,virus
32541,18,0,virus
52399,159,1,virus
50037,155,1,virus
26701,43,1,virus
45802,191,1,virus
37985,189,1,virus
42924,107,0,virus
36018,135,1,virus
31504,43,0,virus
15917,4,0,virus
38247,24,1,virus
32959,21,0,virus
31345,43,0,virus
33289,167,0,virus
43354,239,1,virus
18767,114,0,virus
4047,42,0,virus
55208,22,1,virus
30751,43,0,virus
45718,64,1,virus
11258,6,1,virus
14337,18,0,virus
50107,155,1,virus
23685,136,1,virus
32770,21,0,virus
49122,261,1,virus
28915,167,0,virus
36938,135,1,virus
36525,40,1,virus
51559,262,1,virus
17091,114,0,virus
25721,2,1,virus
22210,5,0,virus
8940,6,1,virus
22980,224,1,virus
28167,2,0,virus
29194,43,0,virus
4866,24,1,virus
32861,21,0,virus
44309,6,1,virus
12542,168,0,virus
37786,24,1,virus
22913,54,1,virus
827,56,1,virus
28427,2,0,virus
45652,64,1,virus
44361,6,1,virus
40852,135,0,virus
19632,0,0,virus
32575,18,0,virus
20739,168,0,virus
19685,2,0,virus
9823,2,0,virus
55031,222,1,virus
35528,43,1,virus
29507,43,1,virus
13046,16,0,virus
13399,191,0,virus
11624,222,0,virus
28479,18,0,virus
13998,168,0,virus
37670,22,1,virus
13466,16,0,virus
48937,261,1,virus
38836,20,1,virus
51861,262,1,virus
44942,136,1,virus
32484,21,0,virus
3619,6,1,virus
4007,42,1,virus
6624,42,0,virus
12861,2,0,virus
11380,222,1,virus
23514,224,1,virus
7753,16,0,virus
11845,16,1,virus
996,34,1,virus
17688,16,0,virus
12013,2,0,virus
36943,24,1,virus
3705,48,1,virus
9794,59,0,virus
11286,20,1,virus
9101,75,0,virus
7940,16,0,virus
17696,0,0,virus
17288,103,0,virus
2671,6,1,virus
34970,16,1,virus
40831,135,1,virus
22947,22,1,virus
4197,24,1,virus
46609,43,0,virus
52084,262,1,virus
44494,239,1,virus
44066,34,1,virus
29998,21,0,virus
49213,43,1,virus
6282,2,0,virus
3714,191,1,virus
21448,2,1,virus
22953,23,1,virus
17624,0,0,virus
5065,2,1,virus
8396,6,0,virus
37725,24,1,virus
46736,43,0,virus
13657,168,0,virus
34005,21,0,virus
52344,43,1,virus
37481,13,1,virus
14402,18,0,virus
32320,167,0,virus
32548,18,0,virus
39009,20,1,virus
26751,2,0,virus
9346,24,1,virus
24583,168,0,virus
10346,75,1,virus
38509,189,1,virus
45555,43,1,virus
27926,2,1,virus
25977,2,1,virus
21552,2,0,virus
37041,54,1,virus
14155,4,0,virus
21024,14,0,virus
22590,168,0,virus
38521,24,1,virus
22990,224,1,virus
899,54,1,virus
33152,18,0,virus
37431,13,1,virus
13350,16,0,virus
40245,189,1,virus
27589,2,1,virus
37878,24,1,virus
23607,54,1,virus
22657,222,0,virus
35189,146,0,virus
39060,2,1,virus
52117,262,1,virus
26426,2,0,virus
38035,135,1,virus
17228,220,1,virus
42789,188,1,virus
11538,20,1,virus
20016,5,0,virus
2788,24,1,virus
32304,21,0,virus
25514,2,1,virus
6932,189,1,virus
26891,24,1,virus
51963,262,1,virus
30505,21,0,virus
30176,18,0,virus
34104,18,0,virus
33453,21,0,virus
32447,18,0,virus
14539,102,0,virus
39472,22,1,virus
17978,222,0,virus
42722,43,0,virus
19030,16,0,virus
30792,18,0,virus
20627,168,0,virus
23511,224,1,virus
20163,2,1,virus
53761,262,0,virus
38657,180,1,virus
960,8,1,virus
37342,22,0,virus
52317,232,1,virus
1557,56,1,virus
33025,18,0,virus
21892,16,0,virus
30336,21,0,virus
45993,256,1,virus
29695,18,0,virus
40556,193,0,virus
38040,135,1,virus
5911,16,1,virus
52387,250,1,virus
6952,189,1,virus
25016,140,0,virus
45822,191,1,virus
51806,262,1,virus
12644,168,0,virus
45753,191,1,virus
18057,103,0,virus
25122,8,1,virus
11467,24,1,virus
34234,18,0,virus
12502,16,0,virus
44410,6,1,virus
31383,18,0,virus
12199,16,1,virus
39632,24,1,virus
47754,43,0,virus
30910,18,0,virus
26521,4,1,virus
37991,24,1,virus
39068,2,1,virus
55180,8,1,virus
36749,24,1,virus
34073,18,0,virus
54729,2,1,virus
2036,160,0,virus
37564,189,1,virus
25876,154,0,virus
14488,5,0,virus
13887,72,0,virus
1081,183,1,virus
12380,2,0,virus
7781,9,0,virus
45807,191,1,virus
28715,16,1,virus
32475,18,0,virus
41390,6,0,virus
34,6,1,virus
21036,5,0,virus
18634,168,0,virus
36274,24,1,virus
14023,16,0,virus
54995,20,0,virus
20124,222,0,virus
43138,237,1,virus
49084,261,1,virus
19946,20,0,virus
32904,18,0,virus
45919,64,1,virus
22416,2,0,virus
6582,195,1,virus
29629,43,1,virus
20611,2,0,virus
40719,196,0,virus
424,56,1,virus
8323,2,1,virus
44782,136,1,virus
7268,56,1,virus
48430,136,1,virus
34031,18,0,virus
17223,222,1,virus
23012,54,1,virus
266,135,1,virus
39486,20,0,virus
40963,189,1,virus
38237,24,1,virus
3808,24,1,virus
21376,16,1,virus
21883,2,0,virus
31398,18,0,virus
4130,6,1,virus
4418,24,1,virus
4613,16,0,virus
25862,140,0,virus
22229,168,0,virus
14060,16,0,virus
32486,21,0,virus
46945,43,0,virus
5188,189,1,virus
42415,216,0,virus
38811,20,1,virus
16673,0,0,virus
22852,42,1,virus
2001,2,1,virus
11403,78,0,virus
43400,239,1,virus
3538,10,0,virus
27318,24,1,virus
36901,24,0,virus
3944,42,0,virus
48840,237,1,virus
37158,24,1,virus
6047,59,0,virus
20643,168,0,virus
9473,222,0,virus
31533,43,0,virus
38961,20,1,virus
3202,24,1,virus
16529,18,0,virus
24786,4,0,virus
12861,222,0,virus
39458,20,1,virus
28889,18,0,virus
23608,54,1,virus
33806,166,0,virus
51638,262,1,virus
11610,20,0,virus
12848,16,0,virus
36670,24,1,virus
32456,18,0,virus
11807,20,1,virus
42639,14,0,virus
42723,189,0,virus
313,15,1,virus
809,56,1,virus
4734,2,0,virus
49660,6,1,virus
30741,18,0,virus
6716,24,1,virus
38659,23,1,virus
33870,43,0,virus
1445,2,1,virus
11048,9,0,virus
27794,2,0,virus
29298,43,1,virus
30195,18,0,virus
52318,43,1,virus
37153,24,1,virus
54552,16,1,virus
43247,6,1,virus
5038,2,0,virus
47141,43,0,virus
12993,16,0,virus
30196,18,0,virus
31501,18,0,virus
35839,135,1,virus
29485,43,0,virus
23522,22,1,virus
18865,0,0,virus
15145,0,0,virus
37638,18,0,virus
4316,25,1,virus
36473,135,1,virus
17479,18,0,virus
44329,6,1,virus
35997,189,1,virus
22446,10,0,virus
48523,237,1,virus
40744,3,1,virus
17141,18,0,virus
54674,108,0,virus
8054,2,1,virus
24935,41,0,virus
36480,24,1,virus
8068,191,1,virus
15162,103,0,virus
20876,168,1,virus
33043,21,0,virus
52347,232,1,virus
37121,22,1,virus
13876,59,1,virus
23626,136,1,virus
21914,10,0,virus
15053,2,0,virus
52252,262,1,virus
4186,56,0,virus
36595,24,1,virus
16511,168,0,virus
49900,64,1,virus
33654,18,0,virus
2563,16,0,virus
13328,222,1,virus
11139,20,0,virus
17036,14,0,virus
21103,2,1,virus
52354,250,1,virus
9018,16,0,virus
23064,54,1,virus
997,42,1,virus
26058,9,0,virus
13999,16,0,virus
34715,18,0,virus
83,13,1,virus
32787,18,0,virus
29177,21,0,virus
36265,135,1,virus
23179,222,0,virus
13251,6,1,virus
33319,21,0,virus
36631,24,1,virus
19413,168,1,virus
15269,18,0,virus
33580,21,0,virus
11851,222,0,virus
20893,222,1,virus
52789,262,1,virus
34677,21,0,virus
14012,168,0,virus
54169,262,0,virus
33084,18,0,virus
46147,255,1,virus
16950,0,0,virus
1967,5,0,virus
25206,17,0,virus
20003,16,0,virus
32490,18,0,virus
52128,262,1,virus
8169,9,0,virus
37477,13,1,virus
31009,18,0,virus
22860,42,1,virus
51330,262,1,virus
1586,222,1,virus
16598,14,0,virus
45927,191,1,virus
9220,24,1,virus
8261,16,0,virus
9521,9,0,virus
23056,22,1,virus
47341,43,0,virus
37996,135,1,virus
32909,21,0,virus
25231,2,1,virus
27956,102,0,virus
266,139,1,virus
12371,16,0,virus
17193,2,0,virus
2714,189,1,virus
20329,10,0,virus
6879,189,1,virus
33566,21,0,virus
44458,136,1,virus
21532,2,0,virus
23866,54,1,virus
24475,222,1,virus
23348,55,0,virus
43106,34,1,virus
13496,16,0,virus
2002,1,0,virus
11901,168,0,virus
6902,24,0,virus
53791,262,0,virus
46732,43,0,virus
1442,222,1,virus
17930,0,0,virus
6353,16,0,virus
52373,159,1,virus
19539,107,0,virus
26471,43,0,virus
45038,242,1,virus
31513,43,0,virus
30148,21,0,virus
29655,18,0,virus
20431,16,0,virus
12097,168,1,virus
2509,195,0,virus
28375,2,0,virus
24873,4,1,virus
1499,2,1,virus
9517,24,0,virus
16127,17,0,virus
47307,43,0,virus
43371,239,1,virus
9057,47,1,virus
38989,59,0,virus
43227,6,1,virus
23518,224,1,virus
34891,16,1,virus
32766,18,0,virus
15368,111,0,virus
43055,6,0,virus
15588,24,0,virus
34054,18,0,virus
41040,91,1,virus
9850,278,0,virus
4450,24,0,virus
32628,18,0,virus
33647,18,0,virus
7831,59,0,virus
26003,16,0,virus
23054,224,1,virus
51467,262,1,virus
30282,18,0,virus
8918,23,0,virus
18392,107,0,virus
19669,0,0,virus
14487,5,0,virus
13579,168,0,virus
817,8,1,virus
28810,43,0,virus
42341,216,0,virus
24800,4,0,virus
51038,43,1,virus
49581,6,1,virus
823,56,1,virus
23296,168,0,virus
39821,16,0,virus
17597,103,0,virus
15615,14,0,virus
43163,238,0,virus
25768,140,0,virus
232,54,1,virus
5180,24,1,virus
8373,24,1,virus
22285,16,1,virus
36308,23,0,virus
21374,168,1,virus
11336,2,1,virus
38053,183,1,virus
40229,190,1,virus
22158,2,0,virus
3363,6,0,virus
40385,6,1,virus
34628,43,1,virus
17855,41,0,virus
17146,18,0,virus
51844,262,1,virus
24264,138,0,virus
32749,18,0,virus
20446,56,0,virus
14424,103,0,virus
4789,49,1,virus
31856,18,0,virus
25048,23,1,virus
11472,24,1,virus
45308,251,1,virus
53494,43,0,virus
53762,262,0,virus
18937,18,0,virus
16503,16,0,virus
22961,22,1,virus
41165,6,1,virus
34427,43,0,virus
26157,2,0,virus
47746,262,0,virus
20055,16,0,virus
30794,18,0,virus
9820,9,0,virus
34285,18,0,virus
39464,23,1,virus
20571,222,1,virus
47359,43,0,virus
51876,262,1,virus
3620,2,1,virus
38946,20,1,virus
33869,43,0,virus
23255,135,0,virus
25596,16,0,virus
23034,23,1,virus
40037,135,1,virus
4491,61,0,virus
39612,20,1,virus
33064,21,0,virus
4453,24,0,virus
52075,262,1,virus
32643,21,0,virus
44931,136,1,virus
15251,114,0,virus
34323,21,0,virus
20770,5,0,virus
7476,24,0,virus
25266,17,0,virus
9755,56,0,virus
39739,22,1,virus
31237,21,0,virus
31576,18,0,virus
19538,103,0,virus
45078,136,1,virus
16010,168,1,virus
31139,21,0,virus
16028,18,0,virus
9502,2,0,virus
30411,18,0,virus
16645,168,0,virus
16226,0,0,virus
33003,18,0,virus
16326,222,1,virus
51355,262,0,virus
18914,168,1,virus
39051,222,1,virus
4515,48,1,virus
13949,16,0,virus
20876,16,1,virus
20959,168,1,virus
8357,13,1,virus
6361,24,0,virus
11551,222,0,virus
6805,189,1,virus
21067,168,1,virus
19024,168,0,virus
47856,43,0,virus
23512,54,1,virus
2508,195,1,virus
53120,262,0,virus
9601,2,0,virus
38823,20,1,virus
32508,18,0,virus
32456,21,0,virus
3706,48,1,virus
39259,20,1,virus
27756,2,0,virus
28709,58,1,virus
12170,34,1,virus
8533,56,1,virus
15100,14,0,virus
34870,16,1,virus
11776,10,1,virus
37984,189,1,virus
54623,50,0,virus
17647,18,0,virus
7858,4,1,virus
20533,130,1,virus
49980,155,1,virus
33728,164,0,virus
30528,21,0,virus
39811,22,1,virus
6589,196,0,virus
30600,43,0,virus
6107,56,0,virus
13923,2,0,virus
23679,136,1,virus
53656,43,0,virus
5706,34,1,virus
33662,21,0,virus
18349,111,0,virus
50341,262,1,virus
22047,2,1,virus
3735,191,1,virus
31280,18,0,virus
27598,2,1,virus
33784,18,0,virus
11577,88,1,virus
33563,21,0,virus
12717,2,1,virus
45069,136,1,virus
32781,18,0,virus
9864,16,0,virus
30201,21,0,virus
24426,2,0,virus
12597,20,1,virus
52033,262,1,virus
23026,224,1,virus
12214,6,1,virus
51964,262,1,virus
18581,105,0,virus
44938,136,1,virus
21577,222,1,virus
22914,23,1,virus
17621,18,0,virus
47657,43,0,virus
7559,24,1,virus
1761,5,0,virus
1643,135,1,virus
38816,20,1,virus
16890,103,0,virus
9273,24,1,virus
35208,172,1,virus
18604,14,0,virus
40748,194,0,virus
28026,102,0,virus
6891,189,1,virus
38804,20,1,virus
1896,19,1,virus
14446,126,0,virus
181,188,1,virus
10297,56,0,virus
18851,17,0,virus
15715,103,0,virus
48574,52,1,virus
52357,232,1,virus
40017,187,0,virus
11293,16,0,virus
30532,43,0,virus
37005,24,1,virus
33400,21,0,virus
13493,16,1,virus
43096,34,0,virus
25539,222,1,virus
455,9,1,virus
25035,100,1,virus
41981,216,0,virus
30554,167,0,virus
25329,34,1,virus
13067,222,0,virus
821,9,1,virus
32698,21,0,virus
5697,2,0,virus
29511,21,0,virus
21656,20,1,virus
40918,59,1,virus
13986,168,0,virus
7704,2,0,virus
1031,8,1,virus
12716,222,1,virus
48479,237,1,virus
3600,23,0,virus
3768,2,0,virus
52062,262,1,virus
53783,262,0,virus
27995,43,0,virus
49087,261,1,virus
18463,13,0,virus
30406,18,0,virus
4762,222,0,virus
34452,2,1,virus
11431,9,1,virus
5754,54,1,virus
45896,64,1,virus
13874,96,1,virus
8947,76,0,virus
5963,189,1,virus
34049,18,0,virus
36647,222,0,virus
5280,16,0,virus
29854,18,0,virus
11213,168,1,virus
47254,43,0,virus
2974,24,1,virus
10593,59,0,virus
40764,189,1,virus
52049,262,1,virus
51900,262,1,virus
7409,189,1,virus
22889,42,0,virus
33511,18,0,virus
16392,18,0,virus
5474,57,0,virus
5165,24,1,virus
7160,9,0,virus
13413,16,0,virus
30195,21,0,virus
52360,159,1,virus
41683,212,0,virus
34593,18,0,virus
23865,136,1,virus
9971,16,0,virus
52378,43,1,virus
33030,18,0,virus
7316,189,1,virus
38191,24,1,virus
18378,168,0,virus
39532,43,1,virus
1166,56,1,virus
35763,173,0,virus
29466,43,0,virus
17456,18,0,virus
14288,2,0,virus
31636,18,0,virus
18137,106,0,virus
13446,2,1,virus
2392,2,1,virus
54702,2,1,virus
20946,16,0,virus
38596,189,1,virus
1546,54,1,virus
684,2,0,virus
32372,18,0,virus
43209,6,1,virus
23977,6,1,virus
6543,278,0,virus
36526,40,1,virus
239,22,1,virus
561,2,1,virus
32715,21,0,virus
22709,43,0,virus
35186,250,0,virus
48614,43,1,virus
1063,8,1,virus
13282,168,1,virus
16301,102,0,virus
17291,18,0,virus
5186,189,1,virus
32734,21,0,virus
32420,21,0,virus
20004,16,0,virus
6944,24,1,virus
16696,6,0,virus
35713,24,1,virus
3334,2,1,virus
32298,18,0,virus
903,54,1,virus
227,23,1,virus
6960,24,1,virus
50175,155,1,virus
10231,9,0,virus
42968,189,0,virus
37769,24,1,virus
9140,47,1,virus
6010,18,0,virus
15910,5,0,virus
26788,2,0,virus
43041,233,0,virus
29993,21,0,virus
37344,24,1,virus
52359,43,1,virus
23108,55,0,virus
33581,18,0,virus
2018,9,0,virus
6469,2,0,virus
49006,261,1,virus
29207,43,0,virus
32554,21,0,virus
4579,48,1,virus
2905,2,1,virus
12891,222,1,virus
9516,24,0,virus
11658,168,1,virus
10009,2,0,virus
11861,168,1,virus
17995,18,0,virus
18001,18,0,virus
24578,168,0,virus
42950,54,0,virus
38801,24,1,virus
29767,18,0,virus
33406,18,0,virus
987,8,1,virus
36,6,1,virus
236,137,1,virus
53911,262,0,virus
30312,21,0,virus
2886,24,1,virus
28624,18,0,virus
50975,43,0,virus
53972,262,0,virus
32738,18,0,virus
32789,21,0,virus
4557,48,1,virus
27947,21,0,virus
40795,135,1,virus
28345,18,0,virus
18664,222,0,virus
23001,224,1,virus
23050,23,1,virus
5852,2,0,virus
39054,2,1,virus
50663,43,1,virus
21771,9,0,virus
18262,18,0,virus
11653,16,1,virus
50001,155,1,virus
18629,16,0,virus
46060,255,1,virus
4548,48,1,virus
7229,23,0,virus
22934,224,1,virus
13185,2,1,virus
25499,222,1,virus
42989,43,1,virus
41055,54,1,virus
31552,18,0,virus
36576,24,1,virus
36878,189,1,virus
14813,0,0,virus
14378,18,0,virus
39082,220,1,virus
20584,2,0,virus
13599,168,0,virus
52380,159,1,virus
3612,13,0,virus
52527,43,1,virus
11852,16,1,virus
3120,189,1,virus
22184,222,0,virus
18936,18,0,virus
39484,20,1,virus
38203,24,1,virus
16342,18,0,virus
1119,5,0,virus
18840,102,0,virus
40180,189,1,virus
36177,23,0,virus
12016,222,1,virus
51783,262,1,virus
10067,56,1,virus
40716,195,1,virus
22968,54,1,virus
49871,64,1,virus
21064,16,1,virus
34862,85,0,virus
5172,189,1,virus
3817,24,1,virus
43287,6,1,virus
25029,100,1,virus
21469,2,1,virus
39804,22,1,virus
32128,18,0,virus
14856,2,0,virus
20421,185,0,virus
49672,6,1,virus
22978,23,1,virus
34242,165,0,virus
4383,16,0,virus
80,13,1,virus
5148,24,1,virus
25406,20,0,virus
45722,64,1,virus
27881,24,0,virus
53074,262,0,virus
45158,41,0,virus
3557,34,0,virus
20822,55,1,virus
18879,59,1,virus
43383,239,1,virus
27437,2,0,virus
37314,13,1,virus
20665,10,0,virus
40894,135,1,virus
32563,18,0,virus
34585,25,0,virus
25459,2,0,virus
33578,18,0,virus
55076,222,1,virus
8355,22,0,virus
39255,20,1,virus
50689,43,0,virus
31886,21,0,virus
16169,0,0,virus
28441,43,0,virus
33613,166,0,virus
4505,61,0,virus
35113,16,1,virus
38165,24,1,virus
2819,189,1,virus
52078,262,1,virus
46404,43,0,virus
22158,222,0,virus
29526,18,0,virus
20305,16,0,virus
30312,18,0,virus
32756,18,0,virus
34747,85,0,virus
13558,16,0,virus
21930,168,1,virus
52355,250,1,virus
21109,5,0,virus
31645,21,0,virus
47574,43,0,virus
15125,0,0,virus
18528,18,0,virus
27095,24,1,virus
36732,189,1,virus
22822,135,0,virus
12200,6,1,virus
26726,2,1,virus
5267,31,1,virus
42889,189,1,virus
12227,16,1,virus
30211,18,0,virus
3064,45,0,virus
39187,23,1,virus
30275,21,0,virus
24793,144,0,virus
31703,2,1,virus
25840,16,0,virus
25321,2,1,virus
13938,16,0,virus
301,168,1,virus
34275,18,0,virus
47390,43,0,virus
30445,262,0,virus
51722,262,1,virus
45039,136,1,virus
16396,0,0,virus
7254,168,0,virus
28123,24,1,virus
26154,43,0,virus
43095,34,0,virus
47387,43,0,virus
52083,262,1,virus
15486,18,0,virus
54478,16,0,virus
29167,21,0,virus
48549,237,1,virus
21367,10,0,virus
47393,43,0,virus
15839,105,0,virus
10435,56,1,virus
30168,18,0,virus
30793,18,0,virus
3519,47,0,virus
51507,262,1,virus
30670,43,0,virus
3614,24,1,virus
46098,255,1,virus
26345,43,1,virus
19791,0,0,virus
30213,18,0,virus
55072,220,0,virus
40003,187,0,virus
3158,24,1,virus
118,17,0,virus
28733,21,0,virus
37024,20,1,virus
51938,262,1,virus
6585,3,0,virus
30476,18,0,virus
27186,2,0,virus
43239,6,1,virus
31358,18,0,virus
10442,9,1,virus
11324,34,1,virus
28673,18,0,virus
6962,24,1,virus
37155,135,1,virus
46340,43,0,virus
27153,24,1,virus
38670,22,1,virus
36104,24,1,virus
4211,24,1,virus
17297,168,0,virus
20197,20,0,virus
27664,43,0,virus
51710,262,1,virus
22998,224,1,virus
19409,222,0,virus
13504,168,0,virus
21264,20,1,virus
36395,189,1,virus
39186,23,1,virus
24493,23,1,virus
40585,189,1,virus
48268,59,0,virus
12519,10,0,virus
8165,24,1,virus
3497,2,0,virus
22430,16,0,virus
46289,258,1,virus
15469,0,0,virus
6578,3,0,virus
11381,2,1,virus
39056,2,1,virus
52071,262,1,virus
28805,43,0,virus
53912,262,0,virus
33825,21,0,virus
3504,4,0,virus
39370,20,0,virus
6943,189,1,virus
8423,6,1,virus
45039,242,1,virus
42498,106,0,virus
30609,18,0,virus
652,2,1,virus
437,56,1,virus
17205,2,1,virus
32977,18,0,virus
27166,24,1,virus
39435,23,1,virus
44463,239,1,virus
9303,16,0,virus
33968,18,0,virus
15692,18,0,virus
25662,2,1,virus
13925,10,0,virus
13021,168,0,virus
13745,168,0,virus
40899,135,1,virus
22091,125,0,virus
14631,18,0,virus
33215,30,0,virus
4248,48,1,virus
36113,135,1,virus
38211,24,1,virus
12120,9,0,virus
23738,54,1,virus
54384,2,1,virus
33935,43,0,virus
52332,232,1,virus
30186,18,0,virus
15034,105,0,virus
53652,43,0,virus
46883,43,0,virus
54225,262,0,virus
32999,18,0,virus
39799,22,1,virus
36609,24,1,virus
52381,59,1,virus
44900,136,1,virus
48255,59,0,virus
3886,48,1,virus
44730,239,1,virus
32786,21,0,virus
24535,3,0,virus
1773,5,0,virus
37119,24,1,virus
25437,222,1,virus
30512,18,0,virus
34387,21,0,virus
52730,262,1,virus
2848,24,1,virus
44213,241,1,virus
1232,5,0,virus
30938,18,0,virus
10408,42,0,virus
48124,43,0,virus
13584,16,0,virus
49862,64,1,virus
21256,14,0,virus
34177,18,0,virus
12854,220,0,virus
20889,5,0,virus
37280,13,1,virus
2576,2,1,virus
10855,2,0,virus
25991,16,0,virus
33443,43,1,virus
2024,24,0,virus
35795,24,1,virus
18173,2,1,virus
11757,80,0,virus
617,56,0,virus
39721,20,1,virus
8324,6,1,virus
49791,41,0,virus
11777,10,1,virus
9593,189,1,virus
49203,261,1,virus
44420,6,1,virus
48553,237,1,virus
36938,24,1,virus
38934,135,1,virus
45686,191,1,virus
15972,0,0,virus
12227,6,1,virus
22469,16,0,virus
42796,188,1,virus
13286,16,0,virus
19379,59,0,virus
12736,10,0,virus
5317,222,0,virus
49150,261,1,virus
8028,191,1,virus
30609,21,0,virus
22249,2,0,virus
16052,18,0,virus
28858,21,0,virus
30419,18,0,virus
26281,24,1,virus
46221,43,1,virus
39361,20,0,virus
3420,10,1,virus
44798,136,1,virus
33687,21,0,virus
12399,2,0,virus
42788,189,1,virus
15474,103,0,virus
25363,16,1,virus
17563,18,0,virus
35786,2,0,virus
12018,2,1,virus
26399,43,1,virus
52392,159,1,virus
45976,255,1,virus
47431,43,0,virus
10851,16,0,virus
32294,21,0,virus
40033,135,1,virus
49690,6,1,virus
23734,136,1,virus
37318,13,1,virus
9469,189,1,virus
12173,168,0,virus
30469,21,1,virus
29751,144,0,virus
5010,25,1,virus
38036,20,1,virus
31710,2,1,virus
11752,16,0,virus
45743,64,1,virus
5114,25,1,virus
8305,6,1,virus
50304,155,1,virus
31258,18,0,virus
25700,2,0,virus
25858,2,0,virus
33563,18,0,virus
33768,21,0,virus
3770,191,1,virus
17620,103,0,virus
36859,135,1,virus
30393,18,0,virus
39300,24,1,virus
33645,43,0,virus
2993,189,1,virus
46186,43,0,virus
38682,22,1,virus
16162,18,0,virus
37247,189,1,virus
1393,22,1,virus
20387,123,1,virus
19016,16,0,virus
21868,168,0,virus
45788,191,1,virus
27004,2,1,virus
2920,56,0,virus
13559,220,1,virus
32774,18,0,virus
46733,43,0,virus
37233,22,1,virus
36857,24,1,virus
38668,23,1,virus
4112,6,1,virus
20083,16,0,virus
32438,18,0,virus
52394,250,1,virus
20176,20,1,virus
27454,2,1,virus
4873,2,0,virus
32900,18,0,virus
17807,103,0,virus
22905,23,1,virus
33713,164,0,virus
6525,56,1,virus
31860,21,0,virus
50315,43,1,virus
25621,2,1,virus
4796,49,1,virus
100,0,0,virus
770,9,1,virus
19761,2,1,virus
54164,262,0,virus
10404,9,0,virus
3183,20,1,virus
17038,168,0,virus
26413,145,0,virus
22946,224,1,virus
10474,278,0,virus
33998,43,0,virus
11646,168,1,virus
18281,16,1,virus
22744,16,0,virus
17827,0,0,virus
46893,43,0,virus
28833,40,1,virus
13269,16,1,virus
13764,168,1,virus
2209,2,0,virus
37502,13,1,virus
9328,24,1,virus
38663,23,1,virus
28720,18,0,virus
39470,22,1,virus
44105,34,1,virus
9850,9,1,virus
26280,24,1,virus
936,34,1,virus
37227,54,1,virus
11820,168,0,virus
22440,5,0,virus
30878,21,0,virus
26775,2,0,virus
30854,165,0,virus
10068,9,1,virus
34586,43,0,virus
35717,6,1,virus
21836,222,1,virus
41887,216,0,virus
25066,100,1,virus
10021,2,0,virus
10562,16,0,virus
29831,18,0,virus
30712,18,0,virus
27994,43,0,virus
15922,103,0,virus
13348,16,0,virus
25893,2,0,virus
45621,64,1,virus
35546,43,1,virus
12057,2,0,virus
1530,19,0,virus
44952,136,1,virus
52097,262,1,virus
12596,135,1,virus
36840,189,1,virus
12839,2,1,virus
18595,2,0,virus
18189,2,1,virus
22345,16,1,virus
12799,6,1,virus
39053,220,1,virus
24884,126,1,virus
46717,43,0,virus
22965,224,1,virus
37808,13,1,virus
50309,155,1,virus
35278,43,1,virus
40614,189,1,virus
25647,155,1,virus
8535,189,1,virus
26182,43,1,virus
20734,16,1,virus
11453,9,1,virus
22114,168,1,virus
5426,62,1,virus
46734,43,0,virus
33847,21,0,virus
4994,25,1,virus
11771,222,0,virus
28635,18,0,virus
7677,56,0,virus
15420,18,0,virus
5656,16,0,virus
14112,222,0,virus
32204,18,0,virus
8545,9,1,virus
9708,28,1,virus
33538,21,0,virus
37476,22,1,virus
36051,24,1,virus
15182,103,0,virus
957,34,1,virus
3728,191,1,virus
37535,22,1,virus
50239,155,1,virus
33505,18,0,virus
28378,16,0,virus
6325,189,0,virus
6730,24,1,virus
9124,59,0,virus
24562,2,0,virus
29881,21,0,virus
9401,278,0,virus
20799,125,0,virus
39544,20,1,virus
17870,18,0,virus
2671,135,1,virus
19098,18,0,virus
34814,42,1,virus
45826,64,1,virus
5140,24,1,virus
31224,21,0,virus
24555,20,0,virus
10092,168,1,virus
35822,24,1,virus
3957,24,1,virus
38601,24,1,virus
10071,16,0,virus
34718,21,0,virus
31704,2,1,virus
1848,222,1,virus
13456,16,1,virus
10000,2,0,virus
32615,2,1,virus
16734,102,0,virus
26963,137,1,virus
51472,262,1,virus
28992,21,0,virus
43969,239,1,virus
36328,190,1,virus
29927,21,0,virus
3325,2,0,virus
36681,6,1,virus
3956,24,1,virus
8466,28,1,virus
52196,262,1,virus
2050,5,0,virus
32160,21,0,virus
49103,261,1,virus
19897,124,1,virus
16246,102,0,virus
18452,114,0,virus
7534,16,0,virus
45945,255,1,virus
28590,21,0,virus
18544,18,0,virus
13530,16,0,virus
9459,9,0,virus
43690,162,1,virus
28357,2,0,virus
34067,21,0,virus
16647,222,0,virus
46381,43,0,virus
6952,6,1,virus
45977,255,1,virus
44632,239,1,virus
38599,189,1,virus
36999,183,1,virus
34486,43,1,virus
50297,155,1,virus
16549,0,0,virus
9664,9,1,virus
50313,43,1,virus
54107,262,0,virus
16812,14,0,virus
13284,16,1,virus
33683,18,0,virus
32936,21,0,virus
36298,135,1,virus
5306,2,0,virus
40926,59,0,virus
23609,54,1,virus
29170,21,0,virus
16514,16,0,virus
22067,222,0,virus
6486,2,0,virus
2319,126,0,virus
15908,106,0,virus
7598,24,1,virus
40051,135,1,virus
44315,6,1,virus
54618,50,0,virus
20330,126,0,virus
8541,56,1,virus
23833,136,1,virus
12922,222,0,virus
4139,2,0,virus
8326,2,1,virus
4716,16,0,virus
13507,168,0,virus
38747,20,1,virus
48277,59,0,virus
9807,2,0,virus
46513,43,0,virus
25050,54,1,virus
12113,16,1,virus
25585,222,0,virus
38061,183,1,virus
23288,23,1,virus
54511,2,0,virus
18700,16,0,virus
38642,135,1,virus
5412,220,1,virus
45865,191,1,virus
7380,189,1,virus
28113,43,0,virus
37815,13,1,virus
751,9,1,virus
22944,54,1,virus
36497,24,1,virus
4653,16,1,virus
21369,16,1,virus
47401,43,0,virus
22055,222,1,virus
34289,21,0,virus
16974,105,0,virus
20232,20,0,virus
34117,18,0,virus
29696,18,0,virus
8480,28,1,virus
41353,91,0,virus
4650,2,0,virus
21675,168,1,virus
5194,191,1,virus
32927,21,0,virus
18546,0,0,virus
18094,103,0,virus
7339,24,0,virus
13953,168,0,virus
32713,18,0,virus
763,136,1,virus
10267,56,0,virus
1553,0,0,virus
43440,162,1,virus
27859,2,0,virus
10260,9,0,virus
2613,24,1,virus
10216,56,0,virus
44998,136,1,virus
35233,43,1,virus
39227,22,1,virus
35724,13,0,virus
49254,43,1,virus
36420,189,1,virus
44916,136,1,virus
1394,7,0,virus
32245,18,0,virus
52324,43,1,virus
40749,194,0,virus
45714,191,1,virus
21620,168,0,virus
2331,1,0,virus
28677,21,0,virus
16108,17,0,virus
1156,9,0,virus
9671,6,0,virus
29806,18,0,virus
25661,78,0,virus
5821,50,0,virus
30274,21,0,virus
32296,21,0,virus
22575,13,0,virus
18786,105,0,virus
28672,160,0,virus
29585,43,0,virus
1383,9,0,virus
295,177,0,virus
30463,18,1,virus
52323,59,1,virus
54507,168,0,virus
7375,16,0,virus
38940,135,1,virus
33583,18,0,virus
54186,262,0,virus
46606,43,0,virus
15579,64,0,virus
40744,195,1,virus
51231,43,0,virus
32852,164,0,virus
11863,6,1,virus
14332,0,0,virus
38175,24,1,virus
36004,24,1,virus
24242,2,0,virus
28988,18,0,virus
8555,278,0,virus
15866,5,0,virus
898,54,1,virus
30728,18,0,virus
30329,21,0,virus
12184,16,1,virus
4127,2,0,virus
22370,16,0,virus
55079,168,0,virus
38259,183,1,virus
40770,189,1,virus
45641,64,1,virus
20868,168,1,virus
4422,2,1,virus
442,56,1,virus
52350,43,1,virus
11430,9,1,virus
45764,64,1,virus
11171,16,0,virus
31612,18,0,virus
32584,18,0,virus
33110,18,0,virus
44679,239,1,virus
28641,2,1,virus
34249,21,0,virus
32870,21,0,virus
19407,16,0,virus
14606,14,0,virus
2300,0,0,virus
21270,20,0,virus
12647,16,0,virus
34275,165,0,virus
32391,18,0,virus
6167,17,0,virus
31995,18,0,virus
10166,189,1,virus
27249,43,1,virus
15423,102,0,virus
15083,103,0,virus
50108,155,1,virus
25878,154,0,virus
43605,162,1,virus
6976,24,0,virus
27247,146,1,virus
41372,6,0,virus
32940,21,0,virus
20850,20,1,virus
18126,106,0,virus
14899,222,0,virus
9845,24,0,virus
7963,16,0,virus
10481,16,0,virus
40817,135,1,virus
28569,43,0,virus
25539,2,1,virus
22998,54,1,virus
29184,18,0,virus
819,9,1,virus
13555,16,0,virus
21348,125,0,virus
33612,21,1,virus
12213,16,1,virus
32616,2,0,virus
4377,49,0,virus
34662,18,0,virus
13861,16,0,virus
40639,6,1,virus
12727,16,0,virus
30153,18,0,virus
22911,23,1,virus
25108,222,1,virus
32702,18,0,virus
41047,91,1,virus
23733,54,1,virus
9430,24,1,virus
40996,6,1,virus
40473,6,1,virus
52287,43,1,virus
2201,59,1,virus
987,42,1,virus
40281,6,1,virus
12515,222,0,virus
30311,21,0,virus
20713,2,0,virus
23052,54,1,virus
1700,2,0,virus
15732,114,0,virus
45702,64,1,virus
11951,10,1,virus
45655,64,1,virus
783,54,1,virus
45144,43,0,virus
52356,250,1,virus
32365,18,0,virus
26424,222,0,virus
50051,155,1,virus
21611,222,0,virus
52489,43,1,virus
48756,43,1,virus
3124,24,1,virus
7062,24,1,virus
33657,18,0,virus
32109,43,1,virus
28355,2,0,virus
54382,22,0,virus
14341,18,0,virus
2596,43,1,virus
32766,21,0,virus
35933,160,0,virus
19018,168,0,virus
37000,183,1,virus
7915,22,0,virus
33659,18,0,virus
33678,18,0,virus
1890,19,0,virus
38665,180,1,virus
45932,64,1,virus
8048,191,1,virus
38017,189,1,virus
3262,16,0,virus
5591,34,1,virus
5170,189,1,virus
15055,18,0,virus
27123,2,1,virus
243,22,1,virus
48593,232,1,virus
34245,18,0,virus
40705,3,0,virus
41385,6,0,virus
30805,18,0,virus
4100,2,1,virus
12173,16,0,virus
5540,9,1,virus
51409,262,1,virus
622,15,1,virus
37046,22,1,virus
5403,2,0,virus
50105,155,1,virus
8564,6,1,virus
44313,6,1,virus
49225,191,1,virus
9915,56,1,virus
52357,43,1,virus
18902,18,0,virus
23004,23,1,virus
25699,2,0,virus
37456,54,0,virus
45753,64,1,virus
11342,168,0,virus
23801,9,1,virus
34572,24,0,virus
11865,16,1,virus
7408,189,1,virus
44302,6,1,virus
29543,18,0,virus
50227,155,1,virus
38060,183,1,virus
5979,189,1,virus
361,91,0,virus
52396,250,1,virus
46164,255,1,virus
36630,135,1,virus
45829,64,1,virus
12634,16,0,virus
18165,0,0,virus
19409,168,0,virus
27122,24,1,virus
592,22,1,virus
31660,21,0,virus
40973,54,1,virus
25874,18,0,virus
50704,43,0,virus
37137,24,1,virus
31027,59,1,virus
22863,42,1,virus
9906,2,0,virus
8918,22,0,virus
11496,13,0,virus
50118,155,1,virus
7953,56,1,virus
14257,107,0,virus
21474,222,0,virus
9671,2,0,virus
30791,2,1,virus
20981,100,1,virus
43282,6,1,virus
41829,216,0,virus
609,34,1,virus
33500,21,0,virus
34318,18,0,virus
21956,2,1,virus
34325,21,0,virus
23074,23,1,virus
36807,24,1,virus
4851,47,0,virus
54555,6,0,virus
29677,18,0,virus
33613,18,0,virus
1160,56,0,virus
29546,18,0,virus
18726,103,0,virus
3914,45,0,virus
13270,16,0,virus
246,15,1,virus
36058,13,0,virus
25724,126,0,virus
52344,159,1,virus
11253,59,0,virus
15944,168,0,virus
35784,189,1,virus
2627,58,1,virus
39068,222,1,virus
3318,16,0,virus
47689,43,0,virus
52363,232,1,virus
7125,24,1,virus
12981,168,0,virus
46877,43,0,virus
19402,18,0,virus
40801,135,1,virus
14751,102,0,virus
18661,168,0,virus
9134,75,1,virus
36701,24,1,virus
208,140,0,virus
8612,2,0,virus
53341,43,0,virus
19334,18,0,virus
34681,18,0,virus
19524,2,0,virus
22205,20,0,virus
22764,14,0,virus
1163,56,1,virus
53868,262,0,virus
16190,102,0,virus
1393,23,1,virus
43354,239,1,virus
23624,136,1,virus
39270,6,1,virus
49024,261,1,virus
21180,5,0,virus
23876,54,1,virus
28689,18,0,virus
37212,24,1,virus
25064,22,1,virus
13647,168,0,virus
10926,126,0,virus
5191,189,1,virus
10904,9,1,virus
28567,43,0,virus
26241,2,0,virus
26001,161,0,virus
38725,20,1,virus
26913,8,1,virus
20178,20,0,virus
15372,103,0,virus
37090,24,1,virus
1602,19,0,virus
34060,18,0,virus
9250,2,1,virus
34642,164,0,virus
39785,23,1,virus
32629,21,0,virus
8514,24,0,virus
46986,43,0,virus
21767,56,0,virus
10276,168,1,virus
37270,54,1,virus
19669,59,0,virus
40793,135,1,virus
44151,239,1,virus
36799,135,1,virus
49192,261,1,virus
46414,43,1,virus
1590,74,0,virus
46223,43,1,virus
6042,6,1,virus
32416,164,0,virus
10311,168,0,virus
37317,22,1,virus
22228,216,0,virus
41011,6,1,virus
23211,2,0,virus
24030,6,1,virus
16069,103,0,virus
5527,222,0,virus
25910,6,0,virus
16649,16,1,virus
46490,43,0,virus
51736,262,1,virus
28487,4,0,virus
11645,168,1,virus
22044,2,1,virus
13827,57,0,virus
25207,2,1,virus
11860,168,1,virus
20389,118,1,virus
34558,4,0,virus
34046,21,0,virus
42788,189,1,virus
39203,22,1,virus
12466,16,0,virus
25218,2,1,virus
33816,21,0,virus
40379,189,0,virus
15528,102,0,virus
39192,22,1,virus
52046,262,1,virus
36309,24,1,virus
20450,56,0,virus
7478,24,0,virus
18663,2,0,virus
6579,196,0,virus
39497,72,1,virus
9344,24,1,virus
15026,103,0,virus
35287,43,1,virus
29290,43,1,virus
22918,22,1,virus
25635,168,0,virus
41337,135,1,virus
34924,16,1,virus
18805,18,0,virus
14594,18,0,virus
6524,22,1,virus
32972,18,0,virus
52059,262,1,virus
44630,239,1,virus
43994,237,1,virus
13438,91,0,virus
34577,164,0,virus
14806,18,0,virus
34704,18,0,virus
32336,21,0,virus
4692,168,0,virus
30164,43,0,virus
16128,17,0,virus
39628,183,1,virus
30269,18,0,virus
25524,2,1,virus
27092,24,0,virus
22261,16,0,virus
11409,16,0,virus
763,9,1,virus
23031,22,1,virus
48147,43,1,virus
2964,189,1,virus
27599,21,0,virus
8226,77,0,virus
48897,261,1,virus
29782,2,1,virus
2260,0,0,virus
49067,261,1,virus
20597,168,0,virus
3035,48,1,virus
12028,222,1,virus
52397,159,1,virus
34476,18,0,virus
6108,9,0,virus
24862,4,1,virus
45087,136,1,virus
39284,6,1,virus
14446,10,0,virus
21846,14,0,virus
31172,21,0,virus
27916,21,0,virus
17219,220,1,virus
3293,246,1,virus
16178,102,0,virus
13549,168,0,virus
39691,20,1,virus
22842,42,1,virus
19013,16,0,virus
45207,59,1,virus
37128,18,0,virus
11333,2,1,virus
42913,225,1,virus
21944,168,1,virus
4834,54,1,virus
32714,21,0,virus
24412,59,0,virus
16091,64,0,virus
49316,266,0,virus
4835,54,1,virus
10553,16,0,virus
38881,220,1,virus
50232,155,1,virus
6696,16,0,virus
22443,37,0,virus
2671,135,1,virus
18391,107,0,virus
31010,18,0,virus
30096,18,0,virus
25231,16,0,virus
36784,135,1,virus
33865,43,0,virus
16976,107,0,virus
19613,4,0,virus
18042,16,0,virus
10603,59,0,virus
45845,64,1,virus
31586,21,0,virus
41691,215,1,virus
29992,21,0,virus
4723,48,1,virus
25428,222,1,virus
38988,2,1,virus
9170,24,1,virus
23635,136,1,virus
33412,21,0,virus
42514,102,0,virus
29484,43,0,virus
29450,21,0,virus
49685,6,1,virus
16328,222,1,virus
16124,17,0,virus
25364,16,1,virus
13544,222,1,virus
32352,18,0,virus
10592,41,0,virus
23345,135,0,virus
38668,180,1,virus
904,8,1,virus
31279,24,1,virus
14116,16,0,virus
48627,232,1,virus
4098,6,1,virus
36855,24,1,virus
33055,21,0,virus
34343,43,1,virus
24883,118,1,virus
18990,16,0,virus
278,0,0,virus
8447,2,1,virus
36801,24,1,virus
34696,164,0,virus
24560,20,0,virus
3528,189,1,virus
51518,262,1,virus
13708,168,0,virus
12447,168,1,virus
52154,262,1,virus
4470,2,0,virus
38160,24,1,virus
12788,56,1,virus
48235,59,0,virus
13561,220,1,virus
33681,164,0,virus
55014,168,0,virus
2235,189,1,virus
36634,24,1,virus
25393,78,0,virus
6033,9,0,virus
20672,126,0,virus
33258,43,0,virus
4828,54,1,virus
11580,16,0,virus
39489,24,1,virus
8562,189,1,virus
21812,222,0,virus
31518,43,0,virus
15783,18,0,virus
12416,16,0,virus
36695,135,1,virus
213,9,1,virus
8048,191,1,virus
769,9,1,virus
8357,22,1,virus
42924,47,0,virus
54442,168,0,virus
51477,262,1,virus
39323,41,1,virus
54231,262,0,virus
22580,5,0,virus
37161,24,1,virus
38598,189,1,virus
18944,18,0,virus
18545,0,0,virus
33089,18,0,virus
1277,9,0,virus
9571,75,1,virus
21405,16,0,virus
52374,250,1,virus
37136,189,1,virus
27488,21,0,virus
35925,24,1,virus
7187,24,1,virus
32010,18,0,virus
54444,16,0,virus
10268,16,0,virus
21381,168,1,virus
32748,2,0,virus
3685,48,1,virus
28924,18,0,virus
25431,2,1,virus
38437,24,1,virus
30795,18,0,virus
32982,18,0,virus
44475,239,1,virus
22915,23,1,virus
13501,16,0,virus
21821,168,1,virus
15129,14,0,virus
25022,23,1,virus
31842,21,0,virus
13588,168,0,virus
12539,16,0,virus
49954,155,1,virus
13100,222,0,virus
35190,247,0,virus
33018,21,0,virus
54675,108,0,virus
48141,43,0,virus
12548,16,0,virus
55073,220,0,virus
233,137,1,virus
20262,10,0,virus
20877,16,1,virus
990,42,1,virus
681,2,1,virus
25445,6,0,virus
53748,262,0,virus
47536,43,0,virus
52320,43,1,virus
33866,43,0,virus
26026,6,0,virus
20104,24,1,virus
8951,16,0,virus
38107,20,1,virus
10169,24,1,virus
10904,56,1,virus
36241,33,0,virus
31662,21,0,virus
33295,21,1,virus
33306,21,1,virus
48477,237,1,virus
10898,56,1,virus
26174,58,1,virus
39740,22,1,virus
13345,2,1,virus
7838,16,0,virus
47879,43,0,virus
22176,126,0,virus
33993,43,0,virus
24793,4,0,virus
9173,2,0,virus
9985,16,0,virus
818,56,1,virus
23819,34,1,virus
7433,24,1,virus
26345,262,1,virus
17589,14,0,virus
26049,145,0,virus
24428,16,0,virus
38091,135,1,virus
14019,168,0,virus
54476,6,0,virus
16092,0,0,virus
20328,126,0,virus
29825,18,0,virus
5900,25,1,virus
14434,113,0,virus
32519,18,0,virus
34958,16,1,virus
19299,18,0,virus
17108,18,0,virus
45742,191,1,virus
8213,2,0,virus
23268,135,0,virus
14474,14,0,virus
31287,24,1,virus
22297,168,0,virus
44767,136,1,virus
43069,6,0,virus
22925,224,1,virus
27974,18,0,virus
30396,18,0,virus
45784,191,1,virus
23758,54,1,virus
39492,22,1,virus
33225,18,0,virus
44392,6,1,virus
6093,56,0,virus
36982,24,0,virus
18153,108,0,virus
31343,43,1,virus
12780,6,1,virus
52967,262,0,virus
25044,100,1,virus
7719,189,1,virus
15725,0,0,virus
19586,4,0,virus
20903,168,1,virus
16675,18,0,virus
18404,102,0,virus
45110,136,1,virus
39343,20,0,virus
47992,43,1,virus
33114,164,0,virus
13325,2,1,virus
16292,0,0,virus
7870,4,1,virus
8845,16,0,virus
27321,43,0,virus
29726,4,0,virus
36133,24,1,virus
35425,24,1,virus
23734,54,1,virus
48581,43,1,virus
53836,262,0,virus
10288,9,0,virus
10167,24,1,virus
34051,21,0,virus
47892,41,0,virus
22616,20,1,virus
53814,262,0,virus
12421,168,0,virus
11923,168,0,virus
23357,55,0,virus
52255,262,1,virus
50995,43,0,virus
12257,168,0,virus
20603,16,0,virus
44751,136,1,virus
17322,2,1,virus
27520,2,1,virus
27435,2,0,virus
7404,189,0,virus
30877,21,0,virus
13050,16,0,virus
30221,21,0,virus
18623,18,0,virus
14465,14,0,virus
4788,49,1,virus
14484,107,0,virus
43362,239,1,virus
9204,2,0,virus
32951,18,0,virus
45947,255,1,virus
12967,168,0,virus
39844,91,0,virus
52150,262,1,virus
29541,18,0,virus
39053,222,1,virus
33603,21,0,virus
8317,59,0,virus
4639,18,1,virus
33504,18,0,virus
44205,241,1,virus
50066,268,1,virus
19088,16,0,virus
22993,224,1,virus
35707,220,1,virus
46926,43,0,virus
29212,43,0,virus
43258,6,1,virus
1525,29,0,virus
52204,262,1,virus
33720,166,0,virus
36814,24,1,virus
49870,64,1,virus
13893,16,0,virus
13572,16,0,virus
37543,54,1,virus
47961,43,1,virus
30193,21,0,virus
9096,9,1,virus
8291,77,0,virus
36905,24,1,virus
49113,261,1,virus
8717,24,0,virus
29254,43,0,virus
32428,21,0,virus
23004,54,1,virus
42959,229,0,virus
37497,13,1,virus
9323,189,1,virus
36612,24,1,virus
17854,18,0,virus
15697,14,0,virus
51125,43,0,virus
30517,18,0,virus
15506,18,0,virus
34035,18,0,virus
45874,191,1,virus
4405,8,1,virus
11956,168,0,virus
30280,18,0,virus
29853,18,0,virus
208,9,1,virus
12860,222,0,virus
24490,23,0,virus
37130,24,0,virus
12868,222,1,virus
43375,239,1,virus
32670,18,0,virus
17241,103,0,virus
7564,2,1,virus
6731,24,1,virus
8489,28,1,virus
13944,16,0,virus
20748,5,0,virus
2395,2,0,virus
776,100,1,virus
46499,43,0,virus
47251,43,0,virus
4169,6,1,virus
8351,16,0,virus
27247,246,1,virus
5128,9,0,virus
46052,255,1,virus
39647,183,1,virus
4844,54,1,virus
15500,103,0,virus
11054,2,0,virus
13506,16,0,virus
36584,24,0,virus
594,23,1,virus
36473,24,1,virus
7222,22,0,virus
25289,20,1,virus
39058,222,1,virus
45319,59,1,virus
17412,18,0,virus
26976,2,1,virus
5520,222,0,virus
12039,2,1,virus
52368,43,1,virus
26950,102,1,virus
37616,24,1,virus
42880,189,1,virus
47884,41,0,virus
11466,24,1,virus
43714,162,1,virus
38930,135,1,virus
52677,262,1,virus
25154,2,0,virus
29823,21,0,virus
25702,2,0,virus
41712,112,0,virus
22456,126,0,virus
25231,6,0,virus
13851,16,1,virus
33705,164,0,virus
37011,183,1,virus
34975,16,1,virus
18224,222,1,virus
46407,43,0,virus
19046,0,0,virus
6947,24,1,virus
37250,24,1,virus
6990,24,1,virus
32463,21,0,virus
38067,188,1,virus
51735,262,1,virus
4551,48,1,virus
24052,20,1,virus
30248,21,0,virus
36940,135,1,virus
13189,16,1,virus
13881,59,1,virus
54116,262,0,virus
14154,10,0,virus
45210,59,1,virus
37123,24,1,virus
16666,106,0,virus
31485,18,0,virus
2816,6,1,virus
33095,18,0,virus
33797,166,0,virus
20532,5,0,virus
11258,6,1,virus
6108,56,0,virus
24949,2,0,virus
47321,43,0,virus
55081,222,1,virus
46905,43,0,virus
528,9,0,virus
41201,204,0,virus
17397,18,0,virus
782,100,1,virus
8344,3,1,virus
45058,242,1,virus
13507,16,0,virus
23779,54,1,virus
24752,34,1,virus
45672,64,1,virus
48914,261,1,virus
40806,135,1,virus
32571,164,0,virus
13426,16,0,virus
4395,24,1,virus
13452,220,1,virus
47116,43,0,virus
44165,34,1,virus
16255,0,0,virus
26025,2,1,virus
18538,0,0,virus
22718,16,0,virus
47642,43,0,virus
21888,2,0,virus
3261,2,0,virus
159,8,1,virus
19137,103,0,virus
32670,164,0,virus
7322,24,1,virus
29455,43,0,virus
40962,189,1,virus
47578,43,0,virus
19047,0,0,virus
12128,168,0,virus
6865,24,0,virus
26993,24,1,virus
10068,56,1,virus
11825,16,0,virus
36762,24,1,virus
2276,2,1,virus
49877,64,1,virus
19270,0,0,virus
7179,189,0,virus
34009,18,0,virus
11256,2,0,virus
39622,24,1,virus
45992,256,1,virus
52093,262,1,virus
31117,43,1,virus
43365,239,1,virus
15521,14,0,virus
39096,20,1,virus
29546,164,0,virus
30271,18,0,virus
15720,114,0,virus
26753,2,0,virus
850,9,1,virus
13744,16,0,virus
33406,21,0,virus
25036,23,1,virus
33966,21,0,virus
5116,25,1,virus
44912,136,1,virus
237,23,1,virus
32380,166,0,virus
13818,59,0,virus
16067,103,0,virus
175,15,1,virus
37652,4,1,virus
20952,168,1,virus
35558,135,1,virus
1369,9,0,virus
25635,2,0,virus
15051,222,0,virus
9093,24,1,virus
13307,191,0,virus
32759,18,0,virus
30566,18,0,virus
35345,43,1,virus
43229,6,1,virus
52591,262,1,virus
24983,6,0,virus
40341,189,1,virus
9309,16,0,virus
19352,18,0,virus
38631,220,0,virus
22898,42,1,virus
38214,135,1,virus
14775,20,1,virus
52326,250,1,virus
7948,9,0,virus
51636,262,1,virus
38058,24,1,virus
20984,37,0,virus
43212,6,1,virus
22313,16,1,virus
52102,262,1,virus
34915,16,1,virus
4731,222,1,virus
32103,18,0,virus
1251,137,1,virus
18547,103,0,virus
9333,24,1,virus
31190,18,0,virus
2931,189,1,virus
35932,189,1,virus
49952,155,1,virus
37064,24,0,virus
34118,18,0,virus
3558,2,1,virus
52379,59,1,virus
17221,2,1,virus
14951,168,0,virus
26215,222,0,virus
2869,24,1,virus
38801,20,1,virus
37225,13,0,virus
23037,224,1,virus
31915,18,0,virus
29163,18,0,virus
4506,61,0,virus
43197,6,1,virus
17716,70,0,virus
52045,262,1,virus
35022,16,1,virus
30142,164,0,virus
29540,18,0,virus
33071,18,0,virus
24948,222,0,virus
18925,102,0,virus
38670,23,1,virus
33543,18,0,virus
34444,43,0,virus
13620,6,1,virus
25452,2,1,virus
38730,20,1,virus
23844,136,1,virus
30428,18,0,virus
16961,18,0,virus
9813,9,1,virus
26014,2,1,virus
32551,18,0,virus
19190,2,0,virus
31911,18,0,virus
30817,18,0,virus
49044,261,0,virus
8066,191,1,virus
52685,262,1,virus
10598,59,0,virus
11626,2,0,virus
15770,103,0,virus
48503,237,1,virus
23049,23,1,virus
32935,21,0,virus
40722,6,0,virus
37474,13,1,virus
39950,262,1,virus
21916,5,0,virus
24799,144,0,virus
27985,43,1,virus
19867,5,0,virus
33863,21,0,virus
37595,24,1,virus
40640,6,1,virus
24893,20,0,virus
32287,21,0,virus
54350,43,1,virus
25987,6,0,virus
42990,43,1,virus
6841,24,1,virus
5137,24,1,virus
42991,43,1,virus
1433,2,0,virus
10259,9,0,virus
39047,2,1,virus
10502,9,0,virus
39147,2,0,virus
49098,261,1,virus
12248,16,1,virus
26076,102,0,virus
22446,126,0,virus
50830,43,0,virus
52670,262,1,virus
23338,16,0,virus
31096,43,0,virus
35560,24,1,virus
35100,16,1,virus
33797,167,0,virus
26726,16,1,virus
54952,6,0,virus
46842,43,0,virus
31263,18,0,virus
44005,237,1,virus
24511,22,1,virus
13819,95,0,virus
3551,13,1,virus
45818,64,1,virus
1505,2,1,virus
37985,24,1,virus
31226,18,0,virus
17186,18,0,virus
23009,224,1,virus
23790,54,1,virus
21313,5,0,virus
9428,24,1,virus
7867,4,1,virus
33855,21,0,virus
14456,10,0,virus
47250,43,0,virus
5318,47,1,virus
26778,2,0,virus
45642,191,1,virus
44183,34,1,virus
13266,16,1,virus
21124,56,0,virus
37220,24,1,virus
11940,222,1,virus
771,56,1,virus
13359,86,0,virus
36552,24,1,virus
22830,222,1,virus
33101,21,0,virus
47758,262,0,virus
2807,24,1,virus
8477,28,1,virus
22709,168,0,virus
29866,18,0,virus
30420,18,0,virus
14009,16,0,virus
41168,6,1,virus
49163,261,1,virus
20720,2,0,virus
40834,135,1,virus
25138,8,1,virus
33035,21,0,virus
46951,43,0,virus
29945,18,0,virus
45653,191,1,virus
8795,189,1,virus
33284,18,0,virus
29929,18,0,virus
42789,189,1,virus
12618,16,0,virus
31880,56,1,virus
32391,21,0,virus
61,11,0,virus
32795,21,0,virus
40703,3,0,virus
18019,16,1,virus
33876,21,0,virus
26598,60,0,virus
37273,183,1,virus
13635,16,1,virus
32239,21,0,virus
9557,2,1,virus
47335,43,0,virus
8795,24,1,virus
6583,196,0,virus
55181,8,1,virus
10880,189,0,virus
16998,0,0,virus
12840,2,1,virus
9265,24,1,virus
1134,18,0,virus
32308,18,0,virus
7599,189,1,virus
14233,18,0,virus
35212,172,1,virus
5022,189,1,virus
27126,24,1,virus
5120,25,1,virus
33283,18,0,virus
19097,10,0,virus
48629,43,1,virus
39143,20,1,virus
15734,0,0,virus
13215,59,0,virus
43348,6,1,virus
31282,18,0,virus
45769,64,1,virus
16887,112,0,virus
6609,42,0,virus
19012,168,0,virus
33095,21,0,virus
29172,18,0,virus
44693,239,1,virus
9642,2,1,virus
25095,2,0,virus
815,9,1,virus
37785,24,1,virus
40712,197,1,virus
26426,222,0,virus
6284,2,0,virus
4622,16,0,virus
40044,188,1,virus
37289,24,1,virus
37191,183,1,virus
1118,5,0,virus
45767,191,1,virus
23059,224,1,virus
31570,18,0,virus
11689,16,0,virus
48988,261,1,virus
19966,126,0,virus
19733,103,0,virus
43490,162,1,virus
35186,146,0,virus
28023,2,0,virus
13248,16,1,virus
22990,54,1,virus
49975,155,1,virus
20848,5,0,virus
39791,23,1,virus
46896,43,0,virus
25036,100,1,virus
13656,16,0,virus
31591,18,0,virus
8956,2,1,virus
39504,182,1,virus
497,25,1,virus
44191,34,1,virus
10283,9,0,virus
26979,2,1,virus
15887,103,0,virus
10134,24,0,virus
23704,136,1,virus
47997,43,1,virus
47617,43,0,virus
45501,239,1,virus
962,8,1,virus
1037,8,1,virus
48580,129,1,virus
36254,24,1,virus
39680,24,1,virus
6590,4,0,virus
5541,68,0,virus
824,8,1,virus
38448,24,1,virus
22007,56,0,virus
15996,64,0,virus
32890,18,0,virus
34257,21,0,virus
29534,18,0,virus
37740,13,0,virus
39643,24,1,virus
46992,43,0,virus
38913,20,1,virus
33660,21,0,virus
48647,250,1,virus
33793,21,1,virus
1010,8,1,virus
43672,162,1,virus
30319,21,0,virus
5117,25,1,virus
39989,43,1,virus
7364,189,1,virus
33763,166,0,virus
21131,2,0,virus
1363,23,1,virus
14275,18,0,virus
15465,0,0,virus
52708,262,1,virus
28730,43,0,virus
31642,21,0,virus
24886,126,1,virus
26626,4,1,virus
28867,18,0,virus
24252,138,1,virus
7124,24,1,virus
32321,18,0,virus
45600,191,1,virus
45311,159,0,virus
48252,59,0,virus
14212,222,0,virus
5808,2,0,virus
47588,43,0,virus
12253,9,1,virus
17689,103,0,virus
25581,2,1,virus
32341,21,0,virus
2510,3,0,virus
16753,0,0,virus
27180,24,1,virus
15639,103,0,virus
38056,183,1,virus
9469,24,1,virus
28006,43,0,virus
11358,222,0,virus
8466,73,1,virus
2695,24,1,virus
39997,184,0,virus
27129,6,1,virus
17361,103,0,virus
35898,24,1,virus
11869,222,1,virus
28482,18,0,virus
51468,262,1,virus
24260,138,0,virus
15690,64,0,virus
15999,14,0,virus
17731,2,0,virus
44712,239,1,virus
26616,4,1,virus
40123,188,1,virus
10485,168,1,virus
31167,43,1,virus
18105,0,0,virus
7004,24,1,virus
15520,14,0,virus
52897,262,1,virus
39855,20,1,virus
20432,16,0,virus
4105,6,1,virus
23643,54,1,virus
36440,24,1,virus
26133,43,0,virus
37152,24,1,virus
22659,168,0,virus
13076,2,0,virus
21005,5,0,virus
1125,8,1,virus
46759,43,0,virus
17634,2,0,virus
16011,104,0,virus
19062,120,0,virus
7723,24,1,virus
14924,64,0,virus
47850,43,0,virus
42879,189,1,virus
33099,18,0,virus
10049,59,0,virus
41199,204,0,virus
32613,2,0,virus
8204,2,0,virus
16235,0,0,virus
31613,18,0,virus
13524,168,0,virus
3770,2,1,virus
30303,21,0,virus
33835,18,0,virus
20669,10,0,virus
3982,24,1,virus
52778,262,1,virus
16245,18,0,virus
9646,47,1,virus
26802,2,1,virus
33078,18,0,virus
39460,20,1,virus
23066,54,1,virus
25020,22,1,virus
32757,166,0,virus
25991,6,0,virus
8451,2,0,virus
22913,23,1,virus
38806,20,1,virus
21797,168,0,virus
1364,137,1,virus
46858,43,0,virus
12273,16,0,virus
30449,18,0,virus
38522,189,1,virus
14026,16,0,virus
45259,251,1,virus
14556,2,0,virus
240,54,1,virus
50131,155,1,virus
11627,222,0,virus
1728,5,0,virus
42702,124,1,virus
18543,18,0,virus
25146,20,1,virus
25405,20,0,virus
35959,189,1,virus
30235,164,0,virus
32789,18,0,virus
9080,56,0,virus
36798,135,1,virus
13947,168,0,virus
27243,43,1,virus
21292,16,0,virus
9968,16,0,virus
54379,22,0,virus
17219,222,1,virus
20147,126,0,virus
14291,18,0,virus
22961,224,1,virus
2028,56,0,virus
12358,9,1,virus
39649,20,1,virus
18953,14,0,virus
7773,189,1,virus
12769,222,1,virus
17320,220,1,virus
47723,43,0,virus
24817,10,0,virus
11951,126,1,virus
34067,18,0,virus
3347,17,0,virus
22916,23,1,virus
54050,262,0,virus
38552,24,1,virus
38802,20,1,virus
19872,2,0,virus
25082,9,1,virus
39204,22,1,virus
10896,9,1,virus
46131,255,1,virus
46396,43,0,virus
32485,18,0,virus
14242,102,0,virus
26348,270,1,virus
9490,24,1,virus
21715,14,0,virus
44926,136,1,virus
24468,2,1,virus
38644,20,1,virus
14625,2,1,virus
33049,18,0,virus
25265,17,0,virus
1168,2,1,virus
14335,0,0,virus
33576,21,0,virus
52211,262,1,virus
42790,188,1,virus
47161,43,0,virus
14795,114,0,virus
8124,191,1,virus
35023,16,1,virus
30141,21,0,virus
39851,20,1,virus
5455,6,0,virus
33402,21,0,virus
5874,9,0,virus
14850,2,1,virus
31198,43,0,virus
22188,16,1,virus
23811,9,1,virus
7179,24,0,virus
38441,24,1,virus
40231,189,1,virus
38602,24,1,virus
30186,21,0,virus
11492,13,0,virus
44334,6,1,virus
5143,24,1,virus
25448,16,0,virus
8478,28,1,virus
31620,21,0,virus
35957,24,1,virus
45878,64,1,virus
47563,43,0,virus
20879,5,0,virus
22136,16,0,virus
37612,24,1,virus
2244,15,0,virus
32943,21,0,virus
6690,2,0,virus
46067,255,1,virus
16084,105,0,virus
45895,191,1,virus
38668,22,1,virus
10051,41,0,virus
51514,262,1,virus
32919,21,0,virus
4692,16,0,virus
4602,20,0,virus
2577,6,1,virus
18352,18,0,virus
22462,5,0,virus
34404,21,0,virus
13541,168,0,virus
4132,6,1,virus
41060,54,1,virus
55143,126,0,virus
30284,21,0,virus
47287,43,0,virus
54440,168,0,virus
28735,4,0,virus
54245,262,0,virus
22287,168,1,virus
12820,220,1,virus
40392,6,0,virus
30994,21,0,virus
33070,18,0,virus
17788,20,0,virus
41087,54,1,virus
43383,239,1,virus
48482,237,1,virus
25366,2,1,virus
30567,18,0,virus
22956,224,1,virus
4127,6,0,virus
44122,239,1,virus
31587,18,0,virus
12193,6,1,virus
21122,56,0,virus
40895,135,1,virus
53833,262,0,virus
16715,14,0,virus
1647,2,0,virus
31961,113,0,virus
55223,6,1,virus
10158,24,1,virus
39603,20,1,virus
28099,21,0,virus
13849,16,1,virus
11753,16,0,virus
18266,18,0,virus
25050,22,1,virus
39036,2,1,virus
24587,20,0,virus
20982,100,1,virus
550,2,1,virus
33011,21,0,virus
32387,18,0,virus
7033,24,1,virus
13106,16,0,virus
37342,23,0,virus
39775,23,1,virus
12754,168,1,virus
39816,16,0,virus
14670,18,0,virus
29002,43,1,virus
49262,43,1,virus
30234,18,0,virus
12863,2,1,virus
8301,2,0,virus
32961,21,0,virus
51904,262,1,virus
46102,255,1,virus
54348,59,1,virus
33401,18,0,virus
12974,16,0,virus
9854,41,0,virus
22511,16,0,virus
37809,13,1,virus
54445,168,0,virus
38174,24,1,virus
10879,9,0,virus
16132,64,0,virus
48602,43,1,virus
11823,168,0,virus
37256,59,0,virus
21619,16,0,virus
16056,0,0,virus
38382,24,1,virus
12154,78,1,virus
35786,220,0,virus
25980,16,0,virus
2958,6,1,virus
8859,189,1,virus
31427,21,0,virus
44174,34,1,virus
45046,136,1,virus
29741,60,0,virus
1747,5,0,virus
24376,55,0,virus
37752,24,1,virus
15774,18,0,virus
16644,106,0,virus
25949,9,1,virus
39888,55,0,virus
31910,18,0,virus
22947,23,1,virus
34268,18,0,virus
19366,5,0,virus
8446,6,1,virus
9760,189,1,virus
37009,20,1,virus
988,8,1,virus
21826,2,1,virus
37523,13,1,virus
23514,54,1,virus
11327,34,1,virus
42119,216,0,virus
24535,118,0,virus
30572,18,0,virus
29991,18,0,virus
50040,155,1,virus
46357,43,0,virus
18316,103,0,virus
45915,191,1,virus
50050,155,1,virus
46907,43,0,virus
44920,136,1,virus
276,2,0,virus
17482,18,0,virus
5963,24,1,virus
26002,168,0,virus
12512,168,1,virus
20594,222,0,virus
9388,16,0,virus
44930,136,1,virus
5155,24,1,virus
30778,43,1,virus
52367,232,1,virus
43680,162,1,virus
5485,2,0,virus
3525,2,1,virus
4369,54,1,virus
16723,14,0,virus
23514,22,1,virus
47583,43,0,virus
607,54,1,virus
37070,22,1,virus
35757,173,0,virus
22161,16,1,virus
6200,20,1,virus
44641,239,1,virus
24802,144,0,virus
829,9,1,virus
36545,24,1,virus
7262,9,1,virus
16034,14,0,virus
18718,168,0,virus
8860,16,0,virus
5002,25,1,virus
24434,59,0,virus
34830,16,1,virus
32879,21,0,virus
23022,22,1,virus
36755,135,1,virus
40263,189,1,virus
9019,24,0,virus
37305,24,1,virus
48526,237,1,virus
826,9,1,virus
37612,189,1,virus
22927,224,1,virus
32310,21,0,virus
38364,24,1,virus
11361,222,1,virus
22335,168,0,virus
21700,5,0,virus
34290,164,0,virus
45257,251,1,virus
15769,103,0,virus
7591,24,1,virus
39477,24,1,virus
23758,136,1,virus
8208,2,0,virus
45975,255,1,virus
709,59,0,virus
9770,56,0,virus
30627,18,0,virus
10426,47,1,virus
43175,6,1,virus
16742,0,0,virus
1832,0,0,virus
8684,13,0,virus
10470,278,0,virus
51404,262,0,virus
38055,24,1,virus
39295,20,1,virus
44184,34,1,virus
27285,158,0,virus
2723,24,1,virus
26400,159,1,virus
27140,6,1,virus
52055,262,1,virus
19636,103,0,virus
8680,2,0,virus
34242,18,0,virus
32475,21,0,virus
20035,41,0,virus
30401,43,0,virus
19587,4,0,virus
15408,2,0,virus
51529,262,1,virus
31631,21,0,virus
27710,43,0,virus
20842,5,0,virus
34138,43,1,virus
8585,2,1,virus
35389,43,1,virus
25023,23,1,virus
47496,43,0,virus
8881,16,0,virus
12473,16,0,virus
12153,78,1,virus
843,56,1,virus
35592,43,1,virus
4777,189,0,virus
28263,21,0,virus
22280,16,1,virus
47320,43,0,virus
5144,189,1,virus
6840,24,1,virus
49184,261,1,virus
52127,262,1,virus
3176,43,1,virus
8308,2,1,virus
39503,182,1,virus
43394,239,1,virus
40142,189,1,virus
13756,16,0,virus
39093,20,1,virus
2248,15,0,virus
7691,9,0,virus
32785,18,0,virus
19425,16,1,virus
32967,18,0,virus
5550,2,1,virus
22884,42,1,virus
35106,16,1,virus
4437,2,0,virus
6049,56,0,virus
44104,34,1,virus
31568,18,0,virus
5804,2,0,virus
11380,2,1,virus
10827,2,0,virus
34283,18,0,virus
12162,78,1,virus
22911,224,1,virus
54203,262,0,virus
677,6,0,virus
14814,114,0,virus
34038,18,0,virus
33818,164,0,virus
3211,24,1,virus
16652,0,0,virus
25636,17,1,virus
20036,59,0,virus
37491,13,1,virus
13630,2,1,virus
32115,21,0,virus
26258,24,1,virus
35707,222,1,virus
41698,91,0,virus
31955,18,0,virus
49388,267,0,virus
241,23,1,virus
7773,24,1,virus
15557,107,0,virus
6812,24,1,virus
37694,189,1,virus
11939,16,0,virus
34396,43,0,virus
43244,6,1,virus
37851,189,1,virus
46227,43,1,virus
34248,21,0,virus
255,24,1,virus
11762,93,0,virus
51587,262,1,virus
11962,168,1,virus
10919,56,1,virus
33311,167,0,virus
1045,34,1,virus
7731,9,0,virus
26517,4,1,virus
48142,43,0,virus
18089,103,0,virus
7564,6,1,virus
32339,18,0,virus
30572,21,0,virus
14078,59,0,virus
11834,168,1,virus
23618,136,1,virus
47745,262,0,virus
25599,222,0,virus
31751,18,0,virus
36783,24,1,virus
6046,9,0,virus
10871,9,0,virus
39609,20,1,virus
3818,189,1,virus
48593,250,1,virus
50126,155,1,virus
13702,16,0,virus
15978,0,0,virus
3289,41,1,virus
7537,100,1,virus
611,54,1,virus
11972,168,0,virus
38062,24,1,virus
48821,237,1,virus
2328,34,0,virus
33216,18,0,virus
37764,24,1,virus
19241,103,0,virus
10138,189,1,virus
22394,16,1,virus
7327,189,1,virus
39176,20,1,virus
38378,24,1,virus
26734,16,0,virus
5139,24,1,virus
34373,18,0,virus
49724,43,1,virus
11048,56,0,virus
32113,21,0,virus
27487,2,1,virus
29503,43,0,virus
34227,18,0,virus
49188,261,1,virus
22422,222,0,virus
769,56,1,virus
53849,262,0,virus
43431,162,1,virus
2291,0,0,virus
36392,24,1,virus
40162,189,0,virus
27858,222,0,virus
34453,2,1,virus
50194,155,1,virus
34369,21,0,virus
30755,21,0,virus
9415,9,0,virus
10019,2,0,virus
22888,42,0,virus
39277,24,1,virus
30074,18,0,virus
29537,164,0,virus
39770,22,1,virus
47752,43,0,virus
37283,24,1,virus
18268,0,0,virus
27074,16,0,virus
12517,16,0,virus
22962,54,1,virus
1406,2,0,virus
12708,16,1,virus
52920,262,1,virus
32199,21,0,virus
31721,2,1,virus
21150,132,0,virus
54809,43,0,virus
22945,224,1,virus
30270,21,0,virus
53887,262,0,virus
28832,21,0,virus
20087,126,0,virus
34120,21,0,virus
40107,135,0,virus
41109,54,1,virus
2496,126,1,virus
2995,59,1,virus
48732,43,1,virus
15187,103,0,virus
5714,34,1,virus
40311,6,1,virus
11619,222,0,virus
11761,2,0,virus
48822,237,1,virus
32179,43,1,virus
30091,180,1,virus
8910,6,1,virus
31382,21,0,virus
54437,6,0,virus
17336,2,1,virus
22945,54,1,virus
5317,6,0,virus
22174,168,0,virus
27456,2,1,virus
9522,42,0,virus
24566,2,0,virus
13017,16,0,virus
51650,262,1,virus
38906,20,1,virus
44169,34,1,virus
34664,21,0,virus
37846,189,1,virus
37142,54,1,virus
54782,43,0,virus
30070,2,1,virus
10600,41,0,virus
51205,269,0,virus
18035,16,0,virus
42789,188,1,virus
34226,21,0,virus
8192,168,0,virus
29847,18,0,virus
4636,18,1,virus
21366,16,1,virus
45344,59,1,virus
11377,222,1,virus
36996,22,1,virus
32324,21,0,virus
54241,262,0,virus
14149,222,0,virus
47842,43,1,virus
34451,2,1,virus
38243,24,1,virus
27147,24,1,virus
11125,2,0,virus
33916,18,0,virus
15752,16,1,virus
20733,14,0,virus
21921,5,0,virus
8127,191,1,virus
32852,18,0,virus
993,8,1,virus
7372,189,1,virus
850,56,1,virus
2671,135,1,virus
2343,15,1,virus
7415,24,1,virus
31429,21,0,virus
13417,16,0,virus
14180,6,1,virus
16980,18,0,virus
22397,16,1,virus
30243,21,0,virus
6239,164,0,virus
45727,191,1,virus
31655,18,0,virus
8750,2,0,virus
20583,5,0,virus
14663,103,0,virus
35750,173,0,virus
44656,239,1,virus
39158,59,0,virus
32637,18,0,virus
28484,4,0,virus
7455,59,0,virus
8468,28,1,virus
32547,166,0,virus
8198,16,0,virus
36424,24,1,virus
36276,24,1,virus
37473,13,1,virus
15692,5,0,virus
47753,43,0,virus
54725,2,1,virus
19336,103,0,virus
30862,21,0,virus
48475,237,1,virus
23015,224,1,virus
34291,21,0,virus
21123,9,0,virus
849,8,1,virus
1738,5,0,virus
31173,18,0,virus
30504,43,1,virus
21675,2,0,virus
37559,54,1,virus
28995,18,0,virus
17122,18,0,virus
32987,21,0,virus
1429,2,0,virus
33244,43,1,virus
36290,61,0,virus
7049,189,1,virus
34408,21,0,virus
5522,222,0,virus
29538,165,0,virus
5973,189,1,virus
33666,21,0,virus
9491,77,0,virus
723,0,0,virus
45731,64,1,virus
20447,9,0,virus
7629,189,1,virus
44204,241,1,virus
41151,6,1,virus
17202,2,1,virus
25049,23,1,virus
14157,59,0,virus
13746,168,0,virus
2426,18,0,virus
11797,222,1,virus
13899,10,0,virus
21610,222,0,virus
1771,40,1,virus
5062,17,0,virus
33331,165,0,virus
3198,24,1,virus
40971,54,1,virus
36566,24,1,virus
4414,24,1,virus
13574,59,0,virus
24494,22,1,virus
10170,189,1,virus
34229,18,0,virus
24883,144,1,virus
32857,43,1,virus
23247,135,0,virus
11661,16,1,virus
6668,2,0,virus
11375,222,1,virus
21112,5,0,virus
52335,43,1,virus
28559,21,0,virus
14203,16,0,virus
14673,0,0,virus
31869,18,0,virus
38529,24,1,virus
13970,168,1,virus
11155,16,0,virus
33201,18,0,virus
12794,2,0,virus
1043,54,1,virus
21533,222,0,virus
13886,168,0,virus
4199,2,0,virus
14644,103,0,virus
51525,262,1,virus
6134,2,0,virus
36591,135,1,virus
5971,189,1,virus
15391,105,0,virus
7369,42,0,virus
29783,6,1,virus
3144,24,1,virus
24513,23,1,virus
5159,24,1,virus
48473,237,1,virus
3421,56,0,virus
4764,2,0,virus
35971,189,1,virus
45893,64,1,virus
15532,107,0,virus
38828,20,0,virus
32764,21,0,virus
30093,18,0,virus
34763,16,1,virus
22922,54,1,virus
33066,21,0,virus
2625,24,1,virus
40712,199,1,virus
34402,18,0,virus
10073,2,0,virus
25385,22,1,virus
1863,222,1,virus
49104,261,1,virus
11917,59,0,virus
13648,16,0,virus
13864,168,1,virus
14047,168,0,virus
26517,16,0,virus
3182,6,1,virus
23899,136,1,virus
33093,18,0,virus
29600,18,0,virus
13340,168,0,virus
36586,40,1,virus
23934,6,1,virus
14116,168,0,virus
50639,43,0,virus
32908,21,0,virus
11481,168,0,virus
16604,103,0,virus
16500,14,0,virus
35993,189,1,virus
39355,20,0,virus
17495,2,1,virus
34367,18,0,virus
28346,18,0,virus
47850,41,0,virus
30962,21,0,virus
13553,16,0,virus
26065,16,0,virus
4271,25,1,virus
27780,168,0,virus
30786,18,0,virus
30540,43,1,virus
12944,16,0,virus
16519,16,0,virus
27919,2,1,virus
10167,189,1,virus
43484,162,1,virus
21267,20,0,virus
593,54,1,virus
12821,220,1,virus
37413,189,1,virus
20340,10,0,virus
44026,237,1,virus
34022,21,0,virus
17714,106,0,virus
38515,189,1,virus
29244,43,1,virus
30252,18,0,virus
30087,21,0,virus
39621,6,1,virus
20109,59,0,virus
32802,21,0,virus
4159,2,0,virus
32824,18,0,virus
25460,222,1,virus
28534,23,1,virus
20472,16,0,virus
24932,2,0,virus
35419,43,1,virus
11729,90,1,virus
44984,136,1,virus
40008,187,0,virus
28760,18,0,virus
12046,16,0,virus
50647,43,0,virus
3029,48,1,virus
33040,18,0,virus
24183,2,1,virus
1055,8,1,virus
37936,20,1,virus
12945,168,0,virus
48730,43,1,virus
31264,18,0,virus
50944,43,1,virus
51652,262,1,virus
2373,28,0,virus
9694,24,1,virus
2457,47,0,virus
5839,16,0,virus
33251,262,0,virus
20921,168,1,virus
54437,16,0,virus
49966,155,1,virus
14765,18,0,virus
23020,22,1,virus
21473,222,0,virus
17578,14,0,virus
32135,21,0,virus
44554,239,1,virus
233,54,1,virus
33639,18,0,virus
6953,24,1,virus
31124,43,0,virus
30201,18,0,virus
26081,2,0,virus
38035,20,1,virus
38334,18,0,virus
16343,18,0,virus
24562,168,0,virus
52370,43,1,virus
16542,18,0,virus
45027,189,1,virus
22607,222,0,virus
26556,4,1,virus
777,22,1,virus
53768,262,0,virus
10880,16,0,virus
606,34,1,virus
6426,70,0,virus
23587,136,1,virus
46225,43,1,virus
49997,155,1,virus
20799,95,0,virus
47437,43,0,virus
34319,21,0,virus
29862,25,0,virus
38688,20,1,virus
43322,6,1,virus
31525,43,0,virus
37273,20,1,virus
42966,189,0,virus
5822,50,0,virus
41370,6,0,virus
44004,237,1,virus
31634,18,0,virus
34038,21,0,virus
54307,43,1,virus
3370,2,0,virus
50059,155,1,virus
48848,160,0,virus
11639,168,0,virus
2178,9,1,virus
51485,262,1,virus
25989,6,0,virus
40199,189,1,virus
15681,102,0,virus
41351,208,0,virus
6505,22,1,virus
18912,0,0,virus
42798,223,0,virus
10593,41,0,virus
30057,30,1,virus
25392,2,0,virus
12382,222,0,virus
25523,222,1,virus
23002,224,1,virus
34893,16,1,virus
1152,56,0,virus
49277,264,1,virus
30470,21,0,virus
32415,21,0,virus
37826,222,0,virus
11931,168,1,virus
14937,0,0,virus
52330,250,1,virus
12295,24,1,virus
4151,6,0,virus
45067,136,1,virus
14112,2,0,virus
17570,14,0,virus
51645,262,1,virus
33097,18,0,virus
50071,268,1,virus
11737,74,0,virus
22973,23,1,virus
10428,24,0,virus
1041,8,1,virus
24763,20,0,virus
52755,262,1,virus
16077,18,0,virus
750,56,1,virus
32798,21,0,virus
14210,168,0,virus
13986,16,0,virus
34638,21,0,virus
21786,14,0,virus
33310,165,0,virus
21752,20,1,virus
39483,20,1,virus
54878,6,1,virus
36852,24,1,virus
36451,189,1,virus
26944,2,1,virus
3595,48,1,virus
17666,18,0,virus
25584,222,0,virus
6734,24,1,virus
3119,24,1,virus
13544,2,1,virus
49279,264,1,virus
43315,6,1,virus
1636,18,0,virus
33673,18,0,virus
38179,189,1,virus
43722,162,1,virus
33805,18,0,virus
32441,21,0,virus
8308,6,1,virus
54696,6,1,virus
758,56,1,virus
52337,250,1,virus
897,34,1,virus
20791,20,0,virus
33512,21,0,virus
35911,135,1,virus
38666,180,1,virus
30846,18,0,virus
30764,21,0,virus
22971,22,1,virus
5182,24,1,virus
18965,18,0,virus
39350,20,0,virus
2671,135,1,virus
32587,18,0,virus
17707,64,0,virus
31846,21,1,virus
34475,18,0,virus
49531,6,1,virus
15050,103,0,virus
33609,21,0,virus
31339,18,0,virus
47144,43,0,virus
13322,6,1,virus
31280,21,0,virus
19408,2,0,virus
1498,2,1,virus
40069,135,1,virus
36598,222,0,virus
6127,16,0,virus
32724,18,0,virus
10042,2,0,virus
5570,222,0,virus
48839,237,1,virus
30000,2,1,virus
18830,106,0,virus
50973,43,1,virus
6590,195,0,virus
44514,239,0,virus
6951,189,1,virus
21948,168,1,virus
32564,43,0,virus
50820,43,0,virus
34576,18,0,virus
10822,6,0,virus
17042,5,0,virus
20170,14,0,virus
30577,18,0,virus
38987,20,1,virus
3156,24,1,virus
3293,59,1,virus
50306,155,1,virus
9583,24,1,virus
23798,136,1,virus
16439,14,0,virus
44421,6,1,virus
4481,24,0,virus
13087,20,1,virus
47688,43,0,virus
30578,18,0,virus
12086,168,0,virus
49523,6,1,virus
39687,24,1,virus
12586,16,0,virus
6064,43,0,virus
14439,10,0,virus
46178,59,1,virus
37115,24,1,virus
13595,16,1,virus
13752,16,1,virus
1195,0,0,virus
28990,18,0,virus
13538,168,0,virus
23882,54,1,virus
50687,43,0,virus
43297,6,1,virus
43579,162,1,virus
14845,222,1,virus
10159,24,1,virus
28588,18,0,virus
17118,18,0,virus
9053,16,0,virus
32422,21,0,virus
54452,16,0,virus
49939,64,1,virus
33936,43,0,virus
12791,2,0,virus
46,6,1,virus
11166,16,0,virus
5776,34,1,virus
20142,16,1,virus
32421,21,0,virus
43060,6,0,virus
32305,18,0,virus
29873,21,0,virus
19472,5,0,virus
181,188,1,virus
11686,90,1,virus
11046,9,0,virus
45768,191,1,virus
23765,54,1,virus
47102,43,0,virus
44079,34,1,virus
39878,120,0,virus
14293,18,0,virus
32814,18,0,virus
22555,2,0,virus
30620,43,1,virus
25040,54,1,virus
23046,224,1,virus
9745,78,0,virus
31468,21,0,virus
110,3,1,virus
25988,16,0,virus
51897,262,1,virus
30661,18,0,virus
17757,5,0,virus
27522,2,1,virus
54188,262,0,virus
12415,16,0,virus
3711,191,1,virus
22421,168,0,virus
37191,183,1,virus
30663,43,0,virus
24633,20,0,virus
23042,54,1,virus
20467,185,0,virus
16002,88,1,virus
1692,2,0,virus
46033,255,1,virus
6073,47,1,virus
38029,24,1,virus
32834,21,0,virus
52130,262,1,virus
26100,43,0,virus
32756,166,0,virus
19306,0,0,virus
32860,21,0,virus
36331,24,1,virus
12472,16,0,virus
22953,22,1,virus
29827,56,0,virus
11210,168,1,virus
4957,25,1,virus
2709,201,1,virus
22970,23,1,virus
12201,16,1,virus
45610,191,1,virus
20333,10,0,virus
25059,22,1,virus
7525,16,0,virus
39466,34,1,virus
31042,6,1,virus
11106,2,1,virus
38673,23,1,virus
3013,24,1,virus
25165,2,1,virus
700,9,1,virus
22477,168,0,virus
33646,18,0,virus
4549,48,1,virus
39598,20,1,virus
24784,126,0,virus
4066,56,1,virus
32694,21,0,virus
28853,189,1,virus
27647,21,0,virus
10384,42,0,virus
13278,2,1,virus
16094,106,0,virus
14118,16,0,virus
33197,21,0,virus
32882,18,0,virus
25969,222,0,virus
40005,187,0,virus
50060,155,1,virus
16171,0,0,virus
10940,189,0,virus
16122,17,0,virus
26085,2,0,virus
20258,5,0,virus
39436,23,1,virus
48483,237,1,virus
31053,135,1,virus
54094,262,0,virus
34006,21,0,virus
13955,168,0,virus
19019,16,0,virus
6095,9,0,virus
13694,16,0,virus
40205,135,1,virus
30151,21,0,virus
15560,103,0,virus
45911,191,1,virus
19365,222,0,virus
12442,6,1,virus
32717,21,0,virus
53910,262,0,virus
47764,43,0,virus
17787,18,0,virus
23005,224,1,virus
25717,222,1,virus
49921,64,1,virus
2372,2,1,virus
14280,0,0,virus
8081,2,1,virus
22103,95,0,virus
2728,24,1,virus
33863,18,0,virus
44928,136,1,virus
27951,18,0,virus
2300,18,0,virus
13422,2,0,virus
47884,43,0,virus
31021,18,0,virus
43075,42,1,virus
14063,16,0,virus
15829,2,0,virus
25039,100,1,virus
54152,262,0,virus
17048,103,0,virus
17353,114,0,virus
39374,22,1,virus
3484,18,0,virus
28105,31,1,virus
9331,24,1,virus
39745,23,1,virus
19398,18,0,virus
33012,21,0,virus
6576,3,0,virus
48718,31,1,virus
1910,2,0,virus
54994,168,0,virus
39548,20,1,virus
32345,18,0,virus
8113,191,1,virus
24459,55,0,virus
31385,18,0,virus
18259,106,0,virus
34957,16,1,virus
26596,60,0,virus
8808,24,1,virus
25992,6,0,virus
23585,54,1,virus
38161,24,1,virus
21909,10,0,virus
23748,136,1,virus
1663,6,1,virus
32310,18,0,virus
48954,261,1,virus
22077,95,0,virus
35714,24,1,virus
39742,22,1,virus
40966,54,1,virus
9796,9,1,virus
26812,161,0,virus
52174,262,1,virus
33712,165,0,virus
23584,54,1,virus
7240,24,1,virus
23071,23,1,virus
4254,25,1,virus
52873,270,1,virus
36123,22,1,virus
47290,43,0,virus
6845,24,0,virus
23511,54,1,virus
52194,262,1,virus
28064,18,0,virus
12478,168,1,virus
19478,18,0,virus
9846,24,0,virus
39338,20,0,virus
2915,2,1,virus
7225,23,0,virus
30076,18,0,virus
5499,25,1,virus
37246,24,1,virus
22118,14,0,virus
9970,2,0,virus
47402,43,0,virus
35686,222,0,virus
31281,18,0,virus
8044,191,1,virus
38100,23,1,virus
35361,43,1,virus
32378,18,0,virus
238,23,1,virus
16919,2,0,virus
12826,220,1,virus
26058,56,0,virus
31873,21,0,virus
32569,21,0,virus
36815,24,1,virus
21303,2,0,virus
20775,5,0,virus
10555,2,0,virus
11556,2,1,virus
25544,222,1,virus
7818,9,0,virus
45730,191,1,virus
15232,103,0,virus
24704,222,0,virus
26018,161,0,virus
48538,237,1,virus
5785,34,1,virus
25,2,0,virus
5717,34,1,virus
54862,6,1,virus
5090,2,1,virus
8153,189,1,virus
34225,21,0,virus
49137,261,1,virus
11436,9,1,virus
4602,168,0,virus
33413,18,0,virus
41163,6,1,virus
38428,24,1,virus
1904,2,1,virus
12190,16,1,virus
11205,168,1,virus
50147,155,1,virus
4738,16,0,virus
20145,10,0,virus
897,34,1,virus
34278,18,0,virus
12296,16,1,virus
13376,91,1,virus
9114,2,1,virus
9,2,0,virus
12916,2,1,virus
28331,18,0,virus
32465,18,0,virus
9497,24,1,virus
11434,56,1,virus
45831,64,1,virus
10352,71,0,virus
39352,20,0,virus
29556,43,1,virus
708,2,1,virus
48991,261,1,virus
34976,16,1,virus
20453,56,0,virus
48565,237,1,virus
20992,2,1,virus
3489,2,0,virus
46942,43,0,virus
16771,70,0,virus
36393,189,1,virus
9286,24,1,virus
7711,189,1,virus
27844,168,0,virus
21866,5,0,virus
14916,114,0,virus
36282,189,1,virus
30109,21,0,virus
49258,43,1,virus
14499,18,0,virus
29638,43,1,virus
42792,188,1,virus
16152,126,0,virus
9614,28,0,virus
23895,136,1,virus
36960,13,0,virus
17287,14,0,virus
38673,22,1,virus
45060,242,1,virus
28847,24,1,virus
45310,251,1,virus
22742,16,0,virus
38674,23,1,virus
10449,9,1,virus
14124,2,1,virus
14436,113,0,virus
23069,23,1,virus
9509,6,0,virus
29729,60,0,virus
40006,187,0,virus
936,34,1,virus
49195,261,1,virus
12383,2,0,virus
13439,168,0,virus
17472,14,0,virus
25940,145,0,virus
45897,64,1,virus
39058,220,1,virus
23684,54,1,virus
13588,16,0,virus
45773,191,1,virus
13711,168,0,virus
38365,24,1,virus
22992,54,1,virus
15435,0,0,virus
33690,18,0,virus
31563,21,0,virus
33575,21,0,virus
39690,20,1,virus
30052,30,0,virus
31659,18,0,virus
50596,43,1,virus
45617,64,1,virus
23939,6,1,virus
47819,59,0,virus
35616,43,1,virus
14603,2,0,virus
8568,24,1,virus
52086,262,1,virus
40011,187,0,virus
30486,43,1,virus
48258,43,0,virus
5390,222,0,virus
12862,2,1,virus
11832,168,1,virus
48009,43,1,virus
7400,28,0,virus
4755,24,1,virus
39850,20,1,virus
44095,34,1,virus
18255,18,0,virus
36451,24,1,virus
30644,18,0,virus
828,56,1,virus
14932,103,0,virus
43998,237,1,virus
2792,24,1,virus
55195,8,1,virus
30579,21,0,virus
18790,106,0,virus
2836,24,1,virus
24787,144,0,virus
39201,22,1,virus
21950,16,1,virus
19594,4,0,virus
20714,222,0,virus
45494,239,1,virus
17499,106,0,virus
9373,24,1,virus
21797,16,0,virus
37648,2,1,virus
30416,18,0,virus
33750,164,0,virus
22430,168,0,virus
18253,103,0,virus
31554,18,0,virus
18020,16,1,virus
629,2,1,virus
29155,21,0,virus
7865,4,1,virus
12520,56,0,virus
9352,189,1,virus
23793,54,1,virus
52052,262,1,virus
16174,18,0,virus
3697,48,1,virus
38176,24,1,virus
1574,0,0,virus
13996,16,0,virus
19827,18,0,virus
29183,18,0,virus
31883,18,0,virus
39435,22,1,virus
32920,21,0,virus
25936,126,0,virus
36515,16,1,virus
2342,15,1,virus
28691,165,0,virus
49012,261,1,virus
19917,124,1,virus
42689,14,0,virus
33533,18,0,virus
23518,22,1,virus
2101,9,1,virus
15798,0,0,virus
41136,6,1,virus
32778,18,0,virus
34087,21,0,virus
1328,168,1,virus
37356,24,1,virus
8995,24,0,virus
40400,6,0,virus
54832,6,1,virus
30218,21,0,virus
33582,18,0,virus
47532,43,0,virus
38991,222,0,virus
27247,247,1,virus
23088,126,1,virus
13330,220,1,virus
47970,59,1,virus
19739,0,0,virus
32736,18,0,virus
617,9,0,virus
32923,18,0,virus
28881,21,0,virus
33556,21,0,virus
39468,22,1,virus
6243,16,0,virus
40804,135,1,virus
35202,172,1,virus
37411,24,1,virus
34042,18,0,virus
17030,102,0,virus
45792,64,1,virus
20195,20,0,virus
11496,22,0,virus
39326,41,1,virus
16489,16,0,virus
16502,16,0,virus
51478,262,1,virus
51660,262,1,virus
21027,5,0,virus
35786,222,0,virus
47429,43,0,virus
21364,16,1,virus
27239,43,1,virus
3899,6,1,virus
45663,191,1,virus
47313,43,0,virus
33768,18,0,virus
13323,6,1,virus
21923,14,0,virus
30117,43,0,virus
50286,155,1,virus
22877,42,1,virus
22087,95,0,virus
2004,0,0,virus
6955,189,1,virus
12280,2,0,virus
33877,18,0,virus
43753,162,1,virus
9067,16,0,virus
38096,189,1,virus
13267,16,1,virus
11758,16,0,virus
54506,16,0,virus
36118,23,1,virus
15977,64,0,virus
34080,21,0,virus
40332,189,1,virus
24993,2,0,virus
52141,262,1,virus
9269,2,1,virus
11813,43,0,virus
48562,237,1,virus
22029,2,1,virus
48811,237,1,virus
35125,16,1,virus
19027,16,0,virus
38939,135,1,virus
40004,187,0,virus
19032,16,0,virus
26728,16,1,virus
7422,24,1,virus
38603,24,1,virus
9773,56,0,virus
17408,14,0,virus
22898,42,1,virus
25120,8,1,virus
24160,6,1,virus
31050,24,0,virus
13189,168,1,virus
33069,18,0,virus
45881,64,1,virus
28882,21,0,virus
37775,24,1,virus
34262,21,0,virus
33562,18,0,virus
33511,21,0,virus
11341,222,1,virus
5086,9,0,virus
35127,16,1,virus
23059,22,1,virus
30295,18,0,virus
30566,21,1,virus
28835,43,1,virus
54596,126,0,virus
25109,2,1,virus
27064,16,0,virus
52693,262,1,virus
34033,18,0,virus
53636,43,0,virus
46306,258,1,virus
2535,4,1,virus
38204,135,1,virus
33986,18,0,virus
35393,43,1,virus
44137,239,1,virus
4009,24,1,virus
8102,191,1,virus
37145,24,1,virus
20039,41,0,virus
732,15,1,virus
38697,20,1,virus
37492,13,1,virus
30497,18,0,virus
26723,2,1,virus
32731,21,0,virus
7396,47,1,virus
19781,105,0,virus
32790,18,0,virus
29760,21,0,virus
34178,21,0,virus
31466,21,0,virus
10328,189,1,virus
20154,95,0,virus
31234,21,0,virus
10899,9,1,virus
9251,2,1,virus
6231,16,0,virus
120,2,0,virus
40750,3,0,virus
7856,195,1,virus
30608,18,0,virus
23882,136,1,virus
32352,21,0,virus
35003,16,1,virus
21920,14,0,virus
3853,24,1,virus
26045,17,0,virus
18991,168,0,virus
34709,21,0,virus
11872,41,0,virus
26995,24,1,virus
22901,23,1,virus
7333,24,0,virus
33397,18,0,virus
12621,16,0,virus
31279,135,1,virus
18738,16,0,virus
22994,23,1,virus
43510,162,1,virus
1042,34,1,virus
30912,18,0,virus
43570,162,1,virus
8938,16,0,virus
34072,18,0,virus
2318,56,1,virus
995,34,1,virus
24832,10,0,virus
34376,21,0,virus
26718,16,1,virus
28843,146,0,virus
30560,166,0,virus
27484,2,1,virus
34711,18,0,virus
25999,2,1,virus
36407,177,1,virus
31268,18,0,virus
37201,24,1,virus
589,54,1,virus
32815,21,0,virus
33683,21,1,virus
23898,136,1,virus
28864,21,0,virus
33809,21,0,virus
13864,16,1,virus
18530,14,0,virus
22280,168,1,virus
49129,261,1,virus
49061,261,1,virus
29715,144,0,virus
49048,261,1,virus
48623,43,1,virus
49621,6,1,virus
27920,2,1,virus
49625,6,1,virus
19059,59,0,virus
17642,18,0,virus
35986,24,1,virus
13403,16,1,virus
39535,43,1,virus
33007,18,0,virus
16033,2,0,virus
47,6,1,virus
37842,135,1,virus
19989,41,0,virus
33102,21,0,virus
30004,18,0,virus
48534,237,1,virus
1049,34,1,virus
19213,18,0,virus
36312,24,1,virus
9810,189,1,virus
27101,17,0,virus
17142,102,0,virus
13874,59,1,virus
52064,262,1,virus
24799,4,0,virus
5878,6,1,virus
49873,64,1,virus
12730,168,0,virus
10106,2,0,virus
43471,162,1,virus
36490,135,1,virus
27455,2,1,virus
53406,43,0,virus
37126,189,1,virus
10209,56,0,virus
12585,16,0,virus
38678,23,1,virus
30142,18,0,virus
25480,17,1,virus
35472,43,1,virus
27746,262,1,virus
2615,24,1,virus
15020,102,0,virus
11340,220,1,virus
36459,189,1,virus
44269,240,1,virus
28350,56,0,virus
14572,2,0,virus
53936,262,0,virus
45664,64,1,virus
10230,9,1,virus
30560,167,0,virus
4101,6,1,virus
20024,168,0,virus
33503,21,0,virus
32118,43,0,virus
6580,4,1,virus
590,22,1,virus
20171,41,0,virus
26030,16,0,virus
23021,224,1,virus
38685,180,1,virus
19409,2,0,virus
23561,54,1,virus
34146,43,1,virus
17674,18,0,virus
4299,48,1,virus
20387,118,1,virus
25445,161,0,virus
39175,20,1,virus
51761,262,1,virus
6256,43,1,virus
18679,168,0,virus
34043,21,0,virus
33117,18,0,virus
9813,56,1,virus
36605,24,1,virus
13589,16,0,virus
22952,224,1,virus
33971,21,0,virus
32861,18,0,virus
17978,2,0,virus
29710,18,0,virus
28399,43,1,virus
28406,43,1,virus
27804,168,0,virus
1772,22,1,virus
39,6,1,virus
13071,59,0,virus
796,9,1,virus
6506,13,1,virus
39462,20,1,virus
30823,18,0,virus
21029,5,0,virus
33427,43,0,virus
7571,24,1,virus
17537,2,0,virus
26722,2,1,virus
19605,4,0,virus
31381,18,0,virus
7747,189,1,virus
32241,21,0,virus
35882,40,1,virus
25731,21,1,virus
47245,43,0,virus
29542,21,0,virus
10160,24,1,virus
30260,21,0,virus
25054,22,1,virus
5300,2,0,virus
14017,16,0,virus
31179,43,0,virus
39670,20,1,virus
6017,65,0,virus
52403,262,0,virus
15161,112,0,virus
12879,220,1,virus
21770,56,0,virus
46099,255,1,virus
52676,262,1,virus
43306,6,1,virus
8469,28,1,virus
13706,16,0,virus
20451,9,0,virus
23210,16,0,virus
28087,91,0,virus
33159,21,0,virus
39850,24,1,virus
610,54,1,virus
607,34,1,virus
10240,9,1,virus
22714,16,0,virus
25474,222,1,virus
24209,222,0,virus
45101,136,1,virus
25182,20,1,virus
1192,0,0,virus
21640,5,0,virus
33619,18,0,virus
36365,24,0,virus
31638,18,0,virus
47717,43,0,virus
38945,135,1,virus
18802,14,0,virus
12739,9,0,virus
29322,43,0,virus
44886,136,1,virus
37140,24,1,virus
21191,14,0,virus
49930,64,1,virus
34179,21,0,virus
12075,6,1,virus
5678,56,0,virus
30214,21,0,virus
25189,20,1,virus
14365,13,0,virus
45675,64,1,virus
266,201,1,virus
6649,189,1,virus
13859,16,1,virus
45619,191,1,virus
13926,10,0,virus
48855,160,0,virus
30948,6,1,virus
19029,168,0,virus
54933,6,1,virus
28016,18,0,virus
18459,106,0,virus
32703,21,0,virus
38445,24,1,virus
33046,18,0,virus
33724,164,0,virus
21025,5,0,virus
5133,189,1,virus
20991,5,0,virus
13842,95,0,virus
10050,41,0,virus
438,9,1,virus
30853,21,0,virus
7177,20,1,virus
31916,21,0,virus
51925,262,1,virus
12644,16,0,virus
52023,262,1,virus
37202,135,1,virus
5795,54,0,virus
36812,135,1,virus
14824,18,0,virus
25019,54,1,virus
7563,56,1,virus
13744,168,0,virus
26337,270,1,virus
22780,16,0,virus
32884,21,0,virus
39274,24,1,virus
13274,168,1,virus
3401,24,1,virus
38998,2,0,virus
13043,2,1,virus
46068,255,1,virus
53937,262,0,virus
51606,262,1,virus
7945,2,1,virus
31470,18,0,virus
5172,24,1,virus
28265,21,0,virus
37326,13,1,virus
24505,23,1,virus
36106,24,1,virus
39302,24,1,virus
18934,18,0,virus
6369,189,0,virus
28696,21,0,virus
21548,2,0,virus
16624,16,0,virus
22096,125,0,virus
18761,114,0,virus
43284,6,1,virus
4516,24,1,virus
8348,16,0,virus
25986,2,1,virus
30728,21,0,virus
15066,18,0,virus
39026,20,1,virus
45858,191,1,virus
34416,18,0,virus
38919,20,1,virus
3438,3,0,virus
6672,47,1,virus
46752,43,0,virus
11169,16,0,virus
23932,6,1,virus
39067,2,1,virus
10442,56,1,virus
37,6,1,virus
46008,256,1,virus
2709,183,1,virus
17215,222,1,virus
37819,189,1,virus
46697,43,0,virus
34012,18,0,virus
21009,2,1,virus
22937,23,1,virus
165,56,1,virus
27866,161,0,virus
40702,3,0,virus
14526,14,0,virus
20674,10,0,virus
3357,3,0,virus
2722,189,1,virus
34046,18,0,virus
24078,54,1,virus
10067,9,1,virus
22984,22,1,virus
4902,25,0,virus
38103,135,1,virus
33790,18,0,virus
5739,54,1,virus
9016,189,1,virus
25710,10,0,virus
1301,15,1,virus
19722,16,0,virus
1317,8,1,virus
17280,18,0,virus
30573,18,0,virus
54473,6,0,virus
36999,183,1,virus
21951,168,1,virus
45150,232,1,virus
41135,6,1,virus
13233,9,1,virus
24761,20,0,virus
37565,189,1,virus
33088,21,0,virus
21105,5,0,virus
12893,222,1,virus
14693,0,0,virus
4535,48,1,virus
33141,18,0,virus
20467,186,0,virus
16392,111,0,virus
36741,24,1,virus
10278,9,0,virus
32804,18,0,virus
10846,47,1,virus
47172,43,0,virus
39439,20,1,virus
30813,43,0,virus
40639,6,1,virus
45054,136,1,virus
30133,56,1,virus
23282,6,1,virus
33597,21,0,virus
52348,250,1,virus
996,34,1,virus
5238,56,1,virus
26023,6,0,virus
7680,9,0,virus
39190,23,1,virus
23196,59,0,virus
13827,56,1,virus
5630,49,1,virus
33176,164,0,virus
7869,3,0,virus
25046,54,1,virus
28622,18,0,virus
12196,16,1,virus
52419,43,1,virus
42796,188,1,virus
30367,43,1,virus
31263,21,0,virus
241,54,1,virus
40796,135,1,virus
21711,16,0,virus
3890,48,1,virus
4872,2,0,virus
36744,24,1,virus
11770,16,0,virus
24534,126,0,virus
21540,222,0,virus
7046,9,0,virus
28633,153,0,virus
32794,21,0,virus
45093,136,1,virus
43037,233,0,virus
37983,24,1,virus
36661,133,0,virus
11032,168,0,virus
559,2,1,virus
33479,18,0,virus
38086,24,1,virus
43352,239,1,virus
33021,18,0,virus
3498,48,1,virus
8311,2,1,virus
3450,24,1,virus
24272,2,0,virus
16458,18,0,virus
2709,183,1,virus
14605,16,1,virus
36578,40,1,virus
23089,126,1,virus
33915,21,1,virus
37022,24,1,virus
53999,262,0,virus
2508,196,0,virus
12181,168,1,virus
3300,54,1,virus
23086,144,1,virus
35209,172,1,virus
52212,262,1,virus
1669,5,0,virus
15746,16,1,virus
10317,9,1,virus
24837,10,0,virus
6142,145,0,virus
191,100,0,virus
28603,43,0,virus
18670,168,1,virus
53596,43,0,virus
22972,22,1,virus
35185,247,0,virus
9841,45,0,virus
15385,102,0,virus
52185,262,1,virus
8894,278,0,virus
14820,103,0,virus
22937,22,1,virus
13874,43,1,virus
34430,43,0,virus
43355,239,1,virus
10049,41,0,virus
30840,18,0,virus
6034,9,0,virus
45343,59,0,virus
33879,21,0,virus
26240,24,1,virus
38606,189,1,virus
44675,239,1,virus
30204,18,0,virus
8988,24,1,virus
31597,21,0,virus
28028,102,0,virus
25663,10,0,virus
356,18,0,virus
39977,262,1,virus
15998,18,0,virus
6276,2,0,virus
52349,59,1,virus
40210,189,1,virus
40650,194,0,virus
7128,24,1,virus
14055,16,0,virus
40833,135,1,virus
34867,16,1,virus
54571,220,1,virus
23013,224,1,virus
50293,155,1,virus
12948,72,0,virus
3620,6,1,virus
32742,18,0,virus
38672,180,1,virus
14004,16,0,virus
33662,18,0,virus
20486,5,0,virus
120,191,0,virus
54232,262,0,virus
30783,43,1,virus
34068,18,0,virus
31575,21,0,virus
8910,2,1,virus
54036,262,0,virus
1523,9,1,virus
22281,16,1,virus
38789,20,1,virus
22460,16,0,virus
22882,42,1,virus
34260,18,0,virus
35826,17,0,virus
48788,43,1,virus
13582,10,0,virus
43401,239,1,virus
12724,16,0,virus
3892,48,1,virus
30490,21,0,virus
34239,21,0,virus
48812,237,1,virus
7563,9,1,virus
29892,164,0,virus
18653,18,0,virus
33821,18,0,virus
7172,24,1,virus
151,15,1,virus
8758,16,0,virus
31562,21,0,virus
33431,21,0,virus
20082,16,0,virus
29432,43,0,virus
22911,54,1,virus
54051,262,0,virus
33826,18,0,virus
13004,168,0,virus
33108,21,0,virus
53997,262,0,virus
39682,20,1,virus
45636,64,1,virus
12651,16,0,virus
47615,43,0,virus
39324,41,0,virus
36280,24,1,virus
28418,2,0,virus
43326,6,1,virus
24506,23,1,virus
25883,141,0,virus
2015,56,0,virus
11867,2,0,virus
12022,2,1,virus
25054,100,1,virus
25113,34,1,virus
33202,43,0,virus
13121,2,1,virus
10322,16,0,virus
29135,18,0,virus
50003,155,1,virus
54080,262,0,virus
9175,24,1,virus
43054,6,0,virus
19694,5,0,virus
32461,21,0,virus
23321,54,0,virus
26142,43,0,virus
200,9,0,virus
4324,24,1,virus
25487,222,1,virus
6471,9,1,virus
28248,21,0,virus
14514,2,0,virus
34307,21,0,virus
23584,136,1,virus
40288,6,1,virus
2709,135,1,virus
12490,10,0,virus
4612,16,0,virus
12250,16,1,virus
13066,168,0,virus
54067,262,0,virus
32382,21,1,virus
5497,2,1,virus
2682,24,1,virus
33698,21,1,virus
30175,18,0,virus
37956,24,1,virus
22938,224,1,virus
18068,18,0,virus
746,9,1,virus
51446,262,1,virus
36632,24,1,virus
36455,189,1,virus
55027,20,0,virus
8956,6,1,virus
17067,18,0,virus
25930,206,0,virus
21787,14,0,virus
49992,155,1,virus
26282,24,1,virus
5505,6,1,virus
32375,18,0,virus
13000,222,1,virus
3153,24,1,virus
21042,222,0,virus
40122,188,1,virus
37532,54,1,virus
16942,222,1,virus
37527,13,1,virus
40939,59,0,virus
31578,21,0,virus
34974,16,1,virus
6940,24,1,virus
809,8,1,virus
2671,135,1,virus
18157,5,0,virus
28985,2,0,virus
14757,18,0,virus
47523,43,0,virus
3861,2,0,virus
38980,2,0,virus
23567,136,1,virus
38948,20,1,virus
41348,205,0,virus
18568,103,0,virus
30582,21,0,virus
39082,2,1,virus
30964,18,0,virus
23818,54,1,virus
29923,43,0,virus
349,21,0,virus
15034,102,0,virus
39973,262,1,virus
51885,262,1,virus
40391,6,0,virus
33306,18,0,virus
5087,191,1,virus
9232,135,1,virus
33811,21,0,virus
52345,159,1,virus
21929,168,1,virus
52258,262,1,virus
14084,220,1,virus
17240,106,0,virus
17698,0,0,virus
27726,43,0,virus
41038,91,1,virus
38006,24,1,virus
31230,21,0,virus
45890,64,1,virus
38858,20,1,virus
32284,43,0,virus
7711,24,1,virus
29443,43,1,virus
33555,21,0,virus
17085,0,0,virus
2052,5,0,virus
28870,18,0,virus
37842,24,1,virus
7116,24,1,virus
40331,189,1,virus
22636,5,0,virus
47835,59,1,virus
948,34,1,virus
30621,43,0,virus
24511,23,1,virus
29885,18,0,virus
26783,2,0,virus
34179,18,0,virus
1686,2,0,virus
34244,166,0,virus
54178,262,0,virus
5018,25,1,virus
6053,9,0,virus
37224,13,0,virus
54828,6,1,virus
33778,166,0,virus
186,145,0,virus
2263,222,1,virus
295,7,0,virus
15606,2,0,virus
8991,9,0,virus
39400,144,1,virus
19167,5,0,virus
48715,43,1,virus
20849,20,1,virus
11493,13,0,virus
21039,5,0,virus
15362,18,0,virus
12057,220,0,virus
35198,249,0,virus
19841,222,1,virus
7809,77,0,virus
12387,16,0,virus
6965,24,1,virus
2768,24,1,virus
42818,6,0,virus
14507,0,0,virus
51362,262,1,virus
1317,56,1,virus
12984,16,0,virus
18671,168,1,virus
17278,222,0,virus
13497,16,0,virus
1506,229,1,virus
27429,2,0,virus
36645,2,0,virus
54191,262,0,virus
4423,2,1,virus
37046,13,1,virus
20349,10,0,virus
37197,135,1,virus
778,54,1,virus
49957,155,1,virus
1833,56,1,virus
53615,43,0,virus
45713,64,1,virus
7508,189,1,virus
3155,24,1,virus
30263,21,0,virus
17639,105,0,virus
14033,16,0,virus
3812,189,1,virus
8527,9,1,virus
52189,262,1,virus
4897,45,0,virus
36825,24,1,virus
29806,21,0,virus
36490,24,1,virus
31565,21,0,virus
20712,2,0,virus
31903,21,0,virus
19028,168,0,virus
181,135,1,virus
2709,135,1,virus
33728,18,0,virus
49911,64,1,virus
44994,136,1,virus
6832,24,1,virus
13672,168,0,virus
35590,13,0,virus
32960,21,0,virus
50115,155,1,virus
37802,24,1,virus
6647,189,1,virus
15918,4,0,virus
1341,15,1,virus
12537,168,0,virus
17296,102,0,virus
36717,24,0,virus
32133,21,0,virus
3742,2,1,virus
20600,168,0,virus
31546,18,0,virus
33682,18,0,virus
8747,2,0,virus
47867,43,0,virus
12545,168,0,virus
18488,102,0,virus
38800,20,1,virus
44787,136,1,virus
32802,18,0,virus
44478,239,1,virus
19568,168,1,virus
949,8,1,virus
39704,20,1,virus
10258,16,0,virus
41324,59,0,virus
8535,24,1,virus
51505,262,1,virus
31031,24,1,virus
28154,43,0,virus
54371,91,0,virus
47706,43,0,virus
8537,9,1,virus
54508,16,0,virus
34030,18,0,virus
7193,22,0,virus
755,100,1,virus
29137,18,0,virus
11326,34,1,virus
5097,222,0,virus
50241,155,1,virus
21042,2,0,virus
52488,43,1,virus
23046,22,1,virus
33146,18,0,virus
52279,262,1,virus
19133,18,0,virus
32874,21,0,virus
25103,113,0,virus
2833,24,1,virus
40189,189,1,virus
7551,2,1,virus
34403,18,0,virus
18111,216,0,virus
2576,6,1,virus
2671,6,1,virus
15009,222,0,virus
21282,272,1,virus
30883,21,1,virus
26156,21,0,virus
12831,222,1,virus
18281,168,1,virus
1155,9,0,virus
2764,24,1,virus
53959,262,0,virus
30192,18,0,virus
17990,0,0,virus
42833,14,0,virus
40243,189,1,virus
45808,64,1,virus
4653,271,1,virus
29951,18,0,virus
5514,6,0,virus
41838,216,0,virus
51599,262,1,virus
6838,24,1,virus
44934,136,1,virus
616,1,1,virus
45775,64,1,virus
32677,18,0,virus
25305,20,1,virus
20008,168,0,virus
8489,73,1,virus
33691,18,0,virus
33786,18,0,virus
41406,6,0,virus
4123,6,0,virus
9487,24,1,virus
16521,168,0,virus
31896,18,0,virus
16293,14,0,virus
28247,21,0,virus
23225,54,1,virus
42905,225,1,virus
11098,2,0,virus
31229,18,0,virus
53765,262,0,virus
747,56,1,virus
3743,2,1,virus
27002,24,1,virus
45097,242,1,virus
24017,6,1,virus
22416,168,0,virus
22486,2,0,virus
48484,237,1,virus
37567,24,1,virus
21592,222,0,virus
12892,222,1,virus
6571,24,1,virus
10546,77,0,virus
2671,215,1,virus
29626,43,1,virus
39666,20,1,virus
32143,21,0,virus
39513,20,1,virus
30944,2,0,virus
48002,43,1,virus
54556,6,0,virus
49943,155,1,virus
7813,9,0,virus
19985,10,0,virus
37426,13,1,virus
28900,262,1,virus
7175,189,1,virus
30515,21,0,virus
1996,24,1,virus
24916,150,0,virus
50974,43,0,virus
31522,43,0,virus
2087,102,0,virus
2465,47,0,virus
33187,18,0,virus
1465,2,1,virus
26980,2,0,virus
20456,5,0,virus
38581,24,1,virus
45970,255,1,virus
15303,14,0,virus
44345,6,1,virus
38899,20,1,virus
30130,18,0,virus
14000,168,0,virus
29434,21,0,virus
16019,216,0,virus
6980,24,1,virus
11003,74,0,virus
23924,6,1,virus
46941,43,0,virus
38202,24,1,virus
19374,18,0,virus
12937,16,1,virus
14737,16,1,virus
46531,43,0,virus
30500,112,0,virus
15312,18,0,virus
37668,24,1,virus
12195,6,1,virus
29637,43,1,virus
34048,18,0,virus
897,8,1,virus
8739,2,0,virus
45724,64,1,virus
17225,220,1,virus
18405,18,0,virus
38466,24,1,virus
37430,22,1,virus
15144,16,1,virus
4543,48,1,virus
35326,43,1,virus
33482,21,0,virus
11742,41,0,virus
50009,155,1,virus
3458,54,1,virus
30222,21,0,virus
23608,136,1,virus
7623,189,1,virus
40168,189,0,virus
13823,56,1,virus
40344,189,1,virus
9241,9,0,virus
8177,56,0,virus
38095,24,1,virus
22937,224,1,virus
12045,2,1,virus
15199,103,0,virus
21365,16,1,virus
33480,21,0,virus
42492,107,0,virus
46794,43,0,virus
11918,16,0,virus
13182,168,0,virus
39545,20,1,virus
3806,47,0,virus
38203,135,1,virus
33093,21,0,virus
11558,2,0,virus
24466,222,0,virus
30314,18,0,virus
36272,24,1,virus
1448,2,1,virus
25456,222,1,virus
16975,16,1,virus
31592,21,0,virus
52385,159,1,virus
3523,9,0,virus
35250,43,1,virus
11649,16,1,virus
20465,95,0,virus
3070,49,0,virus
32596,21,1,virus
47086,43,0,virus
49666,6,1,virus
28709,22,1,virus
7864,195,1,virus
34588,18,0,virus
33109,18,0,virus
48261,59,0,virus
30438,21,0,virus
26724,2,1,virus
28840,43,1,virus
33772,18,0,virus
22546,5,0,virus
27157,2,1,virus
37840,189,1,virus
32349,43,0,virus
11566,6,1,virus
26223,31,1,virus
12341,222,0,virus
19014,16,0,virus
47178,43,0,virus
34760,42,1,virus
6818,189,1,virus
6003,18,0,virus
11242,10,1,virus
46865,43,0,virus
2531,3,1,virus
4829,49,1,virus
17449,102,0,virus
21126,9,0,virus
52068,262,1,virus
52968,262,0,virus
39373,20,0,virus
30902,18,0,virus
36847,135,1,virus
15360,2,0,virus
10483,16,0,virus
41319,100,0,virus
15124,103,0,virus
5844,16,0,virus
54727,2,1,virus
55082,222,1,virus
26025,6,0,virus
6467,56,0,virus
5161,189,1,virus
33077,18,0,virus
13022,16,0,virus
942,8,1,virus
40955,189,1,virus
4139,6,0,virus
13277,16,1,virus
9391,16,0,virus
38245,135,1,virus
52110,262,1,virus
32449,21,0,virus
22176,10,0,virus
54759,6,0,virus
5376,49,0,virus
40803,135,1,virus
1591,28,0,virus
23052,224,1,virus
22992,22,1,virus
4466,2,0,virus
36231,13,0,virus
51156,43,0,virus
21104,2,0,virus
378,2,0,virus
26017,2,1,virus
38206,135,1,virus
37282,24,1,virus
29848,21,0,virus
16508,168,0,virus
33115,43,1,virus
38948,135,1,virus
27760,102,0,virus
15946,114,0,virus
44773,136,1,virus
758,100,1,virus
52134,262,1,virus
33087,21,0,virus
2671,135,1,virus
40197,189,1,virus
13526,168,0,virus
23053,224,1,virus
17852,2,1,virus
38557,24,1,virus
28973,24,0,virus
5207,67,1,virus
32497,21,0,virus
8282,59,0,virus
10288,56,0,virus
4125,2,1,virus
49095,261,1,virus
30209,21,0,virus
23828,136,1,virus
3612,34,0,virus
30157,21,0,virus
43132,237,1,virus
30490,18,0,virus
24424,2,0,virus
27638,60,0,virus
2221,0,0,virus
16390,10,0,virus
28694,18,0,virus
11938,16,0,virus
34441,43,0,virus
45701,191,1,virus
2725,24,1,virus
16729,105,0,virus
25031,22,1,virus
32609,2,1,virus
44665,239,1,virus
13892,16,0,virus
39448,20,1,virus
45798,64,1,virus
30566,166,0,virus
14093,59,0,virus
39604,24,1,virus
47223,43,0,virus
29907,43,1,virus
34268,21,0,virus
22128,16,0,virus
11521,20,0,virus
44214,241,1,virus
31445,43,0,virus
20205,277,1,virus
48230,59,0,virus
12521,59,0,virus
892,8,1,virus
47446,43,0,virus
37442,13,1,virus
8180,16,0,virus
21545,2,0,virus
54277,43,1,virus
30564,18,0,virus
12550,80,0,virus
2433,222,0,virus
46005,256,1,virus
14900,103,0,virus
36703,43,0,virus
10040,2,0,virus
44240,240,1,virus
50924,43,0,virus
5925,16,0,virus
39899,20,0,virus
39243,43,1,virus
21873,2,0,virus
27928,2,1,virus
38954,135,1,virus
33276,59,0,virus
21121,9,0,virus
37554,13,1,virus
48644,43,1,virus
15557,106,0,virus
32592,21,1,virus
34327,18,0,virus
27482,2,1,virus
17765,0,0,virus
52550,262,1,virus
26296,43,0,virus
8354,24,1,virus
8922,16,0,virus
25258,113,0,virus
37145,189,1,virus
16520,16,0,virus
18301,0,0,virus
41185,6,1,virus
29423,43,0,virus
33542,164,0,virus
39040,2,1,virus
7812,56,0,virus
20409,5,0,virus
15381,103,0,virus
36910,2,1,virus
9090,24,1,virus
29624,43,1,virus
33915,18,0,virus
15933,5,0,virus
45847,191,1,virus
32350,43,0,virus
20113,10,0,virus
999,42,1,virus
1233,5,0,virus
31256,21,0,virus
22523,59,0,virus
16157,103,0,virus
6166,25,1,virus
30706,43,1,virus
3086,2,1,virus
5901,25,1,virus
24885,118,1,virus
5562,2,0,virus
11781,168,0,virus
30539,43,1,virus
9294,2,0,virus
30576,21,0,virus
31904,18,0,virus
45985,255,1,virus
17797,106,0,virus
12640,74,0,virus
9663,46,0,virus
37457,54,0,virus
11421,56,1,virus
52389,250,1,virus
21511,2,1,virus
37636,18,0,virus
4184,9,0,virus
3074,48,1,virus
28586,18,0,virus
33119,18,0,virus
33649,18,0,virus
47098,43,0,virus
28065,21,0,virus
6939,189,1,virus
30019,21,0,virus
1313,15,1,virus
410,56,1,virus
42061,216,0,virus
27831,2,0,virus
37618,24,1,virus
6981,189,1,virus
15071,103,0,virus
26170,16,1,virus
4096,2,0,virus
6174,25,1,virus
15605,168,0,virus
12199,168,1,virus
48739,43,1,virus
16210,102,0,virus
13528,16,0,virus
28064,21,0,virus
39087,20,1,virus
14428,43,0,virus
23836,54,1,virus
31899,43,1,virus
23899,54,1,virus
34639,21,0,virus
48573,250,1,virus
32730,21,0,virus
6694,16,0,virus
18300,0,0,virus
39805,23,1,virus
12999,220,1,virus
24901,4,0,virus
2322,4,0,virus
36038,24,1,virus
36803,135,1,virus
9637,24,1,virus
34477,18,0,virus
4659,65,0,virus
34029,18,0,virus
40121,188,1,virus
47912,43,1,virus
3143,24,1,virus
45721,64,1,virus
34066,21,0,virus
32671,18,0,virus
45456,43,1,virus
44164,34,1,virus
15766,18,0,virus
46758,43,0,virus
16042,18,0,virus
13822,9,1,virus
36745,24,1,virus
33904,43,0,virus
8611,9,1,virus
10295,56,0,virus
35190,245,0,virus
1505,222,1,virus
36634,189,1,virus
51557,262,1,virus
27317,24,1,virus
18228,0,0,virus
13742,16,0,virus
46194,59,0,virus
43372,239,1,virus
3671,48,1,virus
21236,5,0,virus
34564,18,0,virus
2822,24,1,virus
22414,168,1,virus
6861,24,0,virus
28765,18,0,virus
30613,18,0,virus
17367,18,0,virus
8823,77,0,virus
21043,2,0,virus
11813,66,1,virus
27133,2,0,virus
45229,253,0,virus
21445,222,0,virus
23683,54,1,virus
52363,59,1,virus
10415,16,0,virus
228,23,1,virus
26158,222,0,virus
8882,16,0,virus
238,54,1,virus
799,9,1,virus
19199,18,0,virus
6961,24,1,virus
9215,76,0,virus
1041,34,1,virus
34887,16,1,virus
45632,64,1,virus
48485,237,1,virus
23623,136,1,virus
52323,232,1,virus
760,54,1,virus
44091,34,1,virus
21130,56,0,virus
32157,18,0,virus
45871,191,1,virus
5045,6,1,virus
17269,14,1,virus
35258,43,1,virus
48648,250,1,virus
3719,191,1,virus
22529,5,0,virus
13277,168,1,virus
18799,0,0,virus
21460,222,1,virus
19184,103,0,virus
33736,165,0,virus
36535,24,0,virus
37882,183,1,virus
42900,13,0,virus
13575,95,0,virus
48013,43,1,virus
25031,100,1,virus
23039,224,1,virus
38605,189,1,virus
37528,13,1,virus
1143,8,1,virus
50819,43,0,virus
10620,22,0,virus
34547,18,0,virus
45729,191,1,virus
4448,24,1,virus
9603,2,0,virus
13056,95,0,virus
37610,24,1,virus
32368,21,0,virus
22926,23,1,virus
32055,43,0,virus
39061,2,1,virus
3520,45,0,virus
23823,136,1,virus
45770,191,1,virus
14703,0,0,virus
9208,24,1,virus
33536,18,0,virus
15750,103,0,virus
18681,16,0,virus
33086,21,0,virus
39097,20,1,virus
12294,2,1,virus
27137,24,1,virus
17868,18,0,virus
13641,168,0,virus
25562,2,1,virus
24855,144,1,virus
38282,24,1,virus
52133,262,1,virus
27977,31,1,virus
49712,43,1,virus
29765,21,0,virus
26,2,1,virus
33651,18,0,virus
35486,43,1,virus
754,56,1,virus
24237,135,0,virus
49157,261,1,virus
34295,18,0,virus
32370,18,0,virus
37811,13,1,virus
7511,24,1,virus
504,25,1,virus
17727,2,0,virus
36807,135,1,virus
23048,224,1,virus
23027,224,1,virus
24794,4,0,virus
30274,18,0,virus
49332,266,0,virus
4602,16,0,virus
33156,21,0,virus
16772,14,0,virus
3896,48,1,virus
29869,21,0,virus
47221,43,0,virus
9282,24,1,virus
22553,222,0,virus
32928,18,0,virus
1062,8,1,virus
10899,56,1,virus
1748,5,0,virus
16515,168,0,virus
18515,14,0,virus
30163,18,0,virus
2573,34,1,virus
947,34,1,virus
38862,20,1,virus
31597,167,0,virus
25036,54,1,virus
44631,239,1,virus
36099,24,1,virus
16401,103,0,virus
17989,0,0,virus
43515,162,1,virus
12255,168,1,virus
6365,189,0,virus
4115,2,1,virus
13920,2,0,virus
45176,43,0,virus
48580,260,1,virus
12749,59,0,virus
34174,21,0,virus
38673,180,1,virus
54397,16,0,virus
14789,114,0,virus
17739,168,0,virus
26435,102,0,virus
28853,24,1,virus
14786,64,0,virus
28058,21,0,virus
43148,237,1,virus
34297,43,0,virus
30294,18,0,virus
8113,2,1,virus
45918,191,1,virus
22722,126,0,virus
37720,189,1,virus
45817,191,1,virus
13916,2,0,virus
3665,48,1,virus
45072,136,1,virus
52366,250,1,virus
15065,102,0,virus
18675,16,0,virus
50793,43,1,virus
3427,22,0,virus
18852,18,0,virus
6389,168,0,virus
37799,24,1,virus
7165,9,1,virus
28693,166,0,virus
12024,2,1,virus
11640,16,0,virus
31859,21,0,virus
5442,62,1,virus
30238,18,0,virus
32269,18,0,virus
47534,43,0,virus
39933,43,1,virus
13200,16,0,virus
17856,41,0,virus
47444,43,0,virus
22265,5,0,virus
30840,164,0,virus
13439,16,0,virus
16764,103,0,virus
1424,2,0,virus
12795,6,0,virus
34314,43,0,virus
41310,54,1,virus
52177,262,1,virus
13304,16,0,virus
51218,43,1,virus
17914,114,0,virus
41582,6,0,virus
11513,16,1,virus
20944,16,1,virus
15049,18,0,virus
51909,262,1,virus
45574,43,1,virus
3614,189,1,virus
15869,18,0,virus
13652,10,0,virus
51218,250,1,virus
24099,168,0,virus
35909,135,1,virus
12723,59,0,virus
30276,21,0,virus
24049,20,1,virus
4102,2,1,virus
40642,194,0,virus
8344,4,1,virus
35134,16,1,virus
13536,222,0,virus
17173,2,0,virus
39341,20,0,virus
4712,6,0,virus
18706,106,0,virus
19656,0,0,virus
5514,222,0,virus
31632,18,0,virus
12941,2,1,virus
5404,2,0,virus
39952,43,1,virus
5991,17,0,virus
45102,242,1,virus
15017,106,0,virus
38817,20,1,virus
33712,166,0,virus
28993,18,0,virus
18461,14,0,virus
49928,64,1,virus
45010,189,1,virus
19001,168,0,virus
33057,166,0,virus
51960,262,1,virus
42793,189,1,virus
32642,21,0,virus
12683,168,1,virus
48556,237,1,virus
17954,14,0,virus
36759,24,1,virus
16209,102,0,virus
40007,187,0,virus
46564,250,1,virus
34660,21,0,virus
55185,8,1,virus
38276,24,1,virus
15692,103,0,virus
7464,76,0,virus
2027,56,0,virus
25047,100,1,virus
16130,17,0,virus
52372,250,1,virus
34115,18,0,virus
50748,43,0,virus
2355,9,1,virus
11474,24,1,virus
16829,14,0,virus
16397,0,0,virus
26234,24,1,virus
26877,102,0,virus
9340,24,1,virus
26235,24,1,virus
13276,168,1,virus
25427,4,0,virus
35711,222,0,virus
4320,47,0,virus
32633,18,0,virus
44319,6,1,virus
43013,137,1,virus
19152,112,0,virus
824,9,1,virus
21140,123,0,virus
4393,47,0,virus
19681,5,0,virus
21130,9,0,virus
38683,22,1,virus
11770,168,0,virus
23634,136,1,virus
35435,43,1,virus
4791,49,1,virus
20478,5,0,virus
21001,222,1,virus
43398,239,1,virus
14513,111,0,virus
9518,24,1,virus
39480,188,1,virus
495,25,1,virus
7922,24,1,virus
18260,106,0,virus
47864,43,0,virus
8723,13,1,virus
8812,24,1,virus
39468,54,1,virus
30562,164,0,virus
20975,130,1,virus
29578,43,0,virus
17416,114,0,virus
36660,135,1,virus
35722,13,0,virus
33138,21,0,virus
43660,162,1,virus
49091,261,1,virus
54508,168,0,virus
25746,2,0,virus
44764,136,1,virus
33785,21,0,virus
19374,0,0,virus
54172,262,0,virus
13438,91,0,virus
45227,59,1,virus
9473,16,0,virus
48176,43,0,virus
25714,2,1,virus
40401,6,0,virus
25970,222,0,virus
45722,191,1,virus
7431,2,0,virus
10449,278,0,virus
31555,164,0,virus
32585,164,0,virus
27787,17,0,virus
3676,2,1,virus
21074,168,1,virus
860,9,1,virus
2627,272,1,virus
30081,164,0,virus
51773,262,1,virus
4476,2,1,virus
8637,24,0,virus
25009,153,0,virus
31115,18,0,virus
10921,9,1,virus
46946,43,0,virus
37401,24,1,virus
45287,251,1,virus
37981,24,0,virus
52389,59,1,virus
4683,54,1,virus
39480,20,1,virus
33852,164,0,virus
29783,6,1,virus
52232,262,1,virus
35109,16,1,virus
607,34,1,virus
52320,159,1,virus
23326,16,0,virus
20590,2,0,virus
30847,21,0,virus
23760,54,1,virus
31604,21,0,virus
12971,220,1,virus
21382,16,1,virus
37863,24,1,virus
27758,102,0,virus
6191,49,1,virus
13714,16,0,virus
30269,21,0,virus
45629,191,1,virus
12571,91,0,virus
14645,114,0,virus
38696,20,1,virus
4617,24,1,virus
22760,59,0,virus
37963,24,1,virus
37467,13,1,virus
14888,18,0,virus
19620,217,1,virus
29783,6,1,virus
39336,22,1,virus
242,22,1,virus
27614,2,1,virus
9438,189,1,virus
24808,126,0,virus
12809,59,0,virus
31276,43,1,virus
43982,237,1,virus
3747,2,1,virus
1336,15,1,virus
24527,16,0,virus
54850,6,1,virus
966,8,1,virus
27301,2,0,virus
33695,18,0,virus
36627,24,1,virus
9307,16,0,virus
38722,20,1,virus
892,34,1,virus
12935,16,1,virus
12649,16,0,virus
34685,18,0,virus
9176,16,0,virus
37657,222,1,virus
39046,220,1,virus
12120,16,1,virus
7951,9,1,virus
49267,43,1,virus
27057,2,1,virus
35669,43,1,virus
15947,0,0,virus
45147,232,1,virus
38652,272,1,virus
20943,16,1,virus
37846,24,1,virus
3744,2,1,virus
5146,24,1,virus
36691,24,1,virus
20465,18,0,virus
11426,56,1,virus
36679,16,0,virus
33678,164,0,virus
53653,43,0,virus
46763,43,0,virus
12192,16,1,virus
25374,113,0,virus
31667,43,0,virus
34364,43,0,virus
13449,222,1,virus
33560,21,0,virus
31459,18,0,virus
36547,24,1,virus
47998,43,1,virus
10169,189,1,virus
18040,105,0,virus
30560,18,0,virus
11508,168,0,virus
29448,43,1,virus
2671,135,1,virus
25429,16,0,virus
11656,168,1,virus
35891,24,1,virus
13897,126,0,virus
34044,18,0,virus
41392,6,0,virus
24013,6,1,virus
25994,6,0,virus
17277,222,0,virus
23620,54,1,virus
14193,10,0,virus
32816,18,0,virus
39039,2,1,virus
45265,251,1,virus
31684,18,0,virus
950,8,1,virus
20349,126,0,virus
18633,168,0,virus
25013,34,1,virus
32707,18,0,virus
20119,95,0,virus
12203,6,1,virus
53964,262,0,virus
53815,262,0,virus
22981,23,1,virus
33054,18,0,virus
9121,2,1,virus
30971,25,0,virus
32543,21,0,virus
12580,16,0,virus
7082,2,0,virus
21627,14,0,virus
2452,8,1,virus
32628,21,0,virus
821,8,1,virus
38037,20,1,virus
7665,2,0,virus
23037,22,1,virus
29951,21,0,virus
55138,126,0,virus
23329,168,0,virus
23046,23,1,virus
18430,0,0,virus
43094,34,0,virus
22961,54,1,virus
43612,162,1,virus
25033,22,1,virus
22915,22,1,virus
17005,104,0,virus
1435,2,0,virus
15601,16,0,virus
29836,21,0,virus
52201,262,1,virus
30102,21,0,virus
17658,2,0,virus
24270,2,0,virus
12189,16,1,virus
12735,10,0,virus
11493,22,0,virus
11604,20,0,virus
8190,16,0,virus
35773,13,0,virus
501,25,1,virus
30131,21,0,virus
18246,106,0,virus
12220,6,1,virus
52362,59,1,virus
39151,222,0,virus
40124,188,1,virus
43122,237,1,virus
33814,21,0,virus
42790,188,1,virus
32416,166,0,virus
3463,16,0,virus
42246,216,0,virus
29783,6,1,virus
1045,34,1,virus
41806,216,0,virus
25161,168,0,virus
34948,16,1,virus
4322,189,1,virus
37663,24,1,virus
20776,222,0,virus
42420,216,0,virus
39661,20,1,virus
34357,43,1,virus
9232,6,1,virus
8315,2,1,virus
33300,18,0,virus
51668,262,1,virus
27481,2,1,virus
17222,2,1,virus
43501,162,1,virus
34565,21,0,virus
19075,10,0,virus
415,2,0,virus
13702,168,0,virus
38024,24,1,virus
2671,6,1,virus
45654,191,1,virus
40053,135,1,virus
1721,2,0,virus
32675,18,0,virus
13238,16,0,virus
33517,18,0,virus
3747,191,1,virus
36689,6,1,virus
44768,136,1,virus
36798,24,1,virus
39631,24,1,virus
49169,261,1,virus
47527,43,0,virus
35836,135,1,virus
36760,189,1,virus
48536,237,1,virus
54213,262,0,virus
15242,0,0,virus
39702,20,1,virus
23705,54,1,virus
29667,43,0,virus
4451,24,1,virus
21572,222,1,virus
4719,42,0,virus
5281,47,1,virus
51749,262,1,virus
4163,2,0,virus
26644,91,0,virus
10493,9,0,virus
43513,162,1,virus
52369,250,1,virus
48202,43,0,virus
17379,14,0,virus
30820,18,0,virus
10053,2,1,virus
4524,48,1,virus
23729,136,1,virus
55026,20,0,virus
19234,18,0,virus
15980,18,0,virus
20378,118,1,virus
8393,222,1,virus
42709,204,1,virus
12268,168,0,virus
40713,195,1,virus
5578,222,0,virus
1104,34,0,virus
10511,16,0,virus
6289,2,0,virus
21375,168,1,virus
10926,4,0,virus
7070,189,1,virus
33175,164,0,virus
11654,16,1,virus
30495,21,0,virus
35864,24,0,virus
8434,2,0,virus
7295,47,1,virus
14047,16,0,virus
7031,9,0,virus
34296,43,0,virus
26269,6,1,virus
8485,28,1,virus
11932,16,1,virus
32252,21,0,virus
3294,43,1,virus
22062,16,1,virus
37191,183,1,virus
33561,18,0,virus
32338,21,0,virus
54306,43,1,virus
36114,24,1,virus
6290,28,0,virus
9919,2,0,virus
22988,224,1,virus
29785,2,1,virus
30767,21,0,virus
4787,49,1,virus
16327,220,1,virus
32815,18,0,virus
25384,23,1,virus
29514,164,0,virus
19862,19,0,virus
13767,168,0,virus
3645,42,1,virus
40911,135,1,virus
7173,189,1,virus
7383,2,0,virus
45838,64,1,virus
25024,23,1,virus
27234,43,1,virus
37483,54,1,virus
29742,60,0,virus
33141,21,0,virus
23710,54,1,virus
8635,278,0,virus
41022,6,1,virus
36976,24,1,virus
30822,18,0,virus
11138,20,0,virus
34728,43,0,virus
49988,155,1,virus
39363,20,0,virus
31598,21,0,virus
16085,168,1,virus
6589,3,0,virus
49274,43,1,virus
19852,2,0,virus
18950,18,0,virus
54238,262,0,virus
41277,100,1,virus
1132,0,0,virus
37476,13,1,virus
715,16,1,virus
40119,188,1,virus
52352,159,1,virus
1460,2,1,virus
29480,43,0,virus
16385,5,0,virus
51604,262,1,virus
1234,19,0,virus
29870,21,0,virus
13954,168,0,virus
35687,2,0,virus
22097,95,0,virus
31888,18,0,virus
23097,55,0,virus
5134,189,1,virus
45944,255,1,virus
24502,23,1,virus
18999,16,0,virus
1362,54,1,virus
19201,112,0,virus
28686,18,0,virus
47285,43,0,virus
28461,21,0,virus
6568,24,1,virus
34102,18,0,virus
13020,16,0,virus
45109,136,1,virus
42794,188,1,virus
38808,20,1,virus
4314,25,1,virus
16004,18,0,virus
33655,18,0,virus
5765,54,1,virus
14923,103,0,virus
22397,222,0,virus
1871,27,0,virus
24098,16,0,virus
23024,23,1,virus
32964,21,0,virus
27248,43,1,virus
16151,126,0,virus
53763,262,0,virus
31658,18,0,virus
28682,18,0,virus
708,222,1,virus
25334,222,0,virus
3481,18,0,virus
39610,20,1,virus
8952,16,0,virus
14551,88,1,virus
10567,2,0,virus
10289,56,0,virus
38344,24,1,virus
32129,18,0,virus
15386,102,0,virus
2964,6,1,virus
45066,242,1,virus
45585,64,1,virus
39186,22,1,virus
25842,168,0,virus
39527,20,1,virus
36331,189,1,virus
7177,24,1,virus
54220,262,0,virus
27664,262,0,virus
45973,255,1,virus
33092,21,0,virus
1617,15,1,virus
12718,220,1,virus
18721,168,0,virus
23560,136,1,virus
25033,100,1,virus
38600,189,1,virus
22723,5,0,virus
52321,232,1,virus
48782,43,1,virus
23822,34,1,virus
47323,43,0,virus
28021,2,0,virus
49241,191,1,virus
45064,136,1,virus
18411,103,0,virus
8840,16,0,virus
606,54,1,virus
1366,22,1,virus
45906,64,1,virus
30249,21,0,virus
31527,43,0,virus
40977,135,1,virus
18400,18,0,virus
13740,16,0,virus
10927,16,0,virus
45885,64,1,virus
25669,9,1,virus
1135,2,1,virus
1139,34,1,virus
33086,18,0,virus
1428,2,0,virus
17266,105,0,virus
23026,54,1,virus
26007,6,0,virus
15436,18,0,virus
30403,18,0,virus
36985,23,0,virus
2995,43,1,virus
13460,168,0,virus
18189,222,1,virus
97,0,0,virus
1071,8,1,virus
1491,2,1,virus
29756,60,0,virus
36995,22,1,virus
17337,222,1,virus
14535,112,0,virus
55151,126,0,virus
34925,16,1,virus
16327,2,1,virus
15434,0,0,virus
31595,21,0,virus
9418,16,0,virus
24125,54,1,virus
22907,224,1,virus
34675,164,0,virus
22190,2,0,virus
8467,73,1,virus
36452,189,1,virus
42356,216,0,virus
45106,242,1,virus
35723,22,0,virus
11124,2,0,virus
47687,43,0,virus
8895,56,1,virus
37768,24,1,virus
29635,43,1,virus
45716,64,1,virus
54142,262,0,virus
45649,64,1,virus
36325,24,1,virus
37068,23,0,virus
1204,22,1,virus
24985,2,1,virus
13208,168,1,virus
2832,24,1,virus
3794,191,1,virus
28644,2,1,virus
39931,43,1,virus
26861,16,0,virus
39555,20,1,virus
12940,2,1,virus
24691,20,0,virus
45000,136,1,virus
37015,189,1,virus
4385,24,1,virus
24796,144,0,virus
52376,43,1,virus
21291,168,0,virus
52732,262,1,virus
33594,21,0,virus
7595,24,1,virus
13434,16,0,virus
17447,106,0,virus
14167,2,0,virus
6981,24,1,virus
38028,24,1,virus
35782,2,0,virus
30707,43,1,virus
41121,54,1,virus
32282,21,0,virus
1724,54,1,virus
30701,43,1,virus
1180,126,0,virus
29479,43,1,virus
38813,20,1,virus
1206,22,1,virus
33701,164,0,virus
13739,220,1,virus
10581,83,0,virus
18092,103,0,virus
17079,4,0,virus
34719,18,0,virus
35452,2,1,virus
22989,23,1,virus
42803,223,0,virus
10833,2,0,virus
15951,5,0,virus
13770,168,0,virus
15110,18,0,virus
26050,21,0,virus
25167,126,0,virus
33658,18,0,virus
7235,16,0,virus
39301,6,1,virus
38501,24,1,virus
35613,43,1,virus
45548,43,1,virus
39989,262,1,virus
32871,18,0,virus
37720,24,1,virus
34413,18,0,virus
23377,54,0,virus
251,6,1,virus
51784,262,1,virus
27400,145,0,virus
19120,18,0,virus
44992,136,1,virus
39055,222,1,virus
21405,168,0,virus
709,232,0,virus
14476,14,0,virus
16507,16,0,virus
51407,262,1,virus
5242,2,0,virus
13706,168,0,virus
25976,6,0,virus
39401,144,1,virus
47629,43,0,virus
48787,43,1,virus
2964,135,1,virus
2671,6,1,virus
4319,47,0,virus
35910,135,1,virus
5268,31,1,virus
8080,191,1,virus
24539,126,1,virus
36562,24,1,virus
37016,189,1,virus
6708,24,1,virus
44324,6,1,virus
11966,10,1,virus
25625,17,1,virus
9505,6,0,virus
31279,135,1,virus
17267,18,0,virus
6733,189,1,virus
13640,2,0,virus
23062,224,1,virus
13267,168,1,virus
4547,48,1,virus
39196,23,1,virus
34573,21,0,virus
17217,220,1,virus
33975,21,0,virus
33465,18,0,virus
45908,191,1,virus
14831,102,0,virus
21344,168,0,virus
21691,16,0,virus
48589,43,1,virus
13508,168,0,virus
51545,262,1,virus
22962,224,1,virus
13377,91,1,virus
12341,2,0,virus
11587,16,0,virus
38105,135,1,virus
1770,5,0,virus
52544,262,1,virus
13810,9,0,virus
31090,25,0,virus
35893,24,1,virus
21917,5,0,virus
31910,21,0,virus
32938,18,0,virus
13514,16,0,virus
2931,24,1,virus
26697,168,1,virus
37014,24,1,virus
41106,54,1,virus
15261,0,0,virus
1401,0,0,virus
10861,9,0,virus
17446,18,0,virus
3775,2,1,virus
25242,6,0,virus
32956,18,0,virus
18927,102,0,virus
13771,168,0,virus
14844,2,1,virus
18622,107,0,virus
17177,216,0,virus
34865,16,1,virus
32577,18,0,virus
29605,18,0,virus
2810,6,1,virus
32061,18,0,virus
43000,6,0,virus
6461,22,1,virus
20012,14,0,virus
47676,43,0,virus
19426,16,1,virus
39375,188,1,virus
44362,6,1,virus
15702,105,0,virus
35192,247,0,virus
53051,262,0,virus
18985,2,0,virus
39407,23,1,virus
30416,21,0,virus
21386,128,0,virus
51055,43,1,virus
40010,187,0,virus
17685,64,0,virus
34264,18,0,virus
28589,21,0,virus
30863,21,0,virus
21577,2,1,virus
14683,20,0,virus
24525,168,0,virus
52560,262,1,virus
8380,22,0,virus
34266,21,0,virus
47027,43,0,virus
44404,6,1,virus
17294,14,0,virus
38358,24,1,virus
47587,43,0,virus
1338,15,1,virus
12029,222,1,virus
29680,18,0,virus
35219,146,0,virus
4612,103,0,virus
37535,23,1,virus
39102,2,1,virus
21278,23,1,virus
12670,168,0,virus
54854,6,1,virus
9359,24,1,virus
25243,161,0,virus
38052,183,1,virus
38336,135,1,virus
31900,43,1,virus
16484,16,0,virus
21765,56,0,virus
31155,4,0,virus
19634,18,0,virus
3764,2,0,virus
28485,4,0,virus
24839,10,0,virus
18928,102,0,virus
26027,2,1,virus
33396,18,0,virus
53963,262,0,virus
3953,24,1,virus
37990,24,1,virus
1511,2,1,virus
4832,54,1,virus
35551,13,0,virus
55137,126,0,virus
34039,18,0,virus
5518,222,0,virus
13265,168,0,virus
37225,54,0,virus
34166,43,1,virus
23900,136,1,virus
1798,5,0,virus
23017,22,1,virus
21057,16,0,virus
815,8,1,virus
18558,107,0,virus
50695,43,0,virus
38744,20,1,virus
43355,239,1,virus
16992,14,0,virus
17729,222,1,virus
1262,2,0,virus
25778,154,0,virus
53285,43,0,virus
25446,222,1,virus
7519,9,0,virus
9238,2,1,virus
9317,24,1,virus
13198,41,0,virus
29944,21,0,virus
33752,164,0,virus
30741,21,0,virus
33630,43,0,virus
24805,10,0,virus
50173,155,1,virus
40265,6,1,virus
36680,24,1,virus
1823,5,0,virus
37472,54,1,virus
8178,59,0,virus
22096,95,0,virus
35200,250,0,virus
21611,2,0,virus
45726,64,1,virus
45264,251,1,virus
34052,18,0,virus
38034,20,1,virus
9838,9,0,virus
30882,21,0,virus
33579,21,0,virus
20610,16,0,virus
25033,23,1,virus
8437,2,0,virus
42993,43,1,virus
45824,191,1,virus
827,8,1,virus
17816,106,0,virus
49671,6,1,virus
18017,17,0,virus
3456,3,1,virus
19933,13,0,virus
22906,23,1,virus
52783,262,1,virus
21089,5,0,virus
34306,43,0,virus
37947,24,1,virus
18399,18,0,virus
29168,18,0,virus
3510,3,0,virus
14455,126,0,virus
29472,43,1,virus
47718,43,0,virus
9587,16,0,virus
15347,5,0,virus
19320,103,0,virus
4384,24,1,virus
20796,10,0,virus
22267,5,0,virus
33598,21,0,virus
19274,0,0,virus
21203,2,1,virus
26195,91,0,virus
16627,168,0,virus
34156,43,1,virus
30331,18,0,virus
35292,43,1,virus
37827,189,1,virus
51584,262,1,virus
37187,24,1,virus
1276,9,0,virus
4404,8,1,virus
26029,2,1,virus
39926,43,1,virus
38091,24,1,virus
24182,222,1,virus
25104,113,0,virus
3427,23,0,virus
34960,16,1,virus
35219,245,0,virus
35970,24,1,virus
28693,167,0,virus
30533,21,0,virus
39470,34,1,virus
48505,237,1,virus
30297,21,0,virus
22232,2,0,virus
12232,6,1,virus
37246,189,1,virus
5751,54,1,virus
32937,21,0,virus
14920,103,0,virus
44159,239,1,virus
29221,43,0,virus
26868,2,0,virus
39976,43,1,virus
14134,126,0,virus
22040,222,0,virus
881,25,1,virus
33546,21,0,virus
32554,18,0,virus
35199,246,0,virus
13372,91,1,virus
1364,54,1,virus
32947,21,0,virus
25442,222,1,virus
4002,13,0,virus
8136,191,1,virus
45905,64,1,virus
13765,18,0,virus
14338,18,0,virus
33560,18,0,virus
3360,6,1,virus
29717,144,0,virus
33557,21,0,virus
32686,18,0,virus
47814,59,0,virus
48554,237,1,virus
10829,6,0,virus
32056,43,0,virus
998,34,1,virus
32466,21,0,virus
11925,16,0,virus
39048,222,1,virus
49206,261,1,virus
21550,2,0,virus
37666,24,1,virus
28111,2,0,virus
11847,16,1,virus
49623,6,1,virus
17417,103,0,virus
22656,16,0,virus
1141,8,1,virus
19989,59,0,virus
3742,191,1,virus
23821,34,1,virus
51802,262,1,virus
28994,21,0,virus
39658,20,1,virus
35685,222,0,virus
31574,18,0,virus
33053,18,0,virus
19762,14,0,virus
2904,2,1,virus
20093,16,0,virus
2473,49,1,virus
30021,21,0,virus
20734,168,1,virus
28564,18,0,virus
27795,102,0,virus
44146,34,1,virus
18941,102,0,virus
51739,262,1,virus
50335,43,1,virus
14323,18,0,virus
13232,56,1,virus
35490,43,1,virus
8378,13,1,virus
25968,2,0,virus
16201,102,0,virus
28781,59,0,virus
39652,24,1,virus
49055,261,0,virus
14443,10,0,virus
33602,18,0,virus
52387,43,1,virus
23065,224,1,virus
43255,6,1,virus
12621,168,0,virus
12679,16,1,virus
37200,24,1,virus
5887,16,0,virus
45045,136,1,virus
32294,18,0,virus
30726,43,0,virus
29515,18,0,virus
12999,2,1,virus
23778,54,1,virus
16763,0,0,virus
32992,18,0,virus
23171,54,0,virus
761,136,1,virus
22864,42,1,virus
762,56,1,virus
30612,18,0,virus
8355,13,0,virus
22972,23,1,virus
24801,10,0,virus
10376,42,0,virus
46004,256,1,virus
4521,24,1,virus
39372,20,0,virus
47884,159,0,virus
49628,6,1,virus
48814,237,1,virus
22942,54,1,virus
19191,103,0,virus
25329,9,1,virus
34717,21,0,virus
48816,237,1,virus
26274,24,1,virus
22174,16,0,virus
38208,135,1,virus
34195,43,0,virus
20234,20,0,virus
54915,2,1,virus
54659,4,1,virus
46149,255,1,virus
23279,10,1,virus
37362,24,1,virus
4649,16,0,virus
13295,16,0,virus
39185,22,1,virus
40004,187,0,virus
42861,189,1,virus
2927,54,1,virus
28894,23,1,virus
32926,21,0,virus
35550,13,0,virus
31836,16,1,virus
10240,56,1,virus
49282,264,1,virus
45727,64,1,virus
16459,18,0,virus
39829,182,1,virus
33500,18,0,virus
4781,6,0,virus
26186,159,1,virus
33853,18,0,virus
14896,18,0,virus
22982,54,1,virus
51188,34,0,virus
16638,104,0,virus
44103,34,1,virus
3213,24,1,virus
47569,43,0,virus
6697,16,0,virus
18307,105,0,virus
40569,189,1,virus
8309,2,1,virus
908,8,1,virus
22245,2,0,virus
45263,251,1,virus
6133,2,0,virus
22849,42,1,virus
30159,56,0,virus
52326,43,1,virus
33736,18,0,virus
18946,18,0,virus
46864,43,0,virus
27718,2,0,virus
32556,21,0,virus
9327,189,1,virus
30849,21,0,virus
17658,222,0,virus
44425,6,1,virus
2671,135,1,virus
30136,18,0,virus
24703,2,0,virus
53597,43,0,virus
34027,18,0,virus
32978,21,0,virus
4757,61,0,virus
23711,136,1,virus
11754,16,0,virus
813,9,1,virus
28807,18,0,virus
24193,2,1,virus
22850,42,1,virus
53855,262,0,virus
26228,31,1,virus
33701,18,0,virus
21299,168,0,virus
47748,43,0,virus
50271,155,1,virus
13045,168,0,virus
45212,59,1,virus
19319,103,0,virus
52389,232,1,virus
52390,43,1,virus
1326,8,1,virus
13125,2,0,virus
7942,278,0,virus
51560,262,1,virus
2857,24,1,virus
51954,262,1,virus
35192,248,0,virus
201,9,0,virus
23320,54,0,virus
26456,43,0,virus
27887,43,1,virus
39473,54,1,virus
31505,43,0,virus
2705,189,1,virus
1484,2,1,virus
30182,18,0,virus
36316,24,1,virus
7249,23,0,virus
31646,18,0,virus
21463,2,1,virus
20615,222,0,virus
6711,9,1,virus
27198,16,0,virus
9886,2,1,virus
30295,21,0,virus
1564,0,0,virus
26771,2,0,virus
32296,18,0,virus
45448,232,0,virus
31568,21,0,virus
34326,18,0,virus
16431,222,0,virus
4427,2,1,virus
13255,16,1,virus
8887,2,0,virus
28877,21,0,virus
50254,155,1,virus
37774,24,1,virus
53984,262,0,virus
31652,18,0,virus
40300,6,1,virus
34035,21,0,virus
1430,2,0,virus
1367,22,1,virus
5967,189,1,virus
9485,28,0,virus
10979,28,0,virus
38967,20,1,virus
37290,6,1,virus
18813,107,0,virus
16370,168,0,virus
34162,43,1,virus
25938,145,0,virus
18433,18,0,virus
20784,88,0,virus
46541,43,0,virus
45017,189,1,virus
22153,9,0,virus
38995,222,0,virus
34256,21,0,virus
29407,43,0,virus
49989,155,1,virus
28987,24,0,virus
15318,0,0,virus
30625,43,1,virus
11873,168,0,virus
10881,56,1,virus
38809,20,1,virus
22964,23,1,virus
13711,16,0,virus
46851,43,0,virus
46683,43,0,virus
8455,2,0,virus
8957,6,1,virus
38611,24,1,virus
30162,18,0,virus
218,137,1,virus
46324,43,0,virus
21272,59,0,virus
12008,222,1,virus
15829,222,0,virus
33839,18,0,virus
46006,256,1,virus
42883,189,1,virus
19497,18,0,virus
7595,189,1,virus
7597,189,1,virus
37187,183,1,virus
38676,180,1,virus
38869,20,1,virus
3224,24,1,virus
25048,22,1,virus
26680,24,1,virus
21547,2,0,virus
45741,64,1,virus
49161,261,0,virus
43193,6,1,virus
47332,43,0,virus
12257,16,0,virus
40535,193,0,virus
9755,9,0,virus
30829,21,1,virus
8421,6,0,virus
759,56,1,virus
10002,2,0,virus
38684,180,1,virus
6736,189,1,virus
4581,48,1,virus
33790,165,0,virus
18961,102,0,virus
20706,16,0,virus
13941,16,0,virus
616,232,1,virus
16506,16,0,virus
48504,237,1,virus
28887,18,0,virus
10945,6,1,virus
42507,102,0,virus
2476,3,0,virus
26115,43,0,virus
19936,5,0,virus
565,5,0,virus
4358,34,1,virus
33668,18,0,virus
7777,28,0,virus
33982,43,0,virus
54744,34,1,virus
49721,43,1,virus
12541,16,0,virus
37679,13,1,virus
46539,43,0,virus
19459,5,0,virus
53635,43,0,virus
15648,18,0,virus
25209,2,1,virus
25794,56,1,virus
28419,222,0,virus
34675,21,0,virus
25030,54,1,virus
44887,136,1,virus
28874,18,0,virus
31847,18,0,virus
34252,18,0,virus
4753,47,1,virus
7591,189,1,virus
12794,6,0,virus
38816,24,1,virus
410,13,0,virus
22907,22,1,virus
47434,43,0,virus
35910,24,1,virus
36254,189,1,virus
40824,135,1,virus
45613,191,1,virus
19371,16,1,virus
40405,6,0,virus
11057,2,0,virus
38518,24,1,virus
21947,168,1,virus
35566,24,1,virus
25330,137,1,virus
18646,103,0,virus
25158,168,0,virus
36081,24,1,virus
20632,16,0,virus
47373,43,0,virus
16344,18,0,virus
43634,162,1,virus
9147,47,1,virus
20864,168,1,virus
40284,189,1,virus
13713,168,0,virus
38450,24,1,virus
529,9,0,virus
17323,2,1,virus
45784,64,1,virus
19268,0,0,virus
40903,135,1,virus
26558,4,1,virus
24567,10,0,virus
11424,9,1,virus
27415,2,0,virus
12994,168,0,virus
19019,168,0,virus
34175,21,0,virus
44340,6,1,virus
10155,20,1,virus
34070,18,0,virus
21377,168,1,virus
31458,21,0,virus
29426,43,0,virus
18291,111,0,virus
16583,102,0,virus
18655,114,0,virus
32433,43,1,virus
11213,16,1,virus
12996,220,1,virus
357,164,0,virus
3797,222,1,virus
15606,168,0,virus
49783,41,0,virus
33289,166,0,virus
11237,10,0,virus
11832,16,1,virus
3341,48,1,virus
27927,2,1,virus
32474,18,0,virus
13794,168,0,virus
15944,16,0,virus
10385,42,0,virus
18895,18,0,virus
48572,250,1,virus
44674,239,1,virus
23040,224,1,virus
31892,21,0,virus
37415,24,1,virus
54513,2,1,virus
31487,21,0,virus
6586,4,1,virus
4577,48,1,virus
22611,222,0,virus
41309,54,1,virus
12241,168,1,virus
40929,59,0,virus
25891,222,0,virus
22675,2,0,virus
14776,18,0,virus
11780,9,1,virus
53881,262,0,virus
30399,21,0,virus
13381,91,1,virus
23440,54,1,virus
1000,42,1,virus
24217,55,0,virus
49226,191,1,virus
36348,24,1,virus
37584,189,1,virus
25167,10,0,virus
20448,9,0,virus
9525,189,1,virus
11651,16,1,virus
52321,250,1,virus
23001,54,1,virus
13642,16,0,virus
36580,24,1,virus
41173,6,1,virus
51452,262,1,virus
34251,21,0,virus
22563,16,0,virus
18669,16,1,virus
47059,43,0,virus
84,13,1,virus
38937,20,1,virus
9229,189,1,virus
28873,21,0,virus
24042,6,1,virus
38658,23,1,virus
18199,2,0,virus
12832,2,1,virus
8390,13,0,virus
42586,115,0,virus
1217,56,1,virus
13540,2,1,virus
19218,18,0,virus
20590,16,0,virus
19176,18,0,virus
14010,16,0,virus
37936,183,1,virus
50024,155,1,virus
15859,16,1,virus
18735,16,0,virus
45711,191,1,virus
23696,136,1,virus
7251,23,0,virus
52184,262,1,virus
10207,9,0,virus
38060,183,1,virus
44022,237,1,virus
5524,2,0,virus
37992,24,1,virus
45665,64,1,virus
39778,23,1,virus
14911,114,0,virus
47091,43,0,virus
45896,191,1,virus
26700,43,1,virus
7366,42,0,virus
35888,24,1,virus
15309,168,0,virus
48809,237,1,virus
9557,6,1,virus
26152,43,0,virus
14153,4,0,virus
4720,24,1,virus
37338,59,1,virus
7243,189,1,virus
34044,21,0,virus
33340,18,0,virus
33446,43,1,virus
37064,189,0,virus
15719,106,0,virus
22903,22,1,virus
33518,21,0,virus
20411,14,0,virus
11643,16,1,virus
936,54,1,virus
39413,20,0,virus
15241,0,0,virus
23560,54,1,virus
17781,102,0,virus
31424,18,0,virus
35967,24,1,virus
24869,4,1,virus
39775,22,1,virus
45783,64,1,virus
17783,102,0,virus
18829,14,0,virus
11244,168,0,virus
10311,56,0,virus
14366,0,0,virus
33140,18,0,virus
29736,60,0,virus
39639,20,1,virus
52590,262,1,virus
19264,18,0,virus
42784,54,1,virus
23237,135,0,virus
23631,136,1,virus
25110,222,1,virus
10312,16,0,virus
45100,136,1,virus
28843,250,0,virus
21991,125,0,virus
27001,24,1,virus
28851,18,0,virus
22555,222,0,virus
30302,21,0,virus
5542,68,1,virus
9050,41,0,virus
29718,60,0,virus
15787,0,0,virus
47061,43,0,virus
18172,222,1,virus
27374,24,1,virus
11032,16,0,virus
756,54,1,virus
24108,222,1,virus
45376,59,0,virus
30877,164,0,virus
15746,168,1,virus
30768,21,0,virus
52919,262,1,virus
33284,21,0,virus
5583,17,0,virus
45964,255,1,virus
26264,24,1,virus
897,34,1,virus
45798,191,1,virus
38934,20,1,virus
7765,2,0,virus
29178,21,0,virus
28708,43,1,virus
17705,103,0,virus
40915,135,1,virus
12443,16,1,virus
18903,18,0,virus
23012,23,1,virus
30859,18,0,virus
38874,20,1,virus
22522,5,0,virus
19500,103,0,virus
610,34,1,virus
6646,24,1,virus
26294,43,0,virus
52686,262,1,virus
47334,43,0,virus
4454,24,0,virus
37816,54,1,virus
894,42,1,virus
1368,2,0,virus
2572,17,0,virus
25520,222,1,virus
37698,59,0,virus
51847,262,1,virus
7044,59,0,virus
11532,20,1,virus
8273,77,0,virus
5589,6,1,virus
35955,24,1,virus
29841,21,0,virus
55179,8,1,virus
28775,18,0,virus
27711,43,0,virus
32380,18,0,virus
148,15,1,virus
40750,194,0,virus
29677,21,0,virus
40350,189,1,virus
5687,56,0,virus
3696,48,1,virus
5764,54,1,virus
34020,18,0,virus
35185,248,0,virus
34746,85,0,virus
8779,56,1,virus
36733,24,1,virus
12237,20,0,virus
14772,20,1,virus
25843,168,0,virus
52396,43,1,virus
13233,57,0,virus
1606,9,1,virus
31570,21,0,virus
39787,22,1,virus
8494,73,1,virus
40149,189,1,virus
28892,43,1,virus
13317,41,0,virus
36657,135,1,virus
8210,16,0,virus
2376,20,0,virus
15631,14,0,virus
2599,43,1,virus
31526,43,0,virus
40656,194,0,virus
7327,24,1,virus
7447,56,1,virus
11248,2,0,virus
34176,21,0,virus
4726,2,0,virus
30848,21,0,virus
21664,13,0,virus
33246,43,1,virus
6530,18,0,virus
45708,64,1,virus
19849,5,0,virus
32833,18,0,virus
55011,168,0,virus
14947,18,0,virus
49935,64,1,virus
6839,24,1,virus
51763,262,1,virus
2566,16,0,virus
26782,2,0,virus
43380,239,1,virus
13962,16,0,virus
44440,239,1,virus
26874,102,0,virus
43009,6,0,virus
25786,140,1,virus
12088,16,0,virus
153,9,0,virus
11045,56,0,virus
6644,189,1,virus
35241,2,0,virus
48778,43,1,virus
23696,54,1,virus
52331,232,1,virus
6581,195,1,virus
49982,155,1,virus
44603,239,1,virus
23054,23,1,virus
54438,16,0,virus
43217,6,1,virus
6860,189,0,virus
30860,18,0,virus
44209,241,1,virus
13345,222,1,virus
42677,14,0,virus
7251,22,0,virus
41094,54,1,virus
52365,159,1,virus
18594,222,0,virus
36811,135,1,virus
3630,10,1,virus
34375,18,0,virus
12771,2,1,virus
34724,43,0,virus
18838,18,0,virus
20171,59,0,virus
18787,16,0,virus
9552,24,1,virus
24908,20,0,virus
21550,222,0,virus
7292,44,0,virus
44944,136,1,virus
12206,16,1,virus
6088,9,0,virus
887,8,1,virus
24900,4,0,virus
31069,2,0,virus
45931,191,1,virus
15941,168,0,virus
22945,23,1,virus
43044,233,0,virus
34121,21,0,virus
37934,24,1,virus
47167,43,0,virus
29766,43,0,virus
6010,43,0,virus
24420,2,0,virus
34718,18,0,virus
38057,24,1,virus
7237,22,0,virus
45502,239,1,virus
32319,18,0,virus
6173,2,0,virus
16694,70,0,virus
32142,164,0,virus
26478,43,0,virus
27028,43,0,virus
3774,191,1,virus
12039,222,1,virus
9366,24,1,virus
29889,18,0,virus
25709,10,0,virus
4361,31,1,virus
49170,261,1,virus
22046,222,1,virus
40970,54,1,virus
45822,64,1,virus
12835,220,1,virus
24867,119,0,virus
53777,262,0,virus
36010,24,1,virus
24212,2,0,virus
30511,43,0,virus
18045,168,1,virus
39205,13,1,virus
16358,0,0,virus
34866,16,1,virus
5644,24,1,virus
31608,18,0,virus
32803,21,0,virus
45051,136,1,virus
10094,16,0,virus
34110,43,0,virus
30441,21,0,virus
21694,13,0,virus
38930,24,1,virus
36658,24,1,virus
8312,6,1,virus
18142,106,0,virus
11794,222,0,virus
21798,20,1,virus
6890,189,1,virus
34459,2,1,virus
15871,18,0,virus
609,34,1,virus
2838,24,0,virus
38905,20,1,virus
13384,91,1,virus
32265,18,0,virus
32497,18,0,virus
54399,2,0,virus
8279,2,0,virus
38882,222,1,virus
23610,136,1,virus
33921,18,0,virus
19024,16,0,virus
10448,56,1,virus
45598,64,1,virus
3514,13,1,virus
33616,18,0,virus
19908,124,1,virus
52140,262,1,virus
48693,43,1,virus
34141,43,1,virus
1657,0,0,virus
32820,21,0,virus
47813,59,0,virus
12094,168,0,virus
31630,18,0,virus
4216,49,1,virus
20383,123,1,virus
23002,22,1,virus
19214,5,0,virus
2104,2,0,virus
22418,16,0,virus
893,34,1,virus
6586,195,1,virus
38042,20,1,virus
5164,24,1,virus
32360,2,1,virus
42789,188,1,virus
34255,21,0,virus
9053,168,0,virus
52181,262,1,virus
16199,18,0,virus
23017,224,1,virus
20227,20,0,virus
8556,2,1,virus
33731,18,0,virus
38772,20,1,virus
577,8,1,virus
53820,262,0,virus
4189,2,1,virus
46564,52,1,virus
12087,16,1,virus
53753,262,0,virus
36712,6,1,virus
25690,222,1,virus
48817,237,1,virus
18191,2,1,virus
34415,18,0,virus
33692,18,0,virus
39290,20,1,virus
30558,18,0,virus
42503,102,0,virus
38784,24,1,virus
16153,10,0,virus
25839,168,0,virus
32301,21,0,virus
16631,14,0,virus
26765,2,0,virus
20074,20,0,virus
37007,24,1,virus
408,8,1,virus
27864,161,0,virus
45107,242,1,virus
13762,16,0,virus
23015,23,1,virus
2483,3,0,virus
33434,18,0,virus
16635,14,0,virus
40567,189,1,virus
28883,21,0,virus
32854,18,0,virus
36000,24,1,virus
42792,189,1,virus
23567,54,1,virus
29524,2,1,virus
12476,50,0,virus
51133,43,0,virus
393,28,0,virus
47087,43,0,virus
25991,2,1,virus
11754,168,0,virus
50997,43,0,virus
40580,189,1,virus
14451,126,0,virus
25342,16,0,virus
24746,150,0,virus
25665,16,0,virus
45041,242,1,virus
16200,102,0,virus
30402,18,0,virus
8825,77,0,virus
9165,16,0,virus
28080,21,0,virus
22249,222,0,virus
21108,168,0,virus
28287,2,0,virus
37577,24,1,virus
24400,161,0,virus
48506,237,1,virus
17733,222,1,virus
46333,43,0,virus
63,2,0,virus
24718,20,0,virus
38449,24,1,virus
8160,189,1,virus
45805,64,1,virus
17555,18,0,virus
37022,183,1,virus
43562,162,1,virus
49864,64,1,virus
51394,262,0,virus
21907,69,0,virus
37535,54,1,virus
40464,6,1,virus
28855,21,0,virus
45432,43,0,virus
32756,165,0,virus
52021,262,1,virus
32217,21,0,virus
22863,42,1,virus
29737,60,0,virus
51978,262,1,virus
3966,34,1,virus
8768,23,0,virus
45086,242,1,virus
35563,24,1,virus
41354,206,0,virus
31011,18,0,virus
23797,54,1,virus
25175,222,0,virus
42793,188,1,virus
42496,106,0,virus
7408,24,1,virus
6143,21,0,virus
12104,168,1,virus
12226,6,1,virus
36958,54,0,virus
4980,16,0,virus
50316,43,1,virus
13075,16,0,virus
653,2,1,virus
14802,103,0,virus
48153,43,1,virus
35423,24,1,virus
44481,239,1,virus
29834,21,0,virus
21886,2,0,virus
27052,16,0,virus
9604,2,0,virus
20578,16,1,virus
24236,135,0,virus
35612,43,1,virus
34289,18,0,virus
12181,16,1,virus
11093,56,0,virus
36984,189,1,virus
11449,9,1,virus
49566,6,1,virus
15051,2,0,virus
36272,189,1,virus
15041,2,0,virus
22050,222,1,virus
12094,16,0,virus
30863,18,0,virus
16489,168,0,virus
61,4,0,virus
37868,24,1,virus
7974,24,1,virus
45776,191,1,virus
9240,5,0,virus
30612,21,0,virus
21254,16,0,virus
6042,2,0,virus
12267,16,0,virus
41359,2,0,virus
14473,14,0,virus
39533,43,1,virus
27811,2,0,virus
36320,24,1,virus
32850,21,0,virus
49179,261,1,virus
12963,160,0,virus
45181,59,1,virus
25708,2,1,virus
48935,261,1,virus
34308,18,0,virus
7075,24,0,virus
13513,16,0,virus
9536,24,1,virus
36677,16,0,virus
47632,43,0,virus
17772,5,0,virus
4933,47,0,virus
29992,18,0,virus
9066,6,1,virus
30309,18,0,virus
3076,48,1,virus
50827,43,1,virus
39456,20,1,virus
36571,24,1,virus
20198,20,0,virus
37021,20,1,virus
19669,43,0,virus
16996,103,0,virus
33039,18,0,virus
53283,43,1,virus
11872,59,0,virus
32848,167,0,virus
7517,24,1,virus
14096,41,0,virus
9762,59,0,virus
6533,16,0,virus
32301,18,0,virus
31649,21,0,virus
42549,217,0,virus
8937,16,0,virus
19440,14,0,virus
15602,16,0,virus
2641,189,1,virus
24797,144,0,virus
8040,191,1,virus
9051,41,0,virus
27803,16,0,virus
12122,16,1,virus
36013,24,1,virus
10513,2,0,virus
30275,18,0,virus
22959,23,1,virus
6802,189,1,virus
28648,43,1,virus
9436,189,1,virus
18020,168,1,virus
37553,54,1,virus
20428,16,0,virus
51132,43,1,virus
46891,43,0,virus
30891,18,0,virus
37474,22,1,virus
37733,24,1,virus
44646,239,1,virus
18527,103,0,virus
8895,278,0,virus
54984,222,1,virus
39606,20,1,virus
37639,18,0,virus
39197,23,1,virus
35538,43,1,virus
12333,222,0,virus
33712,18,0,virus
11271,88,1,virus
19356,18,0,virus
21939,168,1,virus
32297,21,0,virus
700,56,1,virus
34489,43,1,virus
13876,41,1,virus
48791,43,1,virus
38608,24,1,virus
54396,16,0,virus
30340,43,1,virus
13235,16,0,virus
48753,43,1,virus
35711,2,0,virus
50036,155,1,virus
13685,41,0,virus
18886,102,0,virus
15988,5,0,virus
16558,18,0,virus
50045,155,1,virus
9270,16,0,virus
31546,21,0,virus
19738,0,0,virus
13201,16,0,virus
2882,41,1,virus
22980,23,1,virus
22505,14,0,virus
53902,262,0,virus
39476,54,1,virus
23732,136,1,virus
15915,4,0,virus
9267,2,1,virus
42286,216,0,virus
10273,9,0,virus
15357,2,0,virus
2074,0,0,virus
12766,2,0,virus
16481,103,0,virus
44995,136,1,virus
28683,18,0,virus
432,2,0,virus
54783,43,0,virus
33398,21,0,virus
5141,24,1,virus
12987,168,0,virus
3582,2,0,virus
5880,6,1,virus
24200,222,1,virus
23848,54,1,virus
25244,2,1,virus
28623,18,0,virus
29184,21,0,virus
52699,262,1,virus
53804,262,0,virus
5037,24,1,virus
50751,43,0,virus
4305,48,1,virus
27881,262,1,virus
11457,16,0,virus
48961,261,1,virus
40807,135,1,virus
17411,14,0,virus
54541,56,0,virus
26683,16,1,virus
3335,103,0,virus
26400,232,1,virus
222,54,1,virus
45802,64,1,virus
3411,3,0,virus
48218,59,0,virus
8809,6,1,virus
29384,43,0,virus
30587,21,0,virus
30555,166,0,virus
39152,222,0,virus
5155,189,1,virus
30469,18,0,virus
29896,164,0,virus
45867,64,1,virus
21439,222,1,virus
30299,18,0,virus
1905,222,1,virus
34510,43,0,virus
24204,2,1,virus
30111,18,0,virus
45116,136,1,virus
54868,6,1,virus
32932,18,0,virus
25019,22,1,virus
37203,24,1,virus
32719,21,0,virus
11637,16,1,virus
25987,16,0,virus
43768,239,1,virus
40700,3,0,virus
49555,6,1,virus
20994,222,1,virus
32126,18,0,virus
55142,126,0,virus
30327,21,0,virus
46908,43,0,virus
9175,189,1,virus
10300,9,0,virus
25415,100,0,virus
47493,43,0,virus
913,54,1,virus
45922,191,1,virus
13879,59,1,virus
49691,6,1,virus
18660,16,0,virus
40884,135,1,virus
49782,41,0,virus
45860,64,1,virus
33566,18,0,virus
54926,16,0,virus
55174,8,1,virus
17633,2,0,virus
40282,189,1,virus
17111,18,0,virus
46845,43,0,virus
29164,21,1,virus
45920,64,1,virus
41053,54,1,virus
38040,20,1,virus
53818,262,0,virus
28382,2,0,virus
33470,18,0,virus
1467,222,1,virus
19535,102,0,virus
856,8,1,virus
18717,16,0,virus
1590,28,0,virus
4763,222,0,virus
34295,21,0,virus
36721,24,1,virus
39860,168,1,virus
21560,2,1,virus
30033,30,0,virus
13414,16,0,virus
19314,18,0,virus
8474,28,1,virus
44185,34,1,virus
21383,16,1,virus
52319,43,1,virus
13296,16,0,virus
714,16,1,virus
45854,64,1,virus
44314,6,1,virus
14840,5,0,virus
14514,222,0,virus
30336,18,0,virus
34263,21,0,virus
40847,135,0,virus
37670,23,1,virus
2038,0,0,virus
27747,262,1,virus
8280,2,0,virus
20645,5,0,virus
23051,23,1,virus
2426,24,0,virus
31461,21,0,virus
52326,159,1,virus
55126,20,1,virus
23579,54,1,virus
18424,0,0,virus
40854,135,0,virus
40647,194,0,virus
226,54,1,virus
5135,189,1,virus
32805,21,0,virus
943,8,1,virus
33700,18,0,virus
31394,2,1,virus
20565,16,0,virus
49559,6,1,virus
20162,2,1,virus
19040,18,0,virus
49866,64,1,virus
20932,168,1,virus
33682,164,0,virus
23970,6,1,virus
43839,239,0,virus
35280,13,0,virus
33461,21,0,virus
10528,9,0,virus
13383,91,1,virus
19426,168,1,virus
48210,59,0,virus
42954,229,0,virus
43726,162,1,virus
31573,18,0,virus
45104,242,1,virus
2263,6,1,virus
783,100,1,virus
9680,41,0,virus
33949,43,0,virus
30526,18,0,virus
18113,0,0,virus
22410,16,0,virus
29182,18,0,virus
25161,16,0,virus
38721,20,1,virus
22689,222,0,virus
23520,22,1,virus
14780,114,0,virus
8728,24,1,virus
13332,220,1,virus
12090,168,0,virus
50339,43,1,virus
35315,43,1,virus
23221,126,1,virus
23878,54,1,virus
32642,18,0,virus
34272,18,0,virus
36602,24,1,virus
2509,196,0,virus
40606,189,1,virus
39131,20,1,virus
30528,18,0,virus
10171,189,1,virus
34706,21,0,virus
14891,104,0,virus
48639,43,1,virus
25027,23,1,virus
17324,220,1,virus
25908,2,0,virus
33548,18,0,virus
37267,54,1,virus
53922,262,0,virus
14005,16,0,virus
12030,2,1,virus
22915,54,1,virus
38255,24,1,virus
18735,168,0,virus
15935,103,0,virus
26449,43,1,virus
14055,168,0,virus
45229,59,0,virus
122,2,1,virus
49902,64,1,virus
16329,222,1,virus
39047,222,1,virus
16027,18,0,virus
11891,16,0,virus
43691,162,1,virus
52369,159,1,virus
32215,21,0,virus
23792,54,1,virus
23101,55,0,virus
52101,262,1,virus
47666,43,0,virus
9738,13,0,virus
12840,220,1,virus
23645,136,1,virus
34663,18,0,virus
9022,22,0,virus
6966,189,1,virus
12484,168,0,virus
36385,9,1,virus
9701,203,1,virus
14125,2,0,virus
30515,18,0,virus
49042,261,1,virus
50792,43,1,virus
23410,54,1,virus
32914,18,0,virus
39624,24,1,virus
14954,64,0,virus
12825,220,1,virus
38098,222,1,virus
28104,31,1,virus
30769,43,0,virus
144,0,0,virus
3305,59,0,virus
1150,8,1,virus
20481,5,0,virus
25355,2,1,virus
21481,222,0,virus
22999,224,1,virus
30403,21,0,virus
17328,2,1,virus
11491,168,0,virus
28572,43,0,virus
42683,14,0,virus
43671,162,1,virus
31110,18,0,virus
15846,168,1,virus
39949,43,1,virus
30456,21,0,virus
38675,22,1,virus
32664,21,0,virus
23625,136,1,virus
913,54,1,virus
42347,216,0,virus
11461,24,1,virus
37273,183,1,virus
41153,6,1,virus
17733,2,1,virus
33753,18,0,virus
42783,54,1,virus
11136,20,0,virus
44212,241,1,virus
7657,2,0,virus
8585,6,1,virus
15001,222,1,virus
28095,21,0,virus
30258,21,0,virus
24955,16,0,virus
16526,16,0,virus
11388,2,0,virus
33687,18,0,virus
7530,16,0,virus
7479,2,0,virus
45081,242,1,virus
33048,18,0,virus
52390,250,1,virus
30254,21,0,virus
8512,16,1,virus
50134,155,1,virus
6639,22,0,virus
29997,165,0,virus
44485,239,1,virus
9117,189,1,virus
5935,16,0,virus
2080,222,1,virus
49981,155,1,virus
24867,126,1,virus
14119,2,1,virus
28933,18,0,virus
19598,4,0,virus
11914,59,0,virus
18318,103,0,virus
6671,9,1,virus
52388,250,1,virus
13739,2,1,virus
34700,18,0,virus
50237,155,1,virus
32416,165,0,virus
13329,220,1,virus
42575,217,0,virus
1946,40,1,virus
49632,6,1,virus
30913,18,0,virus
17759,18,0,virus
33121,18,0,virus
17857,59,0,virus
45861,64,1,virus
17290,18,0,virus
10026,16,0,virus
11483,88,1,virus
17336,220,1,virus
8593,191,1,virus
18736,168,0,virus
21936,5,0,virus
27153,2,1,virus
50837,43,0,virus
18409,0,0,virus
1630,15,1,virus
24250,138,0,virus
53786,262,0,virus
29756,4,0,virus
45274,251,1,virus
2663,24,1,virus
26187,159,0,virus
32819,43,1,virus
54617,50,0,virus
34367,21,0,virus
9831,16,1,virus
22988,22,1,virus
24617,20,1,virus
42736,100,0,virus
42156,216,0,virus
10951,24,0,virus
35924,24,1,virus
3205,24,1,virus
28778,10,1,virus
5984,65,0,virus
29943,2,1,virus
26906,8,1,virus
22906,224,1,virus
37994,24,1,virus
21,2,1,virus
5481,2,0,virus
49948,155,1,virus
25038,54,1,virus
13329,2,1,virus
28865,18,0,virus
36616,24,1,virus
795,9,1,virus
39245,43,0,virus
30170,18,0,virus
16039,103,0,virus
26977,2,0,virus
28321,2,0,virus
24071,135,0,virus
19110,18,0,virus
2579,176,1,virus
38570,135,0,virus
11600,20,0,virus
36517,16,1,virus
13691,16,1,virus
8936,56,0,virus
36850,189,1,virus
35223,6,1,virus
32992,21,0,virus
33324,18,0,virus
2403,24,0,virus
20642,168,0,virus
43050,6,0,virus
3740,191,1,virus
33433,18,0,virus
30773,16,1,virus
11564,6,1,virus
36318,24,1,virus
33978,43,0,virus
29708,56,1,virus
33479,21,0,virus
30780,21,0,virus
35979,24,1,virus
20330,10,0,virus
48126,43,0,virus
4647,16,0,virus
42470,59,1,virus
23516,23,1,virus
2029,56,0,virus
4970,24,1,virus
20005,16,0,virus
32858,18,0,virus
30388,21,0,virus
33653,21,0,virus
25774,140,0,virus
22987,224,1,virus
22999,23,1,virus
8287,56,0,virus
45007,189,1,virus
37015,24,1,virus
23513,23,1,virus
22754,59,0,virus
1223,0,0,virus
44505,239,1,virus
14312,13,0,virus
33301,18,0,virus
250,189,1,virus
7791,28,0,virus
23706,54,1,virus
38896,20,1,virus
35351,43,1,virus
31034,24,1,virus
40980,135,1,virus
12383,222,0,virus
25100,113,0,virus
37261,59,0,virus
16665,18,0,virus
52318,250,1,virus
7128,189,1,virus
52359,232,1,virus
7544,2,1,virus
31661,18,0,virus
35283,24,1,virus
38484,24,1,virus
48851,160,0,virus
2964,201,1,virus
13224,2,0,virus
16448,18,0,virus
961,8,1,virus
48699,31,1,virus
39272,24,1,virus
30259,21,0,virus
11635,168,1,virus
30404,21,0,virus
36231,22,0,virus
49539,6,1,virus
13889,16,0,virus
31553,18,0,virus
30513,18,0,virus
42791,188,1,virus
31653,21,0,virus
1794,6,0,virus
28760,21,0,virus
47609,43,0,virus
30190,21,0,virus
48233,59,0,virus
25786,153,0,virus
2542,16,0,virus
48581,260,1,virus
40572,189,1,virus
4439,16,0,virus
482,25,1,virus
30993,18,0,virus
31060,2,0,virus
29716,144,0,virus
14192,10,0,virus
14872,18,0,virus
33315,18,0,virus
30272,18,0,virus
52333,43,1,virus
45789,191,1,virus
11210,16,1,virus
7537,100,1,virus
5986,65,0,virus
1367,54,1,virus
39056,222,1,virus
30420,21,0,virus
55032,222,1,virus
45386,59,0,virus
12532,16,0,virus
4496,61,0,virus
53806,262,0,virus
22977,224,1,virus
7720,24,1,virus
33103,18,0,virus
22474,5,0,virus
8780,189,1,virus
49904,64,1,virus
18074,0,0,virus
25892,222,0,virus
47894,43,0,virus
29928,21,0,virus
24063,138,0,virus
52397,250,1,virus
15558,103,0,virus
43373,239,1,virus
29604,18,0,virus
5217,67,1,virus
43323,6,1,virus
7993,2,0,virus
49931,64,1,virus
13894,72,0,virus
8442,2,0,virus
39399,4,0,virus
16150,10,0,virus
28721,18,0,virus
9037,56,1,virus
14352,0,0,virus
9084,9,0,virus
29830,18,0,virus
4973,45,0,virus
30876,21,0,virus
18123,102,0,virus
45681,64,1,virus
34037,18,0,virus
33754,21,1,virus
29625,43,1,virus
22544,5,0,virus
33173,18,0,virus
36273,24,1,virus
2546,2,0,virus
798,9,1,virus
53989,262,0,virus
21201,14,0,virus
7625,24,1,virus
6572,189,1,virus
52375,43,1,virus
4247,2,0,virus
31426,21,0,virus
16026,103,0,virus
21718,16,0,virus
16860,105,0,virus
716,0,0,virus
18831,105,0,virus
42469,0,0,virus
15994,18,0,virus
984,8,1,virus
51586,262,1,virus
38381,24,1,virus
39806,23,1,virus
34279,21,0,virus
2590,54,1,virus
48594,43,1,virus
47554,43,0,virus
10036,16,0,virus
39189,22,1,virus
9025,22,1,virus
7145,9,1,virus
4869,2,0,virus
29928,18,0,virus
35192,249,0,virus
26180,43,0,virus
6840,189,1,virus
23601,136,1,virus
3814,24,1,virus
152,9,0,virus
36944,24,1,virus
21988,5,0,virus
11871,168,1,virus
38798,59,0,virus
50220,155,1,virus
30475,164,0,virus
35721,173,0,virus
24676,147,0,virus
17765,18,0,virus
24534,3,0,virus
4324,6,1,virus
375,17,0,virus
12565,20,1,virus
24694,2,0,virus
836,9,1,virus
22917,22,1,virus
39473,22,1,virus
23626,54,1,virus
33523,21,0,virus
34837,16,1,virus
952,8,1,virus
5884,189,0,virus
2735,6,1,virus
22583,5,0,virus
31402,43,0,virus
5877,2,1,virus
14752,102,0,virus
11810,222,0,virus
49999,155,1,virus
43379,239,1,virus
36101,24,1,virus
5879,6,1,virus
17650,103,0,virus
38323,24,1,virus
25782,154,0,virus
38097,220,1,virus
52365,43,1,virus
45883,64,1,virus
15143,14,0,virus
15772,0,0,virus
5632,17,0,virus
3868,44,0,virus
1583,13,0,virus
15739,103,0,virus
13537,2,0,virus
26831,8,1,virus
7400,73,0,virus
9736,22,0,virus
34666,21,0,virus
3639,2,1,virus
6970,189,1,virus
36759,189,1,virus
12098,168,1,virus
32680,18,0,virus
34023,18,0,virus
19618,14,0,virus
35911,24,1,virus
33902,43,0,virus
38376,24,1,virus
42528,217,0,virus
16870,168,0,virus
38456,24,1,virus
38371,24,1,virus
9368,24,1,virus
9441,24,1,virus
36587,24,1,virus
37116,24,1,virus
19763,0,0,virus
17304,18,0,virus
19362,103,0,virus
5501,25,1,virus
6809,24,1,virus
13910,16,1,virus
4717,16,0,virus
8778,16,0,virus
1757,5,0,virus
23032,22,1,virus
5823,24,0,virus
24047,20,1,virus
6590,3,0,virus
33793,18,0,virus
52385,43,1,virus
32293,21,0,virus
22857,42,1,virus
54185,262,0,virus
36841,24,1,virus
23965,6,1,virus
50042,155,1,virus
37208,24,1,virus
9969,16,0,virus
23362,2,0,virus
33717,166,0,virus
43495,162,1,virus
15337,111,0,virus
32855,21,0,virus
18677,168,0,virus
34944,16,1,virus
34011,21,0,virus
25860,141,0,virus
38723,20,1,virus
14339,14,0,virus
39633,24,1,virus
25042,22,1,virus
13356,2,0,virus
42662,14,0,virus
45790,64,1,virus
1202,13,1,virus
51998,262,1,virus
685,2,0,virus
18178,114,0,virus
29899,43,0,virus
46745,43,0,virus
37431,22,1,virus
37655,22,0,virus
25623,2,0,virus
21546,2,0,virus
40424,6,0,virus
24727,20,0,virus
17355,102,0,virus
20206,14,0,virus
2434,2,0,virus
47993,43,1,virus
47257,43,0,virus
38996,222,0,virus
20902,16,1,virus
14363,0,0,virus
51743,262,1,virus
32448,18,0,virus
51547,262,1,virus
371,0,0,virus
32357,18,0,virus
35565,135,1,virus
41166,6,1,virus
52342,59,1,virus
52384,159,1,virus
6058,16,0,virus
45910,64,1,virus
37800,222,1,virus
13984,16,1,virus
7536,9,1,virus
47703,43,0,virus
27934,2,1,virus
7653,2,0,virus
43291,6,1,virus
20665,126,0,virus
34226,18,0,virus
10272,9,0,virus
11424,56,1,virus
37391,24,1,virus
13609,168,1,virus
45187,59,1,virus
4656,6,0,virus
21066,168,1,virus
44247,240,1,virus
19013,168,0,virus
13146,74,0,virus
11124,222,0,virus
22222,5,0,virus
37151,24,1,virus
224,54,1,virus
36819,24,1,virus
30300,21,0,virus
23208,55,0,virus
14830,0,0,virus
40003,187,0,virus
36057,13,0,virus
55101,220,1,virus
51883,262,1,virus
15317,0,0,virus
18414,18,0,virus
48555,237,1,virus
7385,41,0,virus
8505,16,0,virus
4285,31,1,virus
22968,22,1,virus
18910,102,0,virus
18464,14,0,virus
31207,18,0,virus
13965,16,0,virus
44983,136,1,virus
21075,168,1,virus
27861,161,0,virus
18138,120,0,virus
9228,24,1,virus
45087,242,1,virus
35962,24,1,virus
34183,59,0,virus
43104,34,1,virus
23641,136,1,virus
17366,18,0,virus
22914,224,1,virus
6525,9,1,virus
51037,43,1,virus
899,34,1,virus
3408,24,1,virus
41945,216,0,virus
266,183,1,virus
42708,204,1,virus
46917,43,0,virus
17643,14,0,virus
11471,24,1,virus
15033,16,0,virus
33065,164,0,virus
46760,43,0,virus
54444,168,0,virus
26236,24,1,virus
33697,21,1,virus
24240,222,0,virus
15342,103,0,virus
15309,16,0,virus
1200,0,0,virus
34055,18,0,virus
3397,42,0,virus
44720,239,1,virus
31028,43,1,virus
31582,18,0,virus
38319,24,1,virus
1927,19,0,virus
50231,155,1,virus
5091,2,1,virus
44134,239,1,virus
26279,2,0,virus
34877,16,1,virus
33073,21,0,virus
47659,43,0,virus
29606,43,1,virus
13512,16,0,virus
812,56,1,virus
11468,24,1,virus
28385,16,0,virus
23994,6,1,virus
15371,18,0,virus
36455,24,1,virus
38599,24,1,virus
21376,168,1,virus
41323,59,0,virus
30592,21,1,virus
32574,21,0,virus
8453,42,0,virus
11453,56,1,virus
38652,22,1,virus
55000,126,0,virus
43749,162,1,virus
29949,18,0,virus
23045,224,1,virus
2480,3,0,virus
9910,2,0,virus
38929,20,1,virus
2017,24,0,virus
39935,262,1,virus
30811,18,0,virus
17013,107,0,virus
29535,21,0,virus
16618,105,0,virus
46069,255,1,virus
4304,48,1,virus
29159,18,0,virus
44304,6,1,virus
52378,250,1,virus
29740,144,0,virus
8192,16,0,virus
903,34,1,virus
998,8,1,virus
4322,20,1,virus
49768,41,0,virus
37847,24,1,virus
33833,164,0,virus
40385,6,1,virus
32892,18,0,virus
44442,239,1,virus
11218,16,1,virus
16505,16,0,virus
52451,43,1,virus
39279,183,1,virus
16555,105,0,virus
46961,43,0,virus
987,34,1,virus
19611,4,0,virus
705,5,0,virus
36495,24,1,virus
53812,262,0,virus
38930,20,1,virus
7707,189,1,virus
36527,168,0,virus
21903,145,0,virus
34669,18,0,virus
12321,20,0,virus
15986,18,0,virus
39241,43,1,virus
32010,164,0,virus
28994,18,0,virus
47414,43,0,virus
30760,43,0,virus
2208,2,0,virus
19459,0,0,virus
14739,104,0,virus
12834,222,1,virus
893,8,1,virus
30459,18,0,virus
33818,18,0,virus
9790,2,0,virus
25486,2,1,virus
19292,18,0,virus
25532,2,1,virus
8064,191,1,virus
2328,9,0,virus
44736,239,1,virus
28414,145,0,virus
19499,2,0,virus
40112,189,1,virus
11562,6,1,virus
10278,56,0,virus
50264,155,1,virus
27018,18,0,virus
658,2,1,virus
23344,2,0,virus
16581,64,0,virus
34255,18,0,virus
1983,15,1,virus
9446,24,1,virus
9315,16,0,virus
2559,16,0,virus
21285,23,1,virus
32193,43,0,virus
38783,20,1,virus
43541,162,1,virus
384,34,0,virus
52221,262,1,virus
51819,262,1,virus
24613,20,1,virus
45979,255,1,virus
15315,14,0,virus
44883,136,1,virus
1724,23,1,virus
33510,18,0,virus
25434,2,1,virus
24253,138,1,virus
22986,54,1,virus
32753,18,0,virus
11359,2,0,virus
44986,136,1,virus
31588,21,0,virus
13379,91,1,virus
213,56,1,virus
1864,2,1,virus
27483,2,1,virus
34578,21,0,virus
15164,145,0,virus
37740,22,0,virus
45925,191,1,virus
51337,262,0,virus
45576,43,1,virus
10141,24,1,virus
5034,25,1,virus
31873,18,0,virus
23591,54,1,virus
2781,24,1,virus
25717,2,1,virus
3353,6,1,virus
33763,167,0,virus
7510,24,1,virus
47533,43,0,virus
15116,102,0,virus
6365,24,0,virus
8533,278,0,virus
14014,168,0,virus
23661,54,1,virus
30427,21,0,virus
33028,18,0,virus
32970,18,0,virus
32885,21,0,virus
34065,21,0,virus
34707,18,0,virus
48867,261,1,virus
611,54,1,virus
12836,220,1,virus
20977,100,1,virus
38015,189,1,virus
29800,21,0,virus
14969,18,0,virus
45846,191,1,virus
17513,18,0,virus
810,8,1,virus
39975,43,1,virus
46081,255,1,virus
32386,21,0,virus
22654,2,0,virus
17693,13,0,virus
30568,21,1,virus
9479,2,1,virus
17916,0,0,virus
33592,21,0,virus
54399,168,0,virus
47201,43,0,virus
21296,123,0,virus
32739,18,0,virus
52386,232,1,virus
29991,21,0,virus
32826,21,0,virus
37876,24,0,virus
43511,162,1,virus
31662,18,0,virus
16107,17,0,virus
49101,261,1,virus
1733,5,0,virus
5486,6,1,virus
8775,24,1,virus
6093,9,0,virus
16451,14,0,virus
33123,18,0,virus
50132,155,1,virus
8994,24,0,virus
35198,245,0,virus
41648,6,0,virus
34753,85,0,virus
33161,21,0,virus
38239,24,1,virus
35537,43,1,virus
8452,2,0,virus
10041,2,0,virus
26402,22,0,virus
13369,16,0,virus
47867,41,0,virus
547,2,1,virus
48777,43,1,virus
30555,167,0,virus
30914,21,1,virus
22946,54,1,virus
31682,18,0,virus
8697,24,1,virus
52396,232,1,virus
1282,9,0,virus
22429,168,0,virus
39261,20,1,virus
41325,59,0,virus
5679,56,0,virus
13950,20,0,virus
39832,182,1,virus
31457,21,0,virus
32108,43,1,virus
38084,135,1,virus
42844,14,0,virus
32494,21,0,virus
10831,2,0,virus
39782,22,1,virus
1148,8,1,virus
5937,16,0,virus
2176,0,0,virus
25324,137,1,virus
21083,2,0,virus
15953,16,0,virus
32784,18,0,virus
28944,18,0,virus
24941,222,1,virus
39688,24,1,virus
317,25,0,virus
22921,22,1,virus
6141,16,0,virus
8986,24,1,virus
2143,18,0,virus
1537,2,1,virus
32630,21,0,virus
46014,256,1,virus
54470,6,1,virus
23755,54,1,virus
19205,18,0,virus
26225,31,1,virus
38889,20,1,virus
38518,189,1,virus
52371,159,1,virus
12111,100,1,virus
54200,262,0,virus
42296,216,0,virus
20951,16,1,virus
22281,168,1,virus
11942,2,0,virus
37737,13,1,virus
49788,41,0,virus
6725,24,1,virus
45035,189,1,virus
403,2,0,virus
52375,250,1,virus
11890,16,0,virus
17151,103,0,virus
31355,18,0,virus
34714,18,0,virus
51024,43,1,virus
12274,16,0,virus
21821,16,1,virus
14358,14,0,virus
3047,48,1,virus
12373,168,0,virus
30777,18,0,virus
3351,2,1,virus
45724,191,1,virus
25344,10,0,virus
33144,21,0,virus
20808,2,1,virus
51339,262,0,virus
7511,189,1,virus
25175,2,0,virus
3578,24,1,virus
7375,222,1,virus
13948,168,0,virus
45821,64,1,virus
41099,54,1,virus
5852,145,0,virus
23046,54,1,virus
45592,64,1,virus
14056,168,0,virus
37972,24,1,virus
1018,8,1,virus
34271,18,0,virus
33517,21,0,virus
21827,2,1,virus
31657,21,0,virus
21952,168,1,virus
30661,21,0,virus
36657,24,1,virus
21568,222,1,virus
4234,54,1,virus
45620,64,1,virus
39790,22,1,virus
5835,16,0,virus
2951,49,0,virus
37181,20,1,virus
3882,2,0,virus
6909,24,1,virus
31501,166,0,virus
6814,189,1,virus
30212,18,0,virus
32541,21,0,virus
20340,126,0,virus
54442,16,0,virus
34895,16,1,virus
20605,16,0,virus
9549,24,1,virus
33612,18,0,virus
48189,43,0,virus
2263,6,1,virus
6782,24,1,virus
24429,161,0,virus
49624,6,1,virus
32561,18,0,virus
42806,223,0,virus
34889,16,1,virus
18258,106,0,virus
49236,191,1,virus
12136,16,1,virus
25845,168,0,virus
7745,189,1,virus
48244,59,0,virus
21929,16,1,virus
40906,135,1,virus
49275,43,1,virus
21768,9,0,virus
29829,18,0,virus
40571,189,1,virus
18989,2,0,virus
12773,20,0,virus
36485,16,1,virus
12499,126,0,virus
8192,2,0,virus
14697,59,0,virus
45293,251,1,virus
32517,18,0,virus
21108,16,0,virus
3326,47,0,virus
4554,48,1,virus
23039,23,1,virus
55057,220,0,virus
48207,43,0,virus
37024,183,1,virus
13639,16,0,virus
52769,262,1,virus
11497,13,0,virus
54890,6,1,virus
588,54,1,virus
8538,278,0,virus
30166,43,0,virus
49722,43,1,virus
36745,135,1,virus
16086,168,1,virus
34241,18,0,virus
37023,24,1,virus
36593,6,1,virus
22191,222,0,virus
6487,2,0,virus
38943,135,1,virus
33589,18,0,virus
18174,18,0,virus
11427,56,1,virus
19566,16,1,virus
13599,16,0,virus
8130,191,1,virus
607,8,1,virus
1863,2,1,virus
21231,5,0,virus
30545,21,0,virus
25340,6,0,virus
16625,16,0,virus
26110,43,1,virus
9744,56,0,virus
14883,18,0,virus
49240,191,1,virus
39157,43,0,virus
12459,168,0,virus
15162,18,0,virus
24607,20,1,virus
45914,64,1,virus
46751,43,0,virus
33797,18,0,virus
30273,21,0,virus
24403,59,0,virus
31107,43,0,virus
38807,20,1,virus
39820,24,1,virus
21887,2,0,virus
33070,21,0,virus
20399,5,0,virus
26208,262,1,virus
11425,9,1,virus
29553,21,0,virus
34856,85,0,virus
54775,43,1,virus
10313,16,0,virus
51779,262,1,virus
32936,18,0,virus
25608,10,0,virus
28875,21,0,virus
37184,183,1,virus
5909,65,0,virus
14988,18,0,virus
5148,189,1,virus
12961,16,0,virus
21952,16,1,virus
12652,16,0,virus
4786,49,1,virus
32885,18,0,virus
19255,20,1,virus
4132,2,1,virus
32821,18,0,virus
40805,135,1,virus
846,9,1,virus
13325,6,1,virus
17275,2,0,virus
20466,10,1,virus
24394,134,0,virus
33792,21,1,virus
17221,220,1,virus
4416,24,1,virus
55045,168,0,virus
8266,9,0,virus
17929,14,0,virus
27752,102,0,virus
19003,168,0,virus
19289,18,0,virus
32387,21,0,virus
23815,34,1,virus
47039,43,0,virus
1628,15,1,virus
45014,189,1,virus
40566,189,1,virus
41679,213,0,virus
582,100,0,virus
28559,18,0,virus
46076,255,1,virus
10783,2,0,virus
54760,6,0,virus
14305,59,0,virus
25911,2,1,virus
32250,18,0,virus
33075,18,0,virus
8274,9,0,virus
45670,64,1,virus
48836,237,1,virus
941,8,1,virus
40432,6,0,virus
55008,168,0,virus
52014,262,1,virus
21052,222,0,virus
22047,222,1,virus
38520,24,1,virus
36360,24,0,virus
8722,24,1,virus
610,34,1,virus
34593,21,0,virus
19232,111,0,virus
14061,168,0,virus
22907,23,1,virus
4425,2,1,virus
39470,23,1,virus
7962,24,1,virus
39692,20,1,virus
4694,16,0,virus
4400,49,1,virus
3097,24,0,virus
14024,168,0,virus
7248,22,0,virus
52764,262,1,virus
52348,43,1,virus
10298,56,0,virus
40114,189,1,virus
10420,56,1,virus
12650,16,0,virus
24578,16,0,virus
34222,18,0,virus
20501,5,0,virus
39613,20,1,virus
39965,43,1,virus
4600,16,0,virus
6382,6,0,virus
8267,9,0,virus
7953,9,1,virus
43390,239,1,virus
17704,0,0,virus
29524,168,0,virus
45806,64,1,virus
33719,165,0,virus
26033,2,1,virus
37870,24,1,virus
11192,2,0,virus
36876,24,1,virus
47994,43,1,virus
7037,9,1,virus
29873,18,0,virus
1360,23,1,virus
24420,16,0,virus
21251,16,0,virus
8668,2,0,virus
11353,2,1,virus
13354,220,1,virus
36033,135,1,virus
39059,2,1,virus
45995,256,1,virus
52385,59,1,virus
1670,6,0,virus
2591,54,1,virus
27053,168,0,virus
1011,8,1,virus
35067,16,1,virus
24415,2,0,virus
11971,168,0,virus
53900,262,0,virus
7802,24,0,virus
54279,43,1,virus
5220,24,1,virus
45253,251,1,virus
9371,24,1,virus
15694,216,0,virus
36927,10,1,virus
30580,18,0,virus
29998,18,0,virus
32449,18,0,virus
37008,24,1,virus
9912,9,0,virus
11793,222,0,virus
30506,21,0,virus
6265,47,1,virus
6810,44,1,virus
40217,189,1,virus
1371,9,0,virus
29656,18,0,virus
7241,189,1,virus
35297,43,1,virus
45746,64,1,virus
52322,159,1,virus
35928,24,1,virus
5511,222,0,virus
32147,164,0,virus
20325,10,0,virus
12983,168,0,virus
701,56,1,virus
17766,103,0,virus
19742,222,0,virus
936,34,1,virus
12050,16,0,virus
33724,18,0,virus
32339,21,0,virus
855,56,1,virus
19057,5,0,virus
7646,2,0,virus
55013,168,0,virus
35179,172,1,virus
46963,43,0,virus
34740,85,0,virus
25109,222,1,virus
2896,189,1,virus
26722,16,1,virus
29954,21,0,virus
12372,2,0,virus
30742,21,0,virus
49145,261,0,virus
49099,261,1,virus
12319,20,0,virus
44865,136,1,virus
51857,262,1,virus
39190,22,1,virus
5012,25,1,virus
54013,262,0,virus
54829,6,1,virus
38515,24,1,virus
37623,22,1,virus
11286,24,1,virus
37068,22,0,virus
43496,162,1,virus
51748,262,1,virus
51451,262,1,virus
27836,161,0,virus
49078,261,1,virus
8437,6,0,virus
39786,23,1,virus
43600,162,1,virus
901,8,1,virus
33467,18,0,virus
49730,43,1,virus
38058,183,1,virus
7607,51,1,virus
33524,18,0,virus
18517,14,0,virus
45407,59,0,virus
2468,47,0,virus
33542,167,0,virus
49753,43,1,virus
10977,27,0,virus
11949,10,1,virus
39191,22,1,virus
27992,31,1,virus
43462,162,1,virus
49040,261,1,virus
30098,21,0,virus
45902,64,1,virus
26732,16,0,virus
9639,9,0,virus
26562,4,1,virus
49915,64,1,virus
34321,21,0,virus
49905,64,1,virus
12401,2,0,virus
20106,5,0,virus
21639,5,0,virus
51829,262,1,virus
2519,24,1,virus
47501,43,0,virus
45954,255,1,virus
19407,168,0,virus
17635,103,0,virus
27620,2,1,virus
924,42,1,virus
33362,18,0,virus
21961,2,1,virus
51981,262,1,virus
24963,2,0,virus
13811,9,0,virus
13371,91,1,virus
28677,18,0,virus
34646,21,0,virus
51845,262,1,virus
5156,24,1,virus
7640,2,0,virus
32875,18,0,virus
6068,2,0,virus
2964,139,1,virus
20652,10,0,virus
36328,189,1,virus
32738,21,0,virus
35806,24,1,virus
34575,21,0,virus
30861,21,0,virus
52229,262,1,virus
31844,18,0,virus
24877,118,0,virus
20956,16,1,virus
8954,77,0,virus
50035,155,1,virus
37215,24,1,virus
10008,2,0,virus
18272,216,0,virus
20980,100,1,virus
22634,16,0,virus
18252,103,0,virus
13857,16,1,virus
13947,16,0,virus
25248,222,0,virus
11429,56,1,virus
13000,2,1,virus
26684,168,1,virus
38041,183,1,virus
21968,168,0,virus
8625,16,1,virus
19028,16,0,virus
31627,18,0,virus
30846,21,0,virus
11787,16,1,virus
11831,168,1,virus
8626,24,0,virus
52327,250,1,virus
26186,43,1,virus
16898,106,0,virus
33199,56,0,virus
23634,54,1,virus
38669,180,1,virus
12741,168,1,virus
19192,0,0,virus
11588,168,0,virus
38215,24,1,virus
13672,16,0,virus
45112,136,1,virus
8827,77,0,virus
8669,6,1,virus
53754,262,0,virus
49507,6,1,virus
31469,21,0,virus
29632,41,1,virus
18410,103,0,virus
46082,255,1,virus
20325,126,0,virus
30215,18,0,virus
35263,43,1,virus
16922,107,0,virus
11105,56,1,virus
49245,43,1,virus
49634,6,1,virus
26017,6,0,virus
22982,23,1,virus
17425,103,0,virus
18172,2,1,virus
1667,2,0,virus
24834,4,0,virus
44719,239,1,virus
24102,16,0,virus
32453,18,0,virus
30990,21,1,virus
5588,24,1,virus
8956,6,1,virus
33682,166,0,virus
1160,9,0,virus
45113,242,1,virus
50179,155,1,virus
1663,135,1,virus
5510,222,0,virus
33029,21,0,virus
17235,2,1,virus
17557,0,0,virus
38668,180,1,virus
49916,64,1,virus
45604,191,1,virus
52121,262,1,virus
9780,6,1,virus
50104,155,1,virus
47117,43,0,virus
22806,123,0,virus
11726,90,1,virus
15041,185,0,virus
32318,18,0,virus
53606,43,0,virus
37820,24,1,virus
20814,14,0,virus
47553,43,0,virus
23067,22,1,virus
11378,2,1,virus
17225,2,1,virus
20637,168,0,virus
16913,103,0,virus
19099,112,0,virus
16858,103,0,virus
11557,16,0,virus
859,8,1,virus
33085,21,0,virus
11395,88,1,virus
52325,43,1,virus
24239,138,0,virus
1263,2,1,virus
7395,47,1,virus
18033,18,0,virus
52317,159,1,virus
14373,102,0,virus
42464,0,0,virus
11498,20,0,virus
39187,22,1,virus
4856,50,0,virus
38607,189,1,virus
46025,144,0,virus
28155,43,1,virus
22317,16,1,virus
52761,262,1,virus
17152,0,0,virus
23017,54,1,virus
7805,74,0,virus
10525,17,0,virus
5263,6,1,virus
22906,54,1,virus
1145,8,1,virus
13859,168,1,virus
49097,261,1,virus
20671,10,0,virus
48645,250,1,virus
32943,18,0,virus
51671,262,1,virus
52329,232,1,virus
4249,25,1,virus
37154,24,1,virus
9281,24,1,virus
4815,49,1,virus
4772,24,0,virus
11502,41,0,virus
47855,41,0,virus
33557,18,0,virus
12820,2,1,virus
37139,189,1,virus
5623,17,0,virus
30125,18,0,virus
7821,4,0,virus
30409,18,0,virus
54091,262,0,virus
1064,42,1,virus
32867,18,0,virus
35285,43,1,virus
27546,2,1,virus
3680,2,1,virus
25663,126,0,virus
30958,21,0,virus
37189,24,1,virus
17234,2,1,virus
4916,43,1,virus
10607,24,0,virus
140,0,0,virus
11761,222,0,virus
37914,20,1,virus
1581,2,0,virus
12735,21,0,virus
39733,13,1,virus
22937,54,1,virus
40064,135,1,virus
28709,23,1,virus
35825,24,1,virus
43651,162,1,virus
44409,6,1,virus
24298,54,1,virus
1914,2,0,virus
36265,24,1,virus
54130,262,0,virus
6275,189,1,virus
3819,189,1,virus
21185,14,0,virus
6655,3,0,virus
12900,222,1,virus
29837,21,0,virus
22954,54,1,virus
55085,222,1,virus
8545,56,1,virus
31605,18,0,virus
4953,25,1,virus
11930,168,1,virus
31979,2,1,virus
28865,21,0,virus
33143,43,0,virus
8202,2,0,virus
21558,222,1,virus
45490,239,1,virus
2671,189,1,virus
21534,222,0,virus
33366,18,0,virus
2352,24,0,virus
23000,54,1,virus
46970,43,0,virus
18041,18,0,virus
2869,135,1,virus
24583,16,0,virus
16502,168,0,virus
30105,18,0,virus
2787,24,1,virus
39947,262,1,virus
37587,24,1,virus
2622,24,1,virus
18494,0,0,virus
32909,18,0,virus
36673,24,1,virus
14628,222,0,virus
22948,23,1,virus
7839,16,0,virus
51886,262,1,virus
24397,138,0,virus
3307,24,0,virus
38647,135,1,virus
4067,6,1,virus
22156,2,0,virus
22442,5,0,virus
14709,102,0,virus
33471,21,0,virus
13279,16,1,virus
40770,189,1,virus
848,56,1,virus
42956,229,0,virus
897,34,1,virus
24011,6,1,virus
27192,2,1,virus
39537,262,1,virus
32957,18,0,virus
25118,34,1,virus
21766,9,0,virus
8399,2,0,virus
327,42,1,virus
33877,164,0,virus
24943,2,1,virus
21165,16,0,virus
48825,237,1,virus
47584,43,0,virus
38567,135,1,virus
6882,24,1,virus
238,137,1,virus
3876,48,1,virus
25013,9,1,virus
22635,59,0,virus
19609,4,0,virus
41172,6,1,virus
14607,103,0,virus
46952,43,0,virus
6938,24,1,virus
43365,239,1,virus
22986,22,1,virus
50643,43,0,virus
34667,21,0,virus
10178,16,0,virus
34383,18,0,virus
29878,43,1,virus
20679,10,0,virus
7961,24,1,virus
47345,43,0,virus
13592,168,0,virus
14847,222,1,virus
51837,262,1,virus
944,8,1,virus
16544,111,0,virus
54385,2,1,virus
32507,25,0,virus
29169,21,0,virus
35167,85,0,virus
33688,21,0,virus
8682,2,0,virus
40909,135,1,virus
1921,2,0,virus
72,2,0,virus
22171,168,0,virus
14010,168,0,virus
30181,21,0,virus
39475,54,1,virus
11924,16,0,virus
24226,135,0,virus
12973,2,1,virus
33451,21,0,virus
5470,2,0,virus
34116,21,0,virus
54101,262,0,virus
17904,18,0,virus
21828,2,1,virus
34253,21,0,virus
8686,2,0,virus
17590,14,0,virus
24838,144,0,virus
6060,16,0,virus
3594,48,1,virus
41276,100,1,virus
33784,21,0,virus
54299,43,1,virus
4528,2,1,virus
22819,2,0,virus
30787,18,0,virus
31284,21,1,virus
21589,2,0,virus
13169,74,0,virus
19008,168,0,virus
12982,168,0,virus
46962,43,0,virus
11563,6,1,virus
25710,126,0,virus
49033,261,1,virus
33712,167,0,virus
3770,191,1,virus
48207,44,0,virus
44802,136,1,virus
52329,43,1,virus
25763,111,0,virus
7903,24,1,virus
698,9,1,virus
8899,59,0,virus
9851,24,0,virus
37617,24,1,virus
11441,56,1,virus
12111,8,1,virus
3281,43,1,virus
42816,6,0,virus
45763,191,1,virus
5164,189,1,virus
27804,16,0,virus
16019,111,0,virus
22916,22,1,virus
18827,14,0,virus
61,10,0,virus
25133,8,1,virus
39295,24,1,virus
45742,64,1,virus
34939,16,1,virus
33010,18,0,virus
11850,220,1,virus
12514,168,0,virus
8806,2,0,virus
1051,8,1,virus
854,9,1,virus
32320,165,0,virus
23352,55,0,virus
14161,222,0,virus
51543,262,1,virus
4312,2,0,virus
23058,54,1,virus
8724,24,0,virus
22829,54,1,virus
41351,91,0,virus
43325,6,1,virus
11174,168,0,virus
8524,56,1,virus
11789,2,1,virus
39679,24,1,virus
13332,2,1,virus
43748,162,1,virus
23058,23,1,virus
53464,43,0,virus
39288,20,1,virus
35970,189,1,virus
33217,21,0,virus
19057,18,0,virus
45751,64,1,virus
6359,6,0,virus
42197,216,0,virus
31648,18,0,virus
38727,20,1,virus
13993,16,0,virus
42492,106,0,virus
31826,2,1,virus
38847,20,1,virus
23032,23,1,virus
31902,21,0,virus
24249,138,0,virus
7135,9,1,virus
21062,16,1,virus
2811,6,1,virus
52722,262,1,virus
25490,222,1,virus
33413,21,0,virus
44453,136,1,virus
17275,222,0,virus
25263,113,0,virus
45226,253,0,virus
24542,113,0,virus
38145,24,0,virus
17217,2,1,virus
20674,126,0,virus
34649,18,0,virus
30238,21,0,virus
8316,2,1,virus
5561,2,0,virus
35232,43,1,virus
38681,180,1,virus
6104,56,0,virus
23511,22,1,virus
22631,168,0,virus
53939,262,0,virus
10093,6,1,virus
29802,21,0,virus
14146,59,0,virus
11280,20,0,virus
14442,126,0,virus
45883,191,1,virus
30837,21,0,virus
2760,54,1,virus
23520,23,1,virus
47378,43,0,virus
23761,54,1,virus
39156,20,1,virus
32165,43,1,virus
28675,164,0,virus
32275,21,0,virus
22460,168,0,virus
14854,0,0,virus
3873,9,0,virus
43678,162,1,virus
49285,264,1,virus
13334,222,1,virus
32386,18,0,virus
12590,222,1,virus
21540,2,0,virus
24708,91,0,virus
44378,6,1,virus
19064,59,0,virus
22746,16,0,virus
27642,2,1,virus
51234,43,0,virus
24384,16,0,virus
14869,103,0,virus
28257,91,0,virus
45900,64,1,virus
23763,54,1,virus
15012,103,0,virus
32671,21,0,virus
37874,24,1,virus
46294,258,1,virus
51066,43,0,virus
30127,21,0,virus
16967,2,0,virus
21550,16,1,virus
12105,56,1,virus
1140,2,1,virus
32435,43,1,virus
1504,2,1,virus
22830,2,1,virus
8319,6,1,virus
38183,24,1,virus
45898,64,1,virus
538,2,1,virus
33216,21,0,virus
45863,64,1,virus
44287,240,1,virus
34357,159,1,virus
11108,220,1,virus
18783,107,0,virus
29233,43,0,virus
49072,261,1,virus
988,34,1,virus
44614,239,1,virus
43369,239,1,virus
21275,23,1,virus
23038,22,1,virus
3173,24,1,virus
43755,162,1,virus
8477,73,1,virus
3523,56,0,virus
33928,21,0,virus
34392,18,0,virus
33375,262,0,virus
17427,0,0,virus
9325,24,1,virus
50282,155,1,virus
21726,222,0,virus
40225,189,1,virus
43157,237,1,virus
34273,18,0,virus
34299,43,0,virus
22886,42,1,virus
20115,43,0,virus
41660,6,0,virus
42824,14,0,virus
27189,43,0,virus
23645,54,1,virus
39269,24,1,virus
46886,43,0,virus
52322,232,1,virus
12850,168,0,virus
25956,6,0,virus
43021,233,0,virus
34368,18,0,virus
32773,21,0,virus
26203,16,0,virus
30101,21,0,virus
13958,16,0,virus
33920,21,0,virus
14150,123,0,virus
30819,43,0,virus
13816,50,0,virus
4821,49,1,virus
4711,16,0,virus
39472,23,1,virus
1360,54,1,virus
1252,137,1,virus
35778,173,0,virus
32464,21,0,virus
24885,144,1,virus
20058,95,0,virus
5979,24,1,virus
45091,242,1,virus
33767,18,0,virus
21156,2,1,virus
31585,21,0,virus
9177,9,0,virus
8158,24,1,virus
11033,16,0,virus
32373,21,0,virus
17950,18,0,virus
19009,168,0,virus
54201,262,0,virus
44546,239,1,virus
45108,136,1,virus
22948,54,1,virus
54898,6,1,virus
5048,6,1,virus
48395,18,1,virus
17216,2,1,virus
32875,21,0,virus
51633,262,1,virus
23825,136,1,virus
13917,2,0,virus
14058,168,0,virus
3088,2,0,virus
237,22,1,virus
39557,20,1,virus
50013,155,1,virus
22293,168,0,virus
19221,103,0,virus
33080,21,0,virus
6036,9,0,virus
54167,262,0,virus
26897,8,1,virus
51211,262,0,virus
2831,24,1,virus
11272,88,1,virus
48234,59,0,virus
38041,135,1,virus
12829,220,1,virus
51968,262,1,virus
3670,48,1,virus
9885,2,0,virus
22554,222,0,virus
10449,56,1,virus
11152,16,0,virus
909,8,1,virus
10187,16,0,virus
37801,189,1,virus
8523,56,1,virus
1306,15,1,virus
52214,262,1,virus
36573,6,1,virus
14036,168,0,virus
29168,21,0,virus
45713,191,1,virus
587,137,1,virus
26346,145,1,virus
38690,20,1,virus
36227,13,0,virus
12624,222,1,virus
45385,59,0,virus
8300,2,0,virus
29607,21,0,virus
20006,168,0,virus
7821,10,0,virus
9224,2,1,virus
8672,2,0,virus
10213,9,0,virus
33824,18,0,virus
36459,24,1,virus
583,9,0,virus
26303,43,0,virus
8579,9,0,virus
22956,54,1,virus
29953,43,0,virus
26721,16,1,virus
19035,168,0,virus
44123,239,1,virus
53824,262,0,virus
32995,21,0,virus
43368,239,1,virus
7372,24,1,virus
266,20,1,virus
22876,42,1,virus
22397,168,1,virus
48001,43,1,virus
38591,24,1,virus
110,172,1,virus
8102,191,1,virus
33599,18,0,virus
13998,16,0,virus
48766,43,1,virus
11484,90,1,virus
24588,20,0,virus
3199,24,1,virus
591,22,1,virus
25285,20,1,virus
25997,16,0,virus
21589,222,0,virus
34987,16,1,virus
11627,2,0,virus
52355,159,1,virus
521,103,0,virus
13301,16,0,virus
24268,138,0,virus
5110,25,1,virus
39635,20,1,virus
48945,261,1,virus
5282,49,1,virus
12256,220,1,virus
37835,24,0,virus
22976,22,1,virus
17003,126,0,virus
38903,20,1,virus
24143,2,0,virus
31960,18,0,virus
2032,24,0,virus
35347,43,1,virus
33455,21,0,virus
23963,6,1,virus
44363,6,1,virus
7712,24,1,virus
11447,9,1,virus
6097,9,0,virus
42788,188,1,virus
202,9,0,virus
54109,262,0,virus
28380,16,0,virus
38681,22,1,virus
45121,242,1,virus
45703,191,1,virus
21770,9,0,virus
25426,2,1,virus
30857,21,0,virus
12419,16,0,virus
20643,16,0,virus
48740,43,1,virus
34566,18,0,virus
34383,21,0,virus
6705,75,0,virus
8485,73,1,virus
34410,21,0,virus
20658,10,0,virus
25868,17,1,virus
8883,2,0,virus
30296,21,0,virus
36242,33,0,virus
33312,21,1,virus
33288,18,0,virus
6802,24,1,virus
45800,64,1,virus
13994,16,0,virus
47113,43,0,virus
21545,222,0,virus
36720,135,1,virus
33796,18,0,virus
52362,232,1,virus
40110,188,1,virus
20642,16,0,virus
7632,189,1,virus
10518,9,0,virus
39050,220,1,virus
30179,18,0,virus
39924,43,1,virus
8313,2,1,virus
48525,237,1,virus
32817,166,0,virus
11352,9,1,virus
9234,24,1,virus
14298,0,0,virus
37196,24,1,virus
32357,21,0,virus
3178,43,1,virus
26992,24,1,virus
44202,241,1,virus
23952,6,1,virus
23876,136,1,virus
32393,18,0,virus
45821,191,1,virus
13610,16,0,virus
39922,43,1,virus
42858,189,1,virus
52349,232,1,virus
25441,2,1,virus
14034,16,0,virus
32160,18,0,virus
16970,106,0,virus
25990,16,0,virus
12174,16,0,virus
20,2,1,virus
19726,2,0,virus
11348,16,1,virus
16349,0,0,virus
30518,21,0,virus
2456,2,1,virus
20841,2,1,virus
1565,0,0,virus
29989,18,0,virus
33611,21,1,virus
51848,262,1,virus
54078,262,0,virus
51988,262,1,virus
26725,2,1,virus
41310,100,1,virus
19293,18,0,virus
32106,18,0,virus
218,54,1,virus
52687,262,1,virus
4480,54,1,virus
15758,103,0,virus
2332,1,0,virus
35000,16,1,virus
25579,222,1,virus
595,22,1,virus
27471,2,1,virus
1366,23,1,virus
25766,140,0,virus
54776,43,1,virus
39934,262,1,virus
32665,18,0,virus
29628,43,1,virus
44007,237,1,virus
4429,2,1,virus
51536,262,1,virus
30415,21,0,virus
41353,206,0,virus
42216,216,0,virus
28493,17,0,virus
21142,123,0,virus
33917,21,0,virus
54187,262,0,virus
20778,16,0,virus
2031,9,0,virus
33295,18,0,virus
33466,21,0,virus
1923,2,0,virus
5526,2,0,virus
33692,164,0,virus
899,34,1,virus
30516,18,0,virus
27210,162,0,virus
48560,237,1,virus
410,9,1,virus
28713,16,1,virus
15304,16,0,virus
2466,47,0,virus
38914,20,1,virus
25509,222,1,virus
25463,2,1,virus
32831,18,0,virus
8997,2,0,virus
33501,21,0,virus
25896,222,0,virus
38735,20,1,virus
39357,20,0,virus
15273,168,0,virus
25032,54,1,virus
18420,14,0,virus
22920,224,1,virus
18012,192,0,virus
30323,18,0,virus
45902,191,1,virus
9129,2,0,virus
23877,54,1,virus
24932,222,0,virus
14145,59,0,virus
17104,0,0,virus
27651,43,0,virus
45913,64,1,virus
51815,262,1,virus
845,56,1,virus
13562,222,1,virus
34042,21,0,virus
33789,21,0,virus
11422,9,1,virus
55146,126,0,virus
38891,20,1,virus
13662,59,0,virus
54654,4,1,virus
24258,138,0,virus
45602,191,1,virus
34800,85,0,virus
45808,191,1,virus
47353,43,0,virus
39084,20,1,virus
43872,239,1,virus
37989,24,1,virus
28687,166,0,virus
35677,173,0,virus
5156,189,1,virus
13063,168,0,virus
18764,114,0,virus
8203,2,0,virus
2400,43,1,virus
14468,18,0,virus
7016,24,1,virus
41028,6,1,virus
34410,18,0,virus
37024,183,1,virus
33580,18,0,virus
33434,21,0,virus
47921,43,1,virus
18989,222,0,virus
27132,24,1,virus
44389,6,1,virus
7224,22,0,virus
16240,0,0,virus
2263,102,1,virus
34325,18,0,virus
956,8,1,virus
37473,54,1,virus
55152,126,0,virus
33921,21,0,virus
21146,14,0,virus
38053,24,1,virus
32837,21,0,virus
46163,255,1,virus
10184,16,0,virus
13653,16,0,virus
5852,168,0,virus
46913,43,0,virus
20385,123,1,virus
784,100,1,virus
22,2,1,virus
11823,16,0,virus
21142,91,0,virus
40387,6,1,virus
5124,16,0,virus
40330,189,1,virus
38704,222,0,virus
4921,47,0,virus
20383,10,1,virus
23712,136,1,virus
51469,262,1,virus
35121,16,1,virus
22835,54,1,virus
18082,0,0,virus
44382,6,1,virus
53400,43,0,virus
55081,220,1,virus
22388,16,0,virus
4764,222,0,virus
32261,18,0,virus
52364,43,1,virus
2614,24,1,virus
8468,73,1,virus
19297,18,0,virus
42805,223,0,virus
24982,17,1,virus
3898,2,1,virus
20998,222,1,virus
49200,261,1,virus
2896,6,1,virus
33664,18,0,virus
17993,145,0,virus
29891,18,0,virus
43134,237,1,virus
12942,2,0,virus
52321,159,1,virus
7888,44,0,virus
15299,103,0,virus
17035,168,0,virus
38986,20,1,virus
37528,54,1,virus
25606,2,0,virus
18230,18,0,virus
23834,136,1,virus
21825,2,1,virus
22804,5,0,virus
33833,166,0,virus
40020,187,0,virus
31930,43,0,virus
45800,191,1,virus
34475,21,0,virus
22693,222,0,virus
25862,153,0,virus
33061,18,0,virus
16503,168,0,virus
45052,136,1,virus
434,0,0,virus
2722,24,1,virus
21949,16,1,virus
38671,180,1,virus
32445,18,0,virus
30278,21,0,virus
6507,13,1,virus
54216,262,0,virus
34637,21,0,virus
25012,150,0,virus
25724,10,0,virus
44140,34,1,virus
58,9,1,virus
13594,16,0,virus
16347,0,0,virus
7359,189,1,virus
27709,56,1,virus
13291,168,0,virus
1963,5,0,virus
2964,189,1,virus
39783,22,1,virus
3044,48,1,virus
45646,64,1,virus
35211,172,1,virus
30704,43,1,virus
30155,21,0,virus
950,34,1,virus
31530,43,0,virus
33032,18,0,virus
30156,43,1,virus
52923,262,0,virus
44792,136,1,virus
16165,70,0,virus
1112,9,0,virus
7784,2,0,virus
34016,18,0,virus
38237,135,1,virus
34132,43,1,virus
5201,67,1,virus
28424,145,0,virus
41119,54,1,virus
33553,21,0,virus
18224,2,1,virus
6671,56,1,virus
43386,239,1,virus
4825,49,1,virus
13498,168,0,virus
49995,155,1,virus
34227,164,0,virus
21056,5,0,virus
5965,189,1,virus
30906,18,0,virus
2263,2,1,virus
37252,23,0,virus
3224,189,1,virus
855,8,1,virus
13538,16,0,virus
1444,2,1,virus
3878,48,1,virus
48195,59,0,virus
9711,73,1,virus
54285,43,1,virus
14357,0,0,virus
13939,168,0,virus
10296,9,0,virus
11772,222,0,virus
6699,278,0,virus
38135,24,1,virus
40264,6,1,virus
46542,43,0,virus
23764,136,1,virus
19975,10,0,virus
25497,2,1,virus
16339,102,0,virus
22993,23,1,virus
13023,72,0,virus
12007,222,1,virus
20424,5,0,virus
47967,43,1,virus
30555,165,0,virus
37132,24,1,virus
19000,16,0,virus
32300,21,0,virus
8876,42,0,virus
4426,2,1,virus
13812,16,0,virus
37010,24,1,virus
34066,18,0,virus
30114,18,0,virus
1802,168,1,virus
21764,9,0,virus
24500,23,1,virus
14541,103,0,virus
45626,64,1,virus
39781,23,1,virus
17612,0,0,virus
7135,56,1,virus
4783,49,1,virus
47757,262,0,virus
4121,6,1,virus
10745,189,0,virus
20668,10,0,virus
32458,21,0,virus
10252,56,0,virus
44003,237,1,virus
44884,136,1,virus
6307,70,0,virus
32223,18,0,virus
27566,24,1,virus
12793,2,0,virus
41288,100,1,virus
15428,0,0,virus
11214,6,1,virus
35738,13,0,virus
16511,16,0,virus
39620,24,1,virus
28859,18,0,virus
1042,54,1,virus
32780,21,0,virus
5933,16,0,virus
53064,262,0,virus
42670,14,0,virus
36199,24,1,virus
36506,6,1,virus
12723,41,0,virus
9398,24,1,virus
15991,105,0,virus
19070,102,0,virus
28519,145,0,virus
18270,0,0,virus
46607,43,0,virus
5522,2,0,virus
172,0,0,virus
33806,18,0,virus
30100,18,0,virus
41647,6,0,virus
27718,222,0,virus
41048,91,1,virus
13573,80,0,virus
12983,16,0,virus
16821,18,0,virus
33608,21,0,virus
6887,189,1,virus
42783,272,1,virus
26170,168,1,virus
31565,18,0,virus
48552,237,1,virus
23687,136,1,virus
21638,168,0,virus
14727,18,0,virus
28687,167,0,virus
13416,16,0,virus
3400,42,0,virus
11336,222,1,virus
31751,21,0,virus
22952,23,1,virus
11185,2,0,virus
46157,255,1,virus
33270,18,0,virus
43359,239,1,virus
25022,54,1,virus
15286,102,0,virus
30384,43,1,virus
36786,20,1,virus
3,0,0,virus
38818,20,1,virus
54405,2,1,virus
28230,2,0,virus
5022,24,1,virus
54366,43,0,virus
47500,43,0,virus
22131,5,0,virus
8081,191,1,virus
5153,189,1,virus
17308,18,0,virus
38178,189,1,virus
22570,16,0,virus
14732,114,0,virus
5972,24,1,virus
9015,189,1,virus
20608,16,0,virus
27141,24,1,virus
28665,18,0,virus
4534,48,1,virus
30407,21,0,virus
45047,242,1,virus
44680,239,1,virus
39841,72,1,virus
34024,21,0,virus
24842,10,0,virus
14057,168,0,virus
27029,43,0,virus
45811,191,1,virus
39171,20,1,virus
13572,168,0,virus
4589,2,1,virus
26226,31,1,virus
54031,262,0,virus
8643,16,0,virus
6892,24,1,virus
4288,31,1,virus
25034,54,1,virus
13451,2,1,virus
31401,43,0,virus
8616,9,1,virus
18479,114,0,virus
1859,9,1,virus
4556,48,1,virus
29424,43,0,virus
49173,261,0,virus
40238,189,1,virus
46774,43,0,virus
35758,173,0,virus
6083,9,0,virus
35695,13,0,virus
25957,6,0,virus
32324,18,0,virus
32467,18,0,virus
23771,136,1,virus
38935,135,1,virus
33373,262,0,virus
8483,73,1,virus
12077,168,0,virus
2577,6,1,virus
50144,155,1,virus
36287,24,1,virus
31627,21,0,virus
48469,237,1,virus
32192,43,0,virus
39777,22,1,virus
16384,18,0,virus
37601,24,1,virus
7627,190,1,virus
16355,0,0,virus
4036,13,0,virus
18194,2,0,virus
14955,14,0,virus
32650,262,0,virus
12749,41,0,virus
23590,136,1,virus
31267,18,0,virus
15239,103,0,virus
29848,18,0,virus
37609,24,1,virus
43415,162,1,virus
35213,172,1,virus
22963,54,1,virus
54041,262,0,virus
11417,9,1,virus
46940,43,0,virus
45537,253,0,virus
25512,222,1,virus
52384,43,1,virus
49233,191,1,virus
11925,37,0,virus
13823,9,1,virus
37596,24,1,virus
33044,18,0,virus
47920,43,1,virus
18012,222,0,virus
24667,148,0,virus
3342,48,1,virus
45667,64,1,virus
10135,24,1,virus
49881,64,1,virus
31556,18,0,virus
8201,16,0,virus
47929,43,1,virus
18506,103,0,virus
24382,55,0,virus
35457,19,0,virus
40666,194,0,virus
14153,145,0,virus
31641,18,0,virus
14320,103,0,virus
35797,135,1,virus
36397,24,1,virus
17887,18,0,virus
47944,43,1,virus
33844,18,0,virus
39672,24,1,virus
32555,164,0,virus
18581,104,0,virus
33872,18,0,virus
24863,126,1,virus
5221,62,1,virus
45004,189,1,virus
52379,43,1,virus
33689,18,0,virus
1177,9,0,virus
48238,59,0,virus
32617,18,0,virus
38927,20,1,virus
52113,262,1,virus
40024,135,1,virus
48191,59,0,virus
33884,18,0,virus
44555,239,1,virus
3741,191,1,virus
32481,18,0,virus
23858,54,1,virus
6465,9,0,virus
46681,43,0,virus
36693,24,1,virus
34928,16,1,virus
37761,6,1,virus
39739,272,1,virus
6389,16,0,virus
22922,23,1,virus
882,25,1,virus
18280,2,0,virus
52249,262,1,virus
41072,54,1,virus
7062,189,1,virus
20468,185,0,virus
54053,262,0,virus
29444,43,0,virus
47157,43,0,virus
39949,262,1,virus
1663,24,1,virus
32618,18,0,virus
26145,43,0,virus
24271,2,0,virus
21296,222,0,virus
1204,13,1,virus
38080,135,1,virus
16726,126,0,virus
51482,262,1,virus
16878,18,0,virus
45061,242,1,virus
16371,14,0,virus
39595,135,1,virus
47975,43,1,virus
9858,13,0,virus
4602,59,0,virus
50871,43,0,virus
28587,164,0,virus
37708,59,1,virus
13331,220,1,virus
30177,21,0,virus
22973,22,1,virus
32415,18,0,virus
38942,135,1,virus
31104,43,0,virus
14504,0,0,virus
13083,16,1,virus
5019,25,1,virus
12386,2,0,virus
232,137,1,virus
13779,168,1,virus
25647,49,1,virus
22960,54,1,virus
25508,2,1,virus
24084,2,1,virus
30712,21,0,virus
13250,16,1,virus
6425,24,0,virus
3975,24,1,virus
35570,24,1,virus
52747,262,1,virus
9661,47,1,virus
8797,189,1,virus
21850,5,0,virus
52891,262,1,virus
15070,2,0,virus
47940,43,1,virus
49888,64,1,virus
28007,43,0,virus
22394,222,0,virus
40581,189,1,virus
10850,16,0,virus
24179,55,0,virus
19996,128,0,virus
843,9,1,virus
28271,21,0,virus
39553,20,1,virus
48858,159,0,virus
23683,136,1,virus
24115,20,1,virus
42793,188,1,virus
23599,136,1,virus
18439,14,0,virus
12594,135,1,virus
17437,0,0,virus
4100,6,1,virus
1392,137,1,virus
4428,2,1,virus
39264,20,1,virus
15149,103,0,virus
22439,5,0,virus
49711,43,1,virus
22939,224,1,virus
5273,191,1,virus
27201,162,0,virus
48015,43,1,virus
48626,250,1,virus
46772,43,0,virus
35275,43,1,virus
20328,10,0,virus
40120,188,1,virus
12430,168,0,virus
49648,6,1,virus
32946,18,0,virus
36412,102,0,virus
31194,21,0,virus
3000,43,1,virus
45726,191,1,virus
10901,9,0,virus
25064,54,1,virus
50250,155,1,virus
54376,6,1,virus
1766,5,0,virus
8695,9,0,virus
25995,6,0,virus
25027,22,1,virus
1226,0,0,virus
2897,189,1,virus
23028,22,1,virus
32753,164,0,virus
37216,135,1,virus
33457,21,0,virus
35827,168,0,virus
25439,2,1,virus
14592,18,0,virus
14530,64,0,virus
17873,59,0,virus
2966,24,0,virus
17818,103,0,virus
24683,20,0,virus
7863,195,1,virus
34097,21,0,virus
31457,18,0,virus
33080,18,0,virus
30554,165,0,virus
21076,16,1,virus
5912,18,0,virus
8270,24,1,virus
186,16,0,virus
46719,43,0,virus
14912,4,0,virus
8930,16,0,virus
31996,43,0,virus
34566,21,0,virus
33259,18,0,virus
8410,6,0,virus
52094,262,1,virus
31315,43,0,virus
23533,54,1,virus
54075,262,0,virus
36102,135,1,virus
28580,21,0,virus
41357,206,0,virus
21544,2,0,virus
32354,43,0,virus
40122,188,1,virus
8398,2,0,virus
13418,16,0,virus
8908,9,0,virus
51016,43,1,virus
37209,135,1,virus
12795,2,0,virus
4387,2,0,virus
20378,123,1,virus
17803,0,0,virus
24332,2,0,virus
11483,90,1,virus
29539,21,0,virus
24874,118,0,virus
28367,2,0,virus
2893,54,1,virus
12580,168,0,virus
31614,18,0,virus
22984,23,1,virus
26595,60,0,virus
30068,30,1,virus
45164,43,0,virus
37964,24,1,virus
24876,152,1,virus
32379,21,0,virus
37795,24,1,virus
10493,56,0,virus
30318,21,0,virus
2581,8,1,virus
31846,18,0,virus
6104,9,0,virus
13071,41,0,virus
38332,24,1,virus
47864,41,0,virus
51836,262,1,virus
2493,50,0,virus
51042,43,1,virus
21523,2,0,virus
37853,24,1,virus
4923,47,0,virus
41975,216,0,virus
45778,191,1,virus
48783,43,1,virus
45858,64,1,virus
19059,120,0,virus
20058,125,0,virus
30491,21,0,virus
20954,168,1,virus
13062,95,0,virus
29165,166,0,virus
23056,54,1,virus
37290,6,1,virus
25954,6,0,virus
15886,0,0,virus
16837,0,0,virus
46836,43,0,virus
19674,102,0,virus
54965,2,1,virus
47611,43,0,virus
53764,262,0,virus
17556,18,0,virus
6019,18,0,virus
783,23,1,virus
8126,191,1,virus
55003,126,0,virus
784,9,1,virus
27757,102,0,virus
594,22,1,virus
33711,167,0,virus
1170,9,0,virus
35809,24,1,virus
51218,159,1,virus
40802,135,1,virus
12244,74,0,virus
13001,220,1,virus
26608,4,0,virus
45633,64,1,virus
16315,0,0,virus
43984,237,1,virus
32521,18,0,virus
29243,43,0,virus
30102,18,0,virus
40711,195,1,virus
28934,21,0,virus
44962,136,1,virus
3712,2,1,virus
198,9,0,virus
25053,100,1,virus
37646,18,0,virus
52260,262,1,virus
42555,217,0,virus
31072,2,0,virus
35658,13,0,virus
23369,54,1,virus
2373,73,0,virus
47761,43,0,virus
36042,24,1,virus
43635,162,1,virus
6916,24,1,virus
28887,21,0,virus
23057,23,1,virus
27736,2,1,virus
21137,5,0,virus
31350,43,1,virus
29310,43,1,virus
48214,59,0,virus
39498,43,1,virus
22902,23,1,virus
975,8,1,virus
47663,43,0,virus
6039,16,1,virus
39932,262,1,virus
36155,24,1,virus
32588,18,0,virus
10450,278,0,virus
33408,21,0,virus
21113,5,0,virus
53428,43,0,virus
2510,4,0,virus
22975,224,1,virus
20109,41,0,virus
27416,2,0,virus
32980,18,0,virus
2036,126,0,virus
35768,173,0,virus
9188,2,0,virus
45745,191,1,virus
34770,16,1,virus
6132,2,0,virus
36747,135,1,virus
34809,42,1,virus
29501,43,0,virus
32320,18,0,virus
49909,64,1,virus
2088,18,0,virus
49875,64,1,virus
4219,34,1,virus
24245,2,0,virus
28097,21,0,virus
17126,168,0,virus
13848,16,1,virus
2767,24,1,virus
30919,18,0,virus
40043,135,1,virus
52346,250,1,virus
25769,153,0,virus
21311,2,1,virus
45090,242,1,virus
18267,0,0,virus
29529,164,0,virus
43158,238,0,virus
52367,159,1,virus
14008,168,0,virus
12847,168,0,virus
31932,18,0,virus
21714,14,0,virus
49294,264,1,virus
30323,21,0,virus
24014,6,1,virus
38939,20,1,virus
24710,2,0,virus
5549,2,1,virus
19901,180,1,virus
21712,16,0,virus
21244,2,0,virus
32633,21,0,virus
6050,9,0,virus
21844,16,0,virus
52375,59,1,virus
12412,222,0,virus
2258,0,0,virus
2671,6,1,virus
20673,10,0,virus
32711,18,0,virus
29995,18,0,virus
45165,43,0,virus
46808,43,0,virus
42293,216,0,virus
4056,42,0,virus
8765,24,1,virus
37827,24,1,virus
35213,172,1,virus
32560,18,0,virus
52549,262,1,virus
4595,54,1,virus
33650,164,0,virus
45119,136,1,virus
19702,5,0,virus
54531,56,0,virus
27336,163,0,virus
44936,136,1,virus
43022,233,0,virus
52205,262,1,virus
24801,4,0,virus
32232,18,0,virus
52355,232,1,virus
17018,102,0,virus
45941,255,1,virus
34985,16,1,virus
34640,21,0,virus
15310,168,0,virus
16219,18,0,virus
12206,6,1,virus
13863,168,1,virus
22983,23,1,virus
33008,18,0,virus
33717,18,0,virus
34961,16,1,virus
20529,5,0,virus
17906,18,0,virus
23595,136,1,virus
53407,43,0,virus
23946,6,1,virus
10031,16,0,virus
39344,20,0,virus
45818,191,1,virus
24378,55,0,virus
10177,16,0,virus
51318,59,0,virus
26157,222,0,virus
21041,2,0,virus
42641,14,0,virus
3814,189,1,virus
43023,233,0,virus
25504,222,1,virus
20877,168,1,virus
6234,16,0,virus
55227,43,0,virus
36297,24,1,virus
21819,5,0,virus
41683,213,0,virus
37267,13,1,virus
38256,24,1,virus
10333,9,0,virus
8104,191,1,virus
1050,8,1,virus
11204,16,1,virus
42595,6,0,virus
8498,2,1,virus
21181,5,0,virus
37538,54,1,virus
21274,272,1,virus
11434,9,1,virus
54567,6,0,virus
53639,43,0,virus
10345,75,1,virus
10719,2,1,virus
29696,21,0,virus
49977,155,1,virus
6098,9,0,virus
6280,168,0,virus
45704,64,1,virus
53851,262,0,virus
10378,56,0,virus
47764,262,0,virus
51948,262,1,virus
15730,0,0,virus
55029,222,1,virus
32550,21,0,virus
17126,16,0,virus
53775,262,0,virus
39921,262,1,virus
33752,18,0,virus
15659,18,0,virus
14880,5,0,virus
786,22,1,virus
31286,24,1,virus
18312,5,0,virus
36557,24,1,virus
10842,56,0,virus
13776,16,1,virus
21705,222,0,virus
6970,24,1,virus
20342,126,0,virus
48626,43,1,virus
13828,56,1,virus
19348,0,0,virus
33350,21,1,virus
13710,168,0,virus
30004,21,0,virus
16491,16,0,virus
8305,6,1,virus
30310,18,0,virus
19004,16,0,virus
11777,126,1,virus
5359,49,0,virus
19633,0,0,virus
26285,17,0,virus
8333,16,0,virus
25376,6,0,virus
12614,91,0,virus
33710,164,0,virus
6351,6,1,virus
2344,15,1,virus
22600,59,0,virus
33617,18,0,virus
11145,16,0,virus
7180,24,0,virus
53766,262,0,virus
33458,21,0,virus
25111,222,1,virus
38331,24,1,virus
28829,43,1,virus
6505,13,1,virus
19029,16,0,virus
32203,43,1,virus
625,8,1,virus
5520,2,0,virus
22943,22,1,virus
28065,18,0,virus
25330,137,1,virus
18794,105,0,virus
12628,95,0,virus
33602,21,0,virus
43444,162,1,virus
39788,22,1,virus
9232,135,1,virus
1437,220,1,virus
7385,59,0,virus
23084,227,0,virus
9248,2,1,virus
38277,24,1,virus
51941,262,1,virus
44218,241,1,virus
51712,262,1,virus
22903,54,1,virus
12533,16,0,virus
16205,0,0,virus
1393,54,1,virus
44333,6,1,virus
46722,43,0,virus
14443,126,0,virus
37018,24,1,virus
51760,262,1,virus
19638,0,0,virus
11202,16,1,virus
22155,16,1,virus
32555,166,0,virus
11263,220,1,virus
47727,43,0,virus
1735,5,0,virus
13670,16,1,virus
25370,10,0,virus
49880,64,1,virus
21276,22,1,virus
45154,41,0,virus
34053,18,0,virus
820,8,1,virus
3096,24,0,virus
8674,2,0,virus
21277,272,1,virus
22996,54,1,virus
51818,262,1,virus
28268,21,0,virus
10038,16,0,virus
1658,0,0,virus
38737,20,1,virus
26102,43,1,virus
15628,14,0,virus
30234,21,0,virus
51976,262,1,virus
3742,191,0,virus
35837,24,1,virus
38021,20,1,virus
965,8,1,virus
45401,59,0,virus
7791,73,0,virus
24064,138,0,virus
23649,54,1,virus
20896,222,0,virus
6641,22,0,virus
23288,224,1,virus
39817,20,0,virus
2992,24,1,virus
13278,6,1,virus
22027,2,1,virus
31011,21,0,virus
52099,262,1,virus
39222,13,1,virus
37124,24,1,virus
7185,189,1,virus
900,8,1,virus
36223,24,1,virus
9353,24,1,virus
13421,2,0,virus
39083,222,0,virus
5503,2,0,virus
29764,18,0,virus
11674,205,0,virus
23969,6,1,virus
45174,43,0,virus
23033,224,1,virus
16557,0,0,virus
13099,2,0,virus
15243,0,0,virus
31652,21,0,virus
47610,43,0,virus
48404,136,1,virus
15181,0,0,virus
42792,189,1,virus
22089,125,0,virus
23865,54,1,virus
26069,160,0,virus
39195,23,1,virus
21771,56,0,virus
28871,18,0,virus
25370,126,0,virus
31778,2,1,virus
32930,21,0,virus
40587,189,1,virus
15567,102,0,virus
10016,2,0,virus
32908,18,0,virus
23705,136,1,virus
3352,6,1,virus
21931,168,1,virus
266,135,1,virus
35221,220,0,virus
13765,168,1,virus
7407,9,0,virus
1162,56,0,virus
30443,43,0,virus
3040,48,1,virus
4111,6,1,virus
814,56,1,virus
7194,23,0,virus
29450,18,0,virus
26163,91,0,virus
32867,21,0,virus
27251,43,1,virus
12990,168,0,virus
7709,24,1,virus
24094,168,0,virus
22206,20,0,virus
24267,138,0,virus
14500,103,0,virus
29735,60,0,virus
22140,130,1,virus
11670,168,1,virus
32013,18,0,virus
32777,21,0,virus
40927,59,0,virus
13480,80,0,virus
12232,16,1,virus
13699,16,1,virus
38434,24,1,virus
21539,2,0,virus
9599,2,0,virus
6844,24,0,virus
34287,18,0,virus
5972,189,1,virus
27373,6,1,virus
21499,14,0,virus
36465,16,1,virus
14581,16,0,virus
17673,18,0,virus
35718,6,1,virus
39807,22,1,virus
39469,23,1,virus
28783,43,0,virus
7630,189,1,virus
19053,102,0,virus
18493,0,0,virus
40191,135,1,virus
44850,136,0,virus
32652,21,0,virus
19596,4,0,virus
40044,188,1,virus
34658,18,0,virus
48824,237,1,virus
5441,62,1,virus
14768,18,0,virus
609,34,1,virus
45935,255,1,virus
21635,14,0,virus
21932,16,1,virus
17714,107,0,virus
10336,9,1,virus
5167,189,1,virus
10926,10,0,virus
30248,18,0,virus
8550,9,0,virus
22089,95,0,virus
31502,164,0,virus
11773,50,0,virus
8946,76,0,virus
2752,54,1,virus
19844,5,0,virus
4559,48,1,virus
6219,24,1,virus
30852,43,0,virus
6693,2,0,virus
8730,2,0,virus
38661,22,1,virus
26485,43,0,virus
6461,13,1,virus
50208,155,1,virus
32939,21,0,virus
30111,21,0,virus
30176,21,0,virus
4213,24,1,virus
31583,18,0,virus
25022,22,1,virus
21963,222,0,virus
609,34,1,virus
374,0,0,virus
49131,261,1,virus
44335,6,1,virus
39256,20,1,virus
13515,72,0,virus
22906,22,1,virus
18045,16,1,virus
29228,43,0,virus
12797,6,1,virus
53879,262,0,virus
25898,222,0,virus
20743,14,0,virus
32218,18,0,virus
30104,18,0,virus
25025,54,1,virus
37412,189,1,virus
18266,102,0,virus
19353,18,0,virus
47979,59,1,virus
50008,155,1,virus
17809,103,0,virus
38677,180,1,virus
14458,126,0,virus
23299,100,1,virus
4998,25,1,virus
23225,23,1,virus
27003,24,1,virus
33928,18,0,virus
33659,21,0,virus
8454,74,0,virus
19225,103,0,virus
16232,216,0,virus
32656,18,0,virus
12709,2,0,virus
19033,16,0,virus
19716,103,0,virus
33351,43,0,virus
18345,105,0,virus
8888,2,0,virus
26968,34,1,virus
25079,9,1,virus
48921,261,0,virus
25958,168,0,virus
13183,6,1,virus
47537,43,0,virus
29449,18,0,virus
932,42,1,virus
629,6,1,virus
29857,2,0,virus
5655,168,0,virus
33478,18,0,virus
27300,2,0,virus
30073,2,1,virus
36574,24,1,virus
15684,102,0,virus
38436,24,1,virus
11214,16,1,virus
38318,189,1,virus
3045,48,1,virus
38679,180,1,virus
31464,21,0,virus
31577,18,0,virus
9092,56,0,virus
8725,2,0,virus
25107,140,0,virus
32478,21,0,virus
18854,18,0,virus
17323,222,1,virus
8826,77,0,virus
51989,262,1,virus
9797,278,0,virus
27333,163,0,virus
54043,262,0,virus
13326,6,1,virus
42506,102,0,virus
20293,59,0,virus
39065,222,1,virus
1656,0,0,virus
13753,16,1,virus
11208,168,1,virus
37198,24,1,virus
38481,24,1,virus
20553,55,1,virus
2709,6,1,virus
19923,2,0,virus
28692,18,0,virus
1858,56,1,virus
27983,43,1,virus
36489,20,1,virus
36998,183,1,virus
11851,2,0,virus
12389,2,0,virus
32377,18,0,virus
44915,136,1,virus
1348,8,1,virus
1454,2,1,virus
19106,18,0,virus
9825,2,1,virus
3541,4,1,virus
7363,189,1,virus
18060,2,0,virus
21853,5,0,virus
782,23,1,virus
19923,185,0,virus
3437,25,1,virus
27161,24,1,virus
15507,0,0,virus
20673,126,0,virus
21579,220,1,virus
7872,3,0,virus
17553,102,0,virus
4997,25,1,virus
5154,24,1,virus
46929,43,0,virus
6977,189,1,virus
20838,14,0,virus
7239,189,1,virus
13646,16,0,virus
14307,14,0,virus
1470,2,1,virus
4206,24,0,virus
7182,24,1,virus
49289,264,1,virus
25899,2,0,virus
50457,43,1,virus
229,22,1,virus
18565,103,0,virus
53864,262,0,virus
880,25,1,virus
16222,0,0,virus
17796,14,0,virus
16645,16,0,virus
27955,102,0,virus
36290,61,0,virus
614,8,1,virus
18733,18,0,virus
35752,173,0,virus
39990,43,1,virus
50168,155,1,virus
44250,240,1,virus
766,100,1,virus
44892,136,1,virus
817,56,1,virus
33193,2,0,virus
15273,16,0,virus
54655,4,1,virus
33139,21,0,virus
21562,222,1,virus
38837,20,1,virus
29157,21,0,virus
30180,21,0,virus
15934,0,0,virus
6875,189,1,virus
33024,21,0,virus
18607,105,0,virus
34978,16,1,virus
33488,21,0,virus
32667,18,0,virus
32735,18,0,virus
12950,220,1,virus
8977,24,1,virus
52345,250,1,virus
54907,2,0,virus
15059,14,0,virus
21329,2,0,virus
31605,166,0,virus
27730,43,1,virus
32757,165,0,virus
38870,20,1,virus
33704,18,0,virus
37537,13,1,virus
10505,2,0,virus
7885,278,0,virus
37589,24,1,virus
13177,74,0,virus
34074,18,0,virus
37390,135,1,virus
13212,168,1,virus
31588,18,0,virus
30232,21,0,virus
14151,126,0,virus
16216,18,0,virus
5993,17,0,virus
39998,184,0,virus
6945,24,1,virus
33057,164,0,virus
6372,16,0,virus
33397,21,0,virus
8390,22,0,virus
3115,24,1,virus
859,56,1,virus
51563,262,1,virus
45919,191,1,virus
54941,222,1,virus
27083,24,1,virus
13438,205,0,virus
14831,18,0,virus
38961,135,1,virus
23557,138,0,virus
30831,2,1,virus
25376,2,1,virus
20971,130,1,virus
30631,21,0,virus
29898,21,0,virus
33014,18,0,virus
37805,189,1,virus
23802,56,1,virus
16246,0,0,virus
15039,186,0,virus
12096,16,1,virus
12079,16,0,virus
15793,103,0,virus
27125,2,1,virus
43156,237,1,virus
22881,42,1,virus
13332,222,1,virus
38680,23,1,virus
33281,21,0,virus
54450,16,0,virus
8907,2,0,virus
33780,18,0,virus
21371,59,1,virus
15925,106,0,virus
23518,54,1,virus
33830,21,0,virus
6934,24,1,virus
35999,189,1,virus
27458,2,1,virus
38,6,1,virus
47879,159,0,virus
48675,43,0,virus
10587,9,0,virus
53961,262,0,virus
32236,167,0,virus
26212,145,0,virus
35706,2,1,virus
30034,30,0,virus
11353,220,1,virus
8809,6,1,virus
52025,262,1,virus
8256,9,1,virus
2552,47,0,virus
23539,54,1,virus
49719,43,1,virus
39737,22,1,virus
15632,102,0,virus
593,22,1,virus
12099,168,1,virus
45081,136,1,virus
23066,23,1,virus
17449,18,0,virus
28841,18,0,virus
43657,162,1,virus
20730,5,0,virus
33138,164,0,virus
20072,16,0,virus
33925,18,0,virus
30821,18,0,virus
1156,56,0,virus
19432,0,0,virus
19994,14,0,virus
6089,9,0,virus
31077,2,0,virus
45662,64,1,virus
10311,16,0,virus
41336,135,1,virus
3280,24,1,virus
2029,9,0,virus
52392,232,1,virus
36721,135,1,virus
8900,9,0,virus
42742,100,0,virus
16576,102,0,virus
1465,222,1,virus
48226,59,0,virus
49887,64,1,virus
14085,2,1,virus
30858,18,0,virus
25474,2,1,virus
49720,43,1,virus
3152,24,1,virus
37896,20,1,virus
47347,43,0,virus
26012,2,1,virus
20321,14,0,virus
23052,22,1,virus
14199,168,0,virus
3258,2,1,virus
45074,242,1,virus
35909,24,1,virus
35466,43,1,virus
32757,167,0,virus
11569,168,1,virus
33852,18,0,virus
12596,135,1,virus
25482,2,1,virus
28288,2,0,virus
45786,191,1,virus
22565,16,0,virus
29165,21,1,virus
1093,8,1,virus
29157,18,0,virus
6223,16,0,virus
20034,262,1,virus
36401,24,1,virus
7315,24,1,virus
41175,6,1,virus
236,54,1,virus
24027,6,1,virus
1506,222,1,virus
34504,21,0,virus
22191,16,1,virus
2913,44,0,virus
37118,24,1,virus
33352,21,0,virus
1987,0,0,virus
33820,21,0,virus
27745,43,1,virus
27371,24,1,virus
24750,2,0,virus
26718,168,1,virus
20886,222,1,virus
17475,107,0,virus
4445,24,1,virus
12793,6,1,virus
47119,43,0,virus
1252,23,1,virus
16691,103,0,virus
17372,112,0,virus
15305,168,0,virus
22696,2,0,virus
23156,54,0,virus
766,54,1,virus
35736,173,0,virus
10834,75,0,virus
21590,2,0,virus
8781,16,0,virus
25999,6,0,virus
18877,18,0,virus
17730,2,0,virus
4614,16,0,virus
46323,43,0,virus
19026,168,0,virus
32385,21,0,virus
219,54,1,virus
39375,188,1,virus
9123,41,0,virus
44791,136,1,virus
32473,18,0,virus
45094,136,1,virus
8476,28,1,virus
25025,22,1,virus
14374,102,0,virus
31382,18,0,virus
47522,43,0,virus
25492,222,1,virus
32906,21,0,virus
12528,168,0,virus
19340,18,0,virus
3680,191,1,virus
10201,56,0,virus
14367,0,0,virus
13084,16,0,virus
19340,102,0,virus
2412,16,0,virus
13083,168,1,virus
33686,166,0,virus
852,9,1,virus
31556,21,0,virus
29390,43,0,virus
6201,24,1,virus
18221,16,0,virus
16869,0,0,virus
14729,18,0,virus
2265,0,0,virus
37119,189,1,virus
32994,18,0,virus
20245,19,0,virus
40897,135,1,virus
25387,23,1,virus
46832,43,0,virus
36103,135,1,virus
776,56,1,virus
31499,18,0,virus
31005,18,0,virus
5486,2,1,virus
39089,20,1,virus
30516,21,0,virus
55233,43,0,virus
42909,224,1,virus
5031,24,1,virus
2717,24,1,virus
48833,237,1,virus
21434,222,0,virus
33494,18,0,virus
15644,18,0,virus
36750,24,1,virus
42969,189,0,virus
22422,2,0,virus
34096,21,0,virus
13889,168,0,virus
38095,189,1,virus
52020,262,1,virus
15872,18,0,virus
7183,24,1,virus
30253,18,0,virus
8899,41,0,virus
20801,2,1,virus
48083,59,1,virus
5525,222,0,virus
47828,59,1,virus
480,25,1,virus
35929,189,1,virus
22911,22,1,virus
32759,21,0,virus
16736,14,0,virus
3066,49,0,virus
33006,18,0,virus
26451,43,0,virus
20892,5,0,virus
17656,18,0,virus
22066,222,0,virus
15452,102,0,virus
49956,155,1,virus
17799,103,0,virus
33686,164,0,virus
50177,155,1,virus
48478,237,1,virus
42821,6,0,virus
22889,42,0,virus
6546,9,1,virus
12137,168,0,virus
30754,18,0,virus
30153,164,0,virus
51871,262,0,virus
11097,191,0,virus
20333,126,0,virus
22985,54,1,virus
11661,168,1,virus
52187,262,1,virus
28356,2,0,virus
266,6,1,virus
44882,136,1,virus
11539,20,1,virus
16755,0,0,virus
33349,18,0,virus
35369,43,1,virus
6948,189,1,virus
36350,135,1,virus
11364,222,1,virus
21951,16,1,virus
25623,16,0,virus
23558,138,0,virus
6669,16,0,virus
13463,168,0,virus
45065,242,1,virus
52391,232,1,virus
37378,24,1,virus
37788,24,1,virus
36476,24,1,virus
7214,9,0,virus
45277,251,1,virus
17145,14,0,virus
26552,4,1,virus
19473,0,0,virus
5969,189,1,virus
8940,6,1,virus
9275,16,0,virus
37818,24,1,virus
23470,54,1,virus
22424,16,0,virus
11728,2,0,virus
38594,189,1,virus
19600,5,0,virus
9367,24,1,virus
8716,24,0,virus
22741,126,0,virus
47549,43,0,virus
7714,24,1,virus
54638,22,0,virus
14153,126,0,virus
18343,0,0,virus
36811,24,1,virus
21677,2,1,virus
2263,6,1,virus
5169,24,1,virus
22908,224,1,virus
54140,262,0,virus
18808,14,0,virus
38103,24,1,virus
22983,22,1,virus
32699,21,0,virus
38652,23,1,virus
37205,24,1,virus
10553,24,0,virus
1295,15,1,virus
52319,59,1,virus
11506,16,1,virus
33375,43,1,virus
24091,168,0,virus
898,8,1,virus
22284,168,1,virus
16231,102,0,virus
37957,24,1,virus
42796,188,1,virus
17853,2,1,virus
24919,9,1,virus
18647,103,0,virus
3516,3,0,virus
16778,103,0,virus
10925,16,0,virus
27599,18,0,virus
14835,102,0,virus
25487,2,1,virus
14698,59,0,virus
4594,54,1,virus
2322,10,0,virus
14748,102,0,virus
8965,24,1,virus
48211,59,0,virus
38089,135,1,virus
39083,2,0,virus
38189,24,1,virus
30292,18,0,virus
39136,20,1,virus
579,54,1,virus
45707,64,1,virus
17430,5,0,virus
34239,18,0,virus
4766,2,0,virus
38104,135,1,virus
39240,43,1,virus
33106,21,0,virus
23043,224,1,virus
24553,20,0,virus
33163,21,0,virus
10377,42,0,virus
23368,10,1,virus
37319,13,1,virus
42413,217,0,virus
26959,137,1,virus
41696,91,0,virus
16562,102,0,virus
30197,21,0,virus
36776,24,1,virus
25626,2,1,virus
19909,124,1,virus
35844,24,1,virus
33703,164,0,virus
1068,8,1,virus
45938,255,1,virus
25168,16,0,virus
34267,21,0,virus
15244,0,0,virus
36322,24,1,virus
549,2,1,virus
321,0,0,virus
6726,24,1,virus
42196,216,0,virus
19486,18,0,virus
32217,18,0,virus
28584,21,0,virus
23316,54,0,virus
9155,47,1,virus
54389,2,0,virus
3672,2,1,virus
45059,242,1,virus
21764,56,0,virus
45624,191,1,virus
37810,13,1,virus
22040,2,0,virus
45852,64,1,virus
28762,18,0,virus
9284,24,1,virus
20002,16,0,virus
54879,6,1,virus
18142,107,0,virus
740,0,0,virus
16989,0,0,virus
6582,4,1,virus
11641,168,0,virus
55059,220,0,virus
29831,21,0,virus
37270,22,1,virus
923,34,1,virus
48847,160,0,virus
5187,189,1,virus
5081,2,1,virus
607,34,1,virus
37753,24,1,virus
15326,0,0,virus
15168,103,0,virus
11220,16,1,virus
16375,103,0,virus
925,42,1,virus
9880,9,0,virus
52356,43,1,virus
30253,21,0,virus
32516,18,0,virus
32059,43,0,virus
51233,43,0,virus
1670,44,0,virus
34374,18,0,virus
33274,43,0,virus
52700,262,1,virus
23203,54,1,virus
3154,24,1,virus
27052,168,0,virus
4917,43,1,virus
1605,15,1,virus
39021,2,0,virus
29708,56,1,virus
5774,54,0,virus
33405,21,0,virus
54311,43,1,virus
53626,43,0,virus
579,34,1,virus
14594,102,0,virus
41373,6,0,virus
54656,4,1,virus
27156,24,1,virus
27137,2,0,virus
26023,2,1,virus
17840,5,0,virus
52323,43,1,virus
14895,18,0,virus
3430,3,1,virus
25029,54,1,virus
39542,24,1,virus
49229,191,1,virus
18896,0,0,virus
23743,136,1,virus
3684,2,1,virus
30199,21,0,virus
48,6,1,virus
17797,107,0,virus
53931,262,0,virus
48889,261,1,virus
5967,24,1,virus
45884,64,1,virus
52391,250,1,virus
21000,2,1,virus
31270,18,0,virus
6977,24,1,virus
26703,43,1,virus
33149,21,0,virus
12899,2,1,virus
48564,237,1,virus
12986,16,0,virus
33151,18,0,virus
546,2,1,virus
8975,24,1,virus
32559,21,0,virus
4394,24,1,virus
27445,2,1,virus
40718,196,0,virus
10301,56,0,virus
19788,0,0,virus
31393,2,1,virus
9330,24,1,virus
1964,15,0,virus
23592,136,1,virus
54214,262,0,virus
39700,20,1,virus
150,15,1,virus
6988,189,1,virus
18975,126,0,virus
45875,191,1,virus
25648,222,1,virus
38663,180,1,virus
936,34,1,virus
12905,222,1,virus
11003,28,0,virus
17454,64,0,virus
14110,222,0,virus
11359,222,0,virus
33022,18,0,virus
27012,24,1,virus
25044,22,1,virus
11943,2,0,virus
32547,165,0,virus
23423,54,0,virus
10605,24,0,virus
33577,18,0,virus
13471,168,0,virus
29847,21,0,virus
24972,41,0,virus
37061,189,0,virus
12981,16,0,virus
40224,189,1,virus
32865,21,0,virus
25506,222,1,virus
16556,0,0,virus
22451,5,0,virus
18273,14,0,virus
22251,41,1,virus
3138,24,1,virus
34630,43,1,virus
19878,5,0,virus
45063,242,1,virus
42475,59,1,virus
14741,14,0,virus
18519,107,0,virus
33819,21,0,virus
12145,191,0,virus
54392,16,0,virus
16119,17,0,virus
15868,0,0,virus
22663,5,0,virus
38569,24,1,virus
33181,18,0,virus
38045,20,1,virus
22537,5,0,virus
13025,2,1,virus
46095,255,1,virus
34880,16,1,virus
52363,159,1,virus
8531,9,1,virus
13100,2,0,virus
33653,18,0,virus
17448,103,0,virus
33304,21,1,virus
27094,24,1,virus
50635,43,1,virus
18011,2,0,virus
17436,0,0,virus
16136,103,0,virus
29619,43,1,virus
32844,18,0,virus
3668,48,1,virus
3934,22,0,virus
52351,43,1,virus
17771,14,0,virus
13057,24,1,virus
8063,191,1,virus
30016,21,0,virus
12067,2,0,virus
3799,43,1,virus
30871,2,0,virus
20662,10,0,virus
25233,2,1,virus
26411,21,0,virus
7404,24,0,virus
1147,8,1,virus
30749,21,0,virus
14982,10,0,virus
42472,59,1,virus
42017,216,0,virus
28711,43,1,virus
52345,232,1,virus
38777,20,1,virus
1214,15,1,virus
38137,24,1,virus
2551,47,0,virus
43636,162,1,virus
19238,18,0,virus
10359,75,0,virus
12998,220,1,virus
30282,21,0,virus
33541,165,0,virus
22907,54,1,virus
11632,20,0,virus
21852,16,1,virus
22407,168,0,virus
17209,222,1,virus
45383,59,0,virus
39857,20,1,virus
31483,21,0,virus
33540,18,0,virus
37331,13,1,virus
17003,10,0,virus
39739,23,1,virus
27294,31,1,virus
18542,16,0,virus
35408,43,1,virus
13724,16,1,virus
43024,233,0,virus
21260,5,0,virus
25984,16,0,virus
36794,24,1,virus
10169,189,1,virus
36016,24,0,virus
45056,242,1,virus
45895,64,1,virus
24504,22,1,virus
12032,222,1,virus
36457,189,1,virus
33107,18,0,virus
5623,43,0,virus
4162,6,0,virus
145,5,0,virus
1058,8,1,virus
37148,24,1,virus
7474,24,0,virus
25330,9,1,virus
52327,43,1,virus
11366,222,1,virus
4586,48,1,virus
50004,155,1,virus
47355,43,0,virus
44652,239,1,virus
7739,24,1,virus
32856,21,0,virus
23062,23,1,virus
44228,240,1,virus
38196,135,1,virus
5934,16,0,virus
30264,18,0,virus
16088,103,0,virus
45914,191,1,virus
44286,240,1,virus
38139,9,0,virus
38893,20,1,virus
33158,21,0,virus
37993,24,1,virus
29927,18,0,virus
2706,24,1,virus
20578,168,1,virus
11335,222,1,virus
11688,90,1,virus
51999,262,1,virus
33033,21,0,virus
33833,165,0,virus
36983,6,1,virus
45846,64,1,virus
48677,43,0,virus
33188,21,0,virus
34411,21,0,virus
11735,80,0,virus
43097,34,0,virus
2847,24,1,virus
16220,0,0,virus
33677,167,0,virus
2253,0,0,virus
24952,140,0,virus
2791,24,1,virus
13660,168,0,virus
1610,15,1,virus
14359,103,0,virus
19911,124,1,virus
7048,189,1,virus
45108,242,1,virus
20867,168,1,virus
32902,18,0,virus
50112,155,1,virus
2814,24,1,virus
8580,56,0,virus
3315,16,0,virus
3083,54,1,virus
31277,21,0,virus
39502,262,1,virus
54657,4,1,virus
9809,24,1,virus
39440,21,0,virus
19547,2,1,virus
30774,21,0,virus
1939,5,0,virus
19458,18,0,virus
34657,21,0,virus
4503,61,0,virus
47388,43,0,virus
28988,21,1,virus
34638,18,0,virus
21381,16,1,virus
32893,18,0,virus
22894,42,1,virus
25288,20,1,virus
26969,9,1,virus
17121,18,0,virus
12296,168,1,virus
31615,21,0,virus
49299,264,1,virus
30423,18,0,virus
38322,24,1,virus
40663,194,0,virus
26005,6,0,virus
2220,0,0,virus
25043,100,1,virus
45050,242,1,virus
41685,213,0,virus
32797,18,0,virus
10728,2,1,virus
10843,47,1,virus
9628,2,0,virus
10201,9,0,virus
17547,102,0,virus
36488,24,1,virus
7878,41,0,virus
14868,18,0,virus
53822,262,0,virus
17328,220,1,virus
23040,54,1,virus
54235,262,0,virus
44919,136,1,virus
22135,59,0,virus
36033,24,1,virus
17592,105,0,virus
33508,18,0,virus
46127,255,1,virus
9435,189,1,virus
4167,2,1,virus
39812,23,1,virus
6968,24,1,virus
51346,262,1,virus
38032,183,1,virus
49287,264,1,virus
39376,20,1,virus
44640,239,1,virus
52038,262,1,virus
23661,136,1,virus
30162,21,0,virus
21183,5,0,virus
36527,16,0,virus
23280,126,1,virus
24752,9,1,virus
46084,255,1,virus
8770,22,0,virus
32950,21,0,virus
22405,222,0,virus
23013,54,1,virus
12799,2,0,virus
38543,135,1,virus
25540,222,1,virus
37161,135,1,virus
36770,24,1,virus
30626,18,0,virus
16217,168,0,virus
19576,0,0,virus
6268,24,1,virus
33819,18,0,virus
19085,102,0,virus
44667,239,1,virus
22527,16,0,virus
9107,2,0,virus
46109,255,1,virus
50026,155,1,virus
37499,13,1,virus
22099,125,0,virus
37860,24,1,virus
33486,18,0,virus
44154,239,1,virus
5169,189,1,virus
23794,54,1,virus
4281,31,1,virus
22866,42,1,virus
36551,24,1,virus
986,42,1,virus
19901,22,1,virus
15583,14,0,virus
26072,2,1,virus
22995,54,1,virus
5142,24,1,virus
8742,2,0,virus
20804,2,1,virus
33392,164,0,virus
11979,168,1,virus
41198,204,0,virus
20681,10,0,virus
7141,9,0,virus
29538,18,0,virus
28936,21,0,virus
7862,195,1,virus
15599,103,0,virus
16714,106,0,virus
822,9,1,virus
44766,136,1,virus
39764,23,1,virus
7094,2,1,virus
17418,18,0,virus
36216,24,1,virus
48566,237,1,virus
33296,21,1,virus
44100,34,1,virus
27062,18,0,virus
4233,54,1,virus
4268,54,1,virus
37218,24,1,virus
5721,54,1,virus
24867,4,1,virus
11259,2,1,virus
37481,54,1,virus
26083,137,0,virus
32769,21,0,virus
81,13,1,virus
9478,6,1,virus
29632,43,1,virus
46087,255,1,virus
24907,20,0,virus
363,26,0,virus
1973,15,0,virus
16194,18,0,virus
22958,224,1,virus
33229,43,1,virus
21570,220,1,virus
30231,18,0,virus
19925,5,0,virus
3616,24,1,virus
11351,220,1,virus
26346,270,1,virus
39166,23,1,virus
24495,23,1,virus
3770,191,1,virus
52370,232,1,virus
5886,16,0,virus
30262,18,0,virus
20487,16,1,virus
23972,6,1,virus
52355,43,1,virus
12005,2,0,virus
22277,5,0,virus
11935,16,1,virus
23517,54,1,virus
13573,74,0,virus
234,54,1,virus
36921,24,1,virus
52223,262,1,virus
42592,6,0,virus
37839,24,1,virus
31086,18,0,virus
580,8,1,virus
48701,31,1,virus
39784,23,1,virus
52537,43,1,virus
19545,222,1,virus
8616,56,1,virus
45597,191,1,virus
18956,18,0,virus
6397,70,0,virus
44253,240,1,virus
46321,43,0,virus
14891,103,0,virus
31928,18,0,virus
25054,23,1,virus
23337,168,0,virus
791,56,1,virus
34578,18,0,virus
44198,241,1,virus
36271,189,1,virus
31095,21,0,virus
3827,6,0,virus
41050,91,1,virus
14611,108,0,virus
48616,43,1,virus
30028,30,0,virus
7981,191,1,virus
38679,23,1,virus
27957,102,0,virus
43512,162,1,virus
19841,2,1,virus
23031,224,1,virus
14376,18,0,virus
24598,20,1,virus
17602,103,0,virus
170,56,1,virus
5152,24,1,virus
8102,191,1,virus
37244,13,1,virus
52373,43,1,virus
38667,180,1,virus
12276,6,1,virus
49755,43,1,virus
53757,262,0,virus
18294,103,0,virus
49771,41,0,virus
31010,21,0,virus
25102,113,0,virus
31912,18,0,virus
7589,24,1,virus
25522,2,1,virus
54198,262,0,virus
5080,62,1,virus
7382,2,0,virus
6471,56,1,virus
21708,16,0,virus
14566,2,0,virus
677,6,1,virus
18529,103,0,virus
39227,124,1,virus
10952,24,0,virus
48637,43,1,virus
45696,191,1,virus
6485,2,0,virus
35653,173,0,virus
9602,2,0,virus
2731,24,1,virus
13997,16,0,virus
18386,0,0,virus
21399,5,0,virus
756,22,1,virus
31616,21,0,virus
22919,224,1,virus
52224,262,1,virus
15626,0,0,virus
17591,2,0,virus
10333,56,0,virus
15547,216,0,virus
22543,5,0,virus
23065,22,1,virus
22562,16,0,virus
47386,43,0,virus
21345,168,1,virus
48883,261,1,virus
52382,250,1,virus
1274,2,0,virus
39618,20,1,virus
6441,2,0,virus
20998,2,1,virus
36121,23,1,virus
5906,49,1,virus
26028,2,1,virus
33252,262,0,virus
20587,222,0,virus
1441,2,1,virus
28943,18,0,virus
6826,24,1,virus
6769,24,1,virus
21820,168,1,virus
22881,42,1,virus
5513,222,0,virus
38601,189,1,virus
12877,16,0,virus
20576,5,0,virus
41217,100,1,virus
5517,222,0,virus
17442,18,0,virus
29639,43,1,virus
24262,138,0,virus
52354,232,1,virus
38330,24,1,virus
31488,18,0,virus
35932,24,1,virus
13724,168,1,virus
15262,88,1,virus
21091,16,0,virus
14742,14,0,virus
33353,43,0,virus
30246,18,0,virus
15957,13,0,virus
15042,102,0,virus
22814,5,0,virus
42006,216,0,virus
45772,191,1,virus
48561,237,1,virus
8817,24,0,virus
3702,48,1,virus
11788,16,1,virus
45737,64,1,virus
48823,237,1,virus
19267,18,0,virus
3765,2,0,virus
25034,22,1,virus
23642,54,1,virus
1107,34,0,virus
35827,16,0,virus
35190,146,0,virus
33715,18,0,virus
12484,16,0,virus
10136,189,1,virus
40747,194,0,virus
25841,16,0,virus
44943,136,1,virus
10467,9,1,virus
34354,43,1,virus
24896,20,0,virus
45036,242,1,virus
37659,24,1,virus
35892,189,1,virus
23176,54,0,virus
49018,261,1,virus
40917,135,1,virus
20788,88,0,virus
24084,222,1,virus
12240,16,1,virus
31473,21,0,virus
32716,18,0,virus
25441,16,0,virus
53650,43,0,virus
12131,16,1,virus
16951,16,0,virus
15960,222,0,virus
51217,262,0,virus
45256,251,1,virus
24838,10,0,virus
27647,18,0,virus
33725,164,0,virus
39863,168,1,virus
33879,18,0,virus
2602,43,1,virus
40646,3,0,virus
36495,189,1,virus
936,34,1,virus
11220,168,1,virus
44395,6,1,virus
990,8,1,virus
28725,18,0,virus
11323,34,1,virus
13608,16,1,virus
28658,43,0,virus
609,34,1,virus
5371,49,0,virus
35696,173,0,virus
1661,2,1,virus
30603,18,0,virus
12971,2,1,virus
25028,23,1,virus
19414,16,1,virus
32058,43,0,virus
40901,135,1,virus
32668,18,0,virus
33569,21,0,virus
34021,21,0,virus
12216,6,1,virus
41070,54,1,virus
16120,17,0,virus
29886,21,0,virus
33811,18,0,virus
32061,21,0,virus
52330,43,1,virus
22921,23,1,virus
37796,13,1,virus
10975,27,0,virus
38541,24,1,virus
16501,18,0,virus
34070,21,0,virus
55149,126,0,virus
45767,64,1,virus
40186,189,1,virus
37691,22,0,virus
49222,191,1,virus
38875,20,1,virus
20408,5,0,virus
39838,182,1,virus
26019,2,1,virus
29372,43,0,virus
44757,136,1,virus
6898,189,1,virus
17629,222,0,virus
16085,16,1,virus
35338,43,1,virus
19179,18,0,virus
19569,16,1,virus
30086,21,0,virus
27888,43,1,virus
45915,64,1,virus
34722,43,0,virus
52238,262,1,virus
38508,24,1,virus
41338,135,1,virus
44910,136,1,virus
36274,189,1,virus
34109,161,0,virus
24980,6,0,virus
49677,6,1,virus
22998,23,1,virus
40034,135,1,virus
596,137,1,virus
33300,167,0,virus
32725,18,0,virus
30508,21,0,virus
15017,107,0,virus
2464,47,0,virus
41834,216,0,virus
11654,168,1,virus
24499,22,1,virus
24808,10,0,virus
4633,21,0,virus
616,59,1,virus
49230,191,1,virus
2306,103,0,virus
33718,164,0,virus
6569,24,1,virus
16880,18,0,virus
24918,126,0,virus
7942,9,1,virus
24162,100,1,virus
54632,6,0,virus
23607,136,1,virus
6274,189,1,virus
29180,18,0,virus
20955,16,1,virus
27930,2,1,virus
33027,18,0,virus
6903,24,0,virus
24682,2,0,virus
18994,102,0,virus
43482,162,1,virus
54937,22,1,virus
32635,18,0,virus
6673,9,0,virus
25979,2,1,virus
1875,27,0,virus
33100,18,0,virus
38679,180,1,virus
5938,16,0,virus
30106,18,0,virus
37585,24,1,virus
31986,21,0,virus
23677,54,1,virus
15219,14,0,virus
25980,168,0,virus
24131,22,1,virus
42738,100,0,virus
4844,34,1,virus
7873,4,1,virus
32361,2,1,virus
7902,24,1,virus
24496,22,1,virus
12562,9,1,virus
13035,6,1,virus
26477,43,0,virus
37350,24,1,virus
54889,6,1,virus
26046,17,0,virus
24038,6,1,virus
49261,43,1,virus
3579,189,1,virus
27370,24,1,virus
54772,43,1,virus
627,8,1,virus
17202,222,1,virus
5747,54,1,virus
13996,168,0,virus
6263,47,1,virus
21947,16,1,virus
36932,10,1,virus
21957,2,1,virus
30951,24,1,virus
19862,273,0,virus
30429,18,0,virus
39319,41,1,virus
13327,2,1,virus
54439,168,0,virus
9096,56,1,virus
1043,8,1,virus
6641,13,0,virus
26424,2,0,virus
27505,2,0,virus
37784,24,1,virus
13399,2,0,virus
10741,16,0,virus
45596,64,1,virus
45121,136,1,virus
20716,222,0,virus
21739,16,0,virus
47433,43,1,virus
39921,43,1,virus
4739,16,0,virus
4475,2,0,virus
7247,23,0,virus
13527,168,0,virus
31489,18,0,virus
1254,9,1,virus
15985,18,0,virus
49967,155,1,virus
39736,13,1,virus
35539,43,1,virus
10678,2,0,virus
33895,68,0,virus
13250,6,1,virus
9403,9,0,virus
26141,43,0,virus
31602,21,0,virus
25521,222,1,virus
37142,13,1,virus
32114,21,0,virus
20660,10,0,virus
22185,222,0,virus
40822,135,1,virus
39138,20,1,virus
16515,16,0,virus
15624,0,0,virus
22203,16,0,virus
43620,162,1,virus
6817,189,1,virus
10870,9,0,virus
9795,56,1,virus
3815,189,1,virus
6987,24,1,virus
32344,21,0,virus
43015,137,1,virus
7576,24,1,virus
26146,43,0,virus
52399,250,1,virus
52274,262,1,virus
33324,21,0,virus
6964,24,1,virus
15616,14,0,virus
31617,18,0,virus
36263,24,1,virus
45712,191,1,virus
35558,24,1,virus
39541,20,1,virus
32471,43,1,virus
21431,2,0,virus
42205,216,0,virus
29681,43,0,virus
50012,155,1,virus
13697,16,0,virus
4797,49,1,virus
55050,168,0,virus
31897,18,0,virus
52137,262,1,virus
30995,18,0,virus
1329,15,1,virus
40396,6,0,virus
24944,222,1,virus
9050,59,0,virus
8475,28,1,virus
21681,5,0,virus
32129,21,0,virus
5976,189,1,virus
7427,24,1,virus
19593,4,0,virus
35931,189,1,virus
16329,220,1,virus
38872,20,1,virus
33392,21,0,virus
43529,162,1,virus
25245,2,1,virus
46982,43,0,virus
23154,54,0,virus
3000,253,0,virus
12426,16,0,virus
8976,24,1,virus
22578,16,0,virus
49669,6,1,virus
10779,6,0,virus
33252,43,1,virus
30196,164,0,virus
35900,24,1,virus
34595,21,0,virus
52332,43,1,virus
34860,85,0,virus
25020,100,1,virus
9234,189,1,virus
33860,18,0,virus
15662,103,0,virus
52333,250,1,virus
22940,224,1,virus
3197,24,1,virus
29934,43,0,virus
957,8,1,virus
54207,262,0,virus
11247,20,0,virus
33890,43,0,virus
5229,24,1,virus
55106,126,0,virus
10892,9,0,virus
17638,103,0,virus
5685,56,1,virus
38958,20,1,virus
33919,18,0,virus
11834,16,1,virus
23749,136,1,virus
11588,16,0,virus
12669,168,1,virus
23800,54,1,virus
20449,9,0,virus
20467,2,0,virus
19703,0,0,virus
36055,24,1,virus
9089,24,1,virus
2897,189,1,virus
6955,24,1,virus
6278,70,0,virus
17407,14,0,virus
4847,54,1,virus
40138,189,1,virus
40012,187,0,virus
38239,135,1,virus
34092,21,0,virus
21157,2,1,virus
44914,136,1,virus
54837,6,1,virus
52328,250,1,virus
53943,262,0,virus
39924,262,1,virus
26729,168,1,virus
5205,67,1,virus
34376,18,0,virus
16834,103,0,virus
46647,43,0,virus
33694,18,0,virus
1363,137,1,virus
20347,10,0,virus
36483,135,1,virus
6331,43,0,virus
49583,6,1,virus
32520,21,1,virus
14015,168,0,virus
38991,2,0,virus
45841,64,1,virus
29320,43,0,virus
47576,43,0,virus
12847,16,0,virus
21594,222,0,virus
770,54,1,virus
33451,18,0,virus
37214,24,1,virus
36676,24,1,virus
45557,43,1,virus
22963,22,1,virus
25463,222,1,virus
42775,137,1,virus
52357,159,1,virus
9515,168,0,virus
4781,2,0,virus
34504,18,0,virus
23028,224,1,virus
45803,191,1,virus
32183,21,0,virus
38658,180,1,virus
24802,10,0,virus
52256,262,1,virus
1133,8,1,virus
33680,18,0,virus
5062,68,0,virus
38509,24,1,virus
43240,6,1,virus
32976,21,0,virus
28852,21,0,virus
34000,21,0,virus
15086,112,0,virus
25985,6,0,virus
22169,168,0,virus
55202,8,1,virus
30786,21,0,virus
27296,2,1,virus
31854,18,0,virus
22398,2,0,virus
43439,162,1,virus
14766,18,0,virus
2119,25,1,virus
34028,18,0,virus
8169,56,0,virus
45840,64,1,virus
42483,0,0,virus
13328,2,1,virus
45036,136,1,virus
20596,16,0,virus
36270,189,1,virus
16046,103,0,virus
17498,103,0,virus
31514,43,0,virus
32862,18,0,virus
16657,0,0,virus
36763,24,1,virus
25239,222,0,virus
1135,222,1,virus
35861,24,1,virus
36464,16,1,virus
9774,9,0,virus
17132,14,0,virus
23029,224,1,virus
2724,24,1,virus
1104,9,0,virus
19796,107,0,virus
2946,49,0,virus
28322,2,0,virus
4677,54,1,virus
990,34,1,virus
10918,56,0,virus
9018,24,0,virus
54665,4,0,virus
45841,191,1,virus
15768,103,0,virus
33823,18,0,virus
13513,72,0,virus
48273,59,0,virus
4151,2,0,virus
6042,16,1,virus
42703,34,1,virus
9907,2,0,virus
44903,136,1,virus
32927,18,0,virus
54929,2,0,virus
21762,9,0,virus
12844,168,0,virus
3485,24,1,virus
12743,16,0,virus
6098,57,0,virus
18944,102,0,virus
590,23,1,virus
32858,21,0,virus
12174,168,0,virus
37728,24,1,virus
16147,10,0,virus
32282,18,0,virus
33437,43,1,virus
40904,135,1,virus
1881,15,1,virus
34710,21,0,virus
16147,126,0,virus
833,8,1,virus
22904,22,1,virus
50745,43,0,virus
19309,5,0,virus
30021,18,0,virus
35659,13,0,virus
37126,24,1,virus
8775,44,1,virus
9883,16,0,virus
32440,18,0,virus
27293,43,1,virus
44021,237,1,virus
33192,21,1,virus
2882,262,1,virus
5825,16,0,virus
3640,3,0,virus
33856,21,0,virus
38839,20,1,virus
17159,5,0,virus
5150,24,1,virus
15384,102,0,virus
47435,43,0,virus
6979,189,1,virus
14080,95,0,virus
27081,24,1,virus
25117,34,1,virus
54479,16,0,virus
2240,15,1,virus
45395,59,1,virus
10534,2,0,virus
12362,16,0,virus
27030,2,1,virus
13726,168,1,virus
30560,21,0,virus
6582,196,0,virus
30682,18,0,virus
47876,159,0,virus
13423,2,0,virus
9317,189,1,virus
36325,189,1,virus
32820,18,0,virus
26015,6,0,virus
1484,222,1,virus
33615,21,1,virus
36740,135,1,virus
11001,24,0,virus
20986,20,0,virus
52336,232,1,virus
129,19,0,virus
10620,13,0,virus
5566,54,0,virus
29886,18,0,virus
39102,220,1,virus
36860,135,1,virus
23866,136,1,virus
20752,16,0,virus
23105,55,0,virus
8782,41,0,virus
6084,9,0,virus
13901,95,0,virus
19429,16,0,virus
234,23,1,virus
31651,21,0,virus
610,34,1,virus
37289,20,1,virus
14843,222,1,virus
17155,0,0,virus
24667,147,0,virus
50030,155,1,virus
23513,224,1,virus
31571,21,0,virus
17031,102,0,virus
32847,18,0,virus
34036,21,0,virus
32891,18,0,virus
24463,168,0,virus
39431,20,1,virus
42823,14,0,virus
36942,24,1,virus
38379,189,1,virus
44549,239,1,virus
52241,262,1,virus
1174,2,1,virus
20144,2,0,virus
30818,43,0,virus
27447,2,1,virus
22408,2,0,virus
14736,0,0,virus
239,23,1,virus
23032,54,1,virus
25692,2,1,virus
24833,144,0,virus
8941,6,1,virus
30191,21,0,virus
48607,43,1,virus
20854,5,0,virus
47452,43,0,virus
35068,16,1,virus
8898,42,0,virus
15036,2,0,virus
37436,13,1,virus
44935,136,1,virus
16473,0,0,virus
48610,43,1,virus
2738,54,1,virus
23618,54,1,virus
39930,262,1,virus
3934,23,0,virus
797,9,1,virus
24224,55,0,virus
37258,43,0,virus
48604,43,1,virus
21136,126,0,virus
38386,56,0,virus
22061,125,0,virus
2361,15,0,virus
30835,43,0,virus
32331,21,0,virus
14288,185,0,virus
36483,24,1,virus
5784,34,1,virus
27184,2,0,virus
32230,18,0,virus
7078,2,0,virus
17517,18,0,virus
8128,191,1,virus
30110,18,0,virus
32493,43,0,virus
9362,24,1,virus
9212,76,0,virus
45499,239,1,virus
26752,2,0,virus
47002,43,0,virus
29438,18,0,virus
7873,3,0,virus
32484,18,0,virus
33442,43,0,virus
4140,6,1,virus
3889,48,1,virus
13092,34,1,virus
1516,2,1,virus
28379,2,0,virus
13922,2,0,virus
20596,168,0,virus
27088,2,0,virus
8170,191,1,virus
13900,10,0,virus
12913,222,1,virus
33568,21,0,virus
33482,18,0,virus
6788,24,1,virus
11304,20,1,virus
29210,43,0,virus
7839,168,0,virus
22977,23,1,virus
34888,16,1,virus
31853,21,0,virus
28152,43,0,virus
24840,144,0,virus
24624,20,1,virus
24090,168,0,virus
33064,18,0,virus
18909,102,0,virus
51577,262,1,virus
37195,24,1,virus
13705,168,0,virus
44040,189,1,virus
8371,24,1,virus
5971,24,1,virus
30307,18,0,virus
32813,18,0,virus
4173,6,1,virus
5882,2,1,virus
40304,6,1,virus
12945,72,0,virus
36040,24,1,virus
6079,47,0,virus
32895,18,0,virus
16575,64,0,virus
24759,20,0,virus
12823,220,1,virus
39287,6,1,virus
54686,2,1,virus
13245,16,1,virus
30226,21,0,virus
22954,224,1,virus
10573,9,1,virus
10316,16,0,virus
20693,130,1,virus
24964,2,0,virus
30124,21,0,virus
13051,168,0,virus
19557,0,0,virus
15461,107,0,virus
10044,16,0,virus
19843,59,0,virus
25438,222,1,virus
38713,20,1,virus
48251,59,0,virus
23549,136,1,virus
33946,43,0,virus
16928,105,0,virus
3947,42,0,virus
32665,21,0,virus
7628,24,1,virus
17088,222,0,virus
39922,262,1,virus
9472,2,0,virus
46628,43,0,virus
44997,136,1,virus
22363,16,1,virus
26397,43,1,virus
20590,168,0,virus
35973,24,1,virus
17041,0,0,virus
17322,222,1,virus
47999,43,1,virus
16064,0,0,virus
28990,21,0,virus
12395,2,0,virus
10782,6,1,virus
43034,233,0,virus
31074,2,0,virus
6892,189,1,virus
55115,222,1,virus
3273,189,1,virus
25747,2,0,virus
20335,126,0,virus
27798,43,0,virus
38955,135,1,virus
2245,15,1,virus
37627,18,0,virus
30266,18,0,virus
2012,24,0,virus
4740,6,1,virus
50253,155,1,virus
8469,73,1,virus
9354,189,1,virus
54161,262,0,virus
24187,2,1,virus
11721,88,1,virus
52359,159,1,virus
12550,74,0,virus
38052,183,1,virus
31388,21,0,virus
22935,23,1,virus
32790,21,0,virus
23427,54,1,virus
35529,43,1,virus
42834,14,0,virus
39351,20,0,virus
14949,18,0,virus
47888,43,0,virus
38678,22,1,virus
17615,14,0,virus
8854,16,0,virus
384,9,0,virus
26648,91,0,virus
25028,54,1,virus
22088,95,0,virus
4149,6,0,virus
54139,262,0,virus
40645,194,0,virus
47594,43,0,virus
14035,16,0,virus
3253,24,1,virus
4440,16,0,virus
52922,262,0,virus
15350,18,0,virus
41170,6,1,virus
28997,18,0,virus
4834,34,1,virus
38171,24,1,virus
24349,120,1,virus
11140,222,0,virus
12255,16,1,virus
5122,25,1,virus
49183,261,0,virus
20812,2,1,virus
49534,6,1,virus
54477,6,1,virus
10272,56,0,virus
38776,24,1,virus
360,8,1,virus
9254,220,1,virus
23552,138,0,virus
21216,20,0,virus
17042,105,0,virus
53854,262,0,virus
11550,16,0,virus
9329,24,1,virus
10745,16,0,virus
9708,202,1,virus
42735,100,0,virus
32733,21,0,virus
49910,64,1,virus
54133,262,0,virus
19012,16,0,virus
51371,262,0,virus
51711,262,1,virus
37323,13,1,virus
5942,16,0,virus
18952,18,0,virus
20949,16,1,virus
327,8,1,virus
36742,24,1,virus
4104,6,1,virus
18009,111,0,virus
17671,102,0,virus
38090,24,1,virus
27030,222,1,virus
38361,24,1,virus
2524,42,0,virus
40247,189,1,virus
24068,2,0,virus
37808,54,1,virus
10282,56,0,virus
41041,91,1,virus
11445,56,1,virus
816,56,1,virus
949,42,1,virus
19713,0,0,virus
51187,34,0,virus
11648,16,1,virus
26338,145,1,virus
37299,24,1,virus
17315,222,1,virus
22191,168,1,virus
12365,9,1,virus
14880,0,0,virus
1081,135,1,virus
25240,16,0,virus
27469,2,1,virus
20685,10,0,virus
52372,43,1,virus
23879,136,1,virus
45153,41,0,virus
16726,113,0,virus
31262,18,0,virus
33515,18,0,virus
40721,197,0,virus
7193,23,0,virus
28721,21,1,virus
10802,2,0,virus
6413,6,1,virus
37029,24,0,virus
53782,262,0,virus
12397,222,0,virus
36438,24,1,virus
595,137,1,virus
3430,4,1,virus
26978,2,0,virus
4395,189,1,virus
18593,0,0,virus
39023,220,1,virus
14150,126,0,virus
49663,6,1,virus
16523,168,0,virus
33601,18,0,virus
38173,24,1,virus
26553,4,1,virus
2671,6,1,virus
53618,43,0,virus
17037,0,0,virus
44125,239,1,virus
23034,224,1,virus
20634,168,0,virus
50677,43,0,virus
49094,261,1,virus
4490,61,0,virus
16231,103,0,virus
48933,261,1,virus
25111,2,1,virus
30509,43,1,virus
11125,222,0,virus
41122,54,1,virus
24862,126,1,virus
34767,16,1,virus
10825,2,0,virus
16394,106,0,virus
34648,21,0,virus
9387,16,0,virus
32801,21,0,virus
5946,17,0,virus
33184,21,0,virus
16861,106,0,virus
46498,43,0,virus
758,9,1,virus
925,8,1,virus
12242,16,1,virus
32921,21,0,virus
15267,0,0,virus
30432,21,0,virus
28994,167,0,virus
4960,25,1,virus
31279,135,1,virus
14612,43,0,virus
43144,237,1,virus
9866,16,0,virus
20082,168,0,virus
35251,43,1,virus
52696,262,1,virus
40061,135,1,virus
33529,18,0,virus
36707,40,1,virus
11956,16,0,virus
23609,136,1,virus
2964,135,1,virus
13375,91,1,virus
26739,16,0,virus
19273,105,0,virus
26803,43,0,virus
12941,220,1,virus
12111,56,1,virus
12211,16,1,virus
813,56,1,virus
12784,16,0,virus
19617,14,0,virus
27713,2,1,virus
35210,172,1,virus
49725,43,1,virus
38033,135,1,virus
2786,24,1,virus
36056,13,0,virus
27635,2,1,virus
47389,43,0,virus
18247,18,0,virus
28065,164,0,virus
33275,43,0,virus
33778,18,0,virus
30283,18,0,virus
7878,59,0,virus
13625,220,1,virus
11899,168,0,virus
10776,2,0,virus
25190,20,1,virus
45892,64,1,virus
2640,24,1,virus
6538,24,0,virus
33407,18,0,virus
8200,16,0,virus
32655,43,0,virus
50675,43,0,virus
1357,9,0,virus
9014,189,1,virus
9622,2,0,virus
38954,20,1,virus
40066,135,1,virus
26117,43,0,virus
5343,42,0,virus
47380,43,0,virus
42882,189,1,virus
17562,5,0,virus
6328,168,0,virus
37346,54,1,virus
1772,23,1,virus
1079,20,1,virus
20267,5,0,virus
43622,162,1,virus
5816,50,0,virus
13787,16,1,virus
46305,258,1,virus
5095,2,1,virus
39558,20,1,virus
14302,108,0,virus
1201,13,1,virus
34991,16,1,virus
29893,18,0,virus
52265,262,1,virus
263,0,0,virus
30287,18,0,virus
24067,138,0,virus
29996,21,0,virus
47882,43,0,virus
37415,189,1,virus
48645,159,1,virus
38675,180,1,virus
606,54,1,virus
29695,21,0,virus
23002,23,1,virus
37346,13,1,virus
21342,41,0,virus
8839,16,0,virus
26008,6,0,virus
14155,2,0,virus
128,19,0,virus
20812,222,1,virus
33831,21,0,virus
27160,24,1,virus
13518,168,0,virus
9533,24,1,virus
32928,21,0,virus
29787,43,0,virus
18110,16,1,virus
1176,9,0,virus
6283,2,0,virus
45052,242,1,virus
22049,222,1,virus
11562,2,1,virus
37897,20,1,virus
15482,18,0,virus
39069,220,1,virus
12112,16,1,virus
47237,43,0,virus
1917,2,0,virus
817,9,1,virus
44669,239,1,virus
43146,237,1,virus
9285,189,1,virus
33744,21,1,virus
36394,24,1,virus
1527,16,1,virus
25236,2,1,virus
31852,21,0,virus
30576,18,0,virus
11913,59,0,virus
24713,20,0,virus
11147,16,0,virus
28584,18,0,virus
38996,2,0,virus
27754,102,0,virus
2543,47,0,virus
38114,24,1,virus
31005,21,0,virus
37017,189,1,virus
54512,2,0,virus
13874,41,1,virus
9206,24,1,virus
343,8,1,virus
40259,189,1,virus
53019,262,1,virus
22861,42,1,virus
32758,18,0,virus
37029,189,0,virus
8822,77,0,virus
34757,16,1,virus
13374,91,1,virus
10926,16,0,virus
41045,91,1,virus
30338,43,1,virus
54707,56,0,virus
34199,56,0,virus
36384,34,1,virus
5206,67,1,virus
30782,21,1,virus
34693,21,0,virus
1362,23,1,virus
31851,18,0,virus
15723,105,0,virus
43414,162,1,virus
36688,24,1,virus
15323,103,0,virus
2858,24,1,virus
12948,16,0,virus
21787,5,0,virus
25354,113,0,virus
20807,2,1,virus
54086,262,0,virus
12021,222,1,virus
42787,54,1,virus
4700,16,0,virus
13336,222,1,virus
8412,24,1,virus
54694,2,1,virus
31590,21,0,virus
1665,2,0,virus
33856,18,0,virus
29851,43,0,virus
43001,6,0,virus
39730,59,1,virus
5948,24,1,virus
33674,21,0,virus
51966,262,1,virus
33719,18,0,virus
45421,59,0,virus
31110,21,0,virus
32568,18,0,virus
11509,16,1,virus
7096,9,1,virus
792,8,1,virus
34261,21,0,virus
49979,155,1,virus
2396,2,0,virus
45879,64,1,virus
29802,18,0,virus
9077,2,0,virus
43646,162,1,virus
18896,18,0,virus
11631,20,0,virus
42276,216,0,virus
5160,24,1,virus
5219,9,0,virus
16391,59,0,virus
33456,21,0,virus
35976,24,1,virus
13953,2,0,virus
35562,24,1,virus
30464,91,0,virus
55019,20,0,virus
31878,18,0,virus
30301,21,0,virus
10823,2,0,virus
48570,237,1,virus
24322,20,1,virus
11117,86,0,virus
25441,6,0,virus
10115,16,0,virus
24184,134,0,virus
55108,126,0,virus
30418,21,0,virus
39466,22,1,virus
41113,54,1,virus
33453,18,0,virus
13109,20,1,virus
33524,21,0,virus
18244,106,0,virus
17679,18,0,virus
25722,2,0,virus
43075,34,1,virus
16917,16,1,virus
13655,168,0,virus
33864,43,0,virus
7221,22,0,virus
51823,262,1,virus
1044,34,1,virus
8939,16,0,virus
8276,47,1,virus
46918,43,0,virus
52149,262,1,virus
33041,21,0,virus
32241,18,0,virus
55103,126,0,virus
54281,43,1,virus
6291,28,0,virus
52350,250,1,virus
31887,21,0,virus
47151,43,0,virus
24864,10,1,virus
3691,48,1,virus
33769,21,0,virus
30020,21,0,virus
13684,16,0,virus
22939,22,1,virus
26402,23,0,virus
45044,136,1,virus
33135,18,0,virus
607,34,1,virus
1682,2,0,virus
31465,21,0,virus
38055,183,1,virus
38283,189,1,virus
38086,135,1,virus
36461,189,1,virus
24882,10,1,virus
42479,0,0,virus
785,23,1,virus
5363,49,0,virus
7442,24,0,virus
43221,6,1,virus
51667,262,1,virus
40232,189,1,virus
40979,135,1,virus
11435,56,1,virus
48810,237,1,virus
18039,16,0,virus
17784,105,0,virus
44633,239,1,virus
36462,189,1,virus
24875,152,1,virus
51865,262,1,virus
32725,21,0,virus
3761,2,0,virus
12412,2,0,virus
30200,18,0,virus
12423,16,0,virus
20591,16,0,virus
1043,34,1,virus
29710,21,0,virus
23000,224,1,virus
25444,222,1,virus
15784,103,0,virus
33068,18,0,virus
35947,24,1,virus
16735,64,0,virus
32453,21,0,virus
53891,262,0,virus
46879,43,0,virus
29749,60,0,virus
10550,77,0,virus
21360,16,1,virus
15330,2,0,virus
26288,43,0,virus
38659,22,1,virus
10542,77,0,virus
7590,189,1,virus
1384,9,0,virus
21868,16,0,virus
21221,20,0,virus
34244,18,0,virus
45026,189,1,virus
32060,43,0,virus
12540,16,0,virus
22923,22,1,virus
13748,168,0,virus
17655,18,0,virus
2496,10,0,virus
41362,191,0,virus
34625,43,1,virus
17920,14,0,virus
37989,135,1,virus
36456,189,1,virus
31396,2,1,virus
32536,43,1,virus
30556,18,0,virus
606,34,1,virus
37206,135,1,virus
23030,22,1,virus
47752,262,0,virus
52360,43,1,virus
45120,136,1,virus
27917,18,0,virus
12394,222,0,virus
40062,135,1,virus
49056,261,1,virus
35995,189,1,virus
31547,18,0,virus
38897,20,1,virus
28979,24,0,virus
7518,9,0,virus
10829,2,0,virus
9664,278,0,virus
38894,20,1,virus
51744,262,1,virus
1909,2,0,virus
38166,189,1,virus
52392,43,1,virus
49487,239,0,virus
32724,21,0,virus
15497,102,0,virus
14636,0,0,virus
16327,222,1,virus
11731,80,0,virus
3811,24,1,virus
14859,111,0,virus
19740,0,0,virus
22049,2,1,virus
17120,18,0,virus
38657,22,1,virus
17436,5,0,virus
18208,17,0,virus
13643,16,0,virus
33541,164,0,virus
12507,10,0,virus
9915,9,1,virus
18460,103,0,virus
15664,14,0,virus
51062,43,0,virus
22864,42,1,virus
1013,8,1,virus
43402,239,1,virus
3611,22,0,virus
13404,168,0,virus
13907,9,0,virus
50226,155,1,virus
14707,18,0,virus
87,22,1,virus
38500,24,1,virus
41676,212,0,virus
9539,77,0,virus
24144,55,0,virus
33436,18,0,virus
45059,136,1,virus
13885,16,0,virus
6006,43,0,virus
16167,106,0,virus
52752,262,1,virus
40507,50,1,virus
2509,3,0,virus
813,8,1,virus
11446,9,1,virus
16499,102,0,virus
22155,2,0,virus
30137,18,0,virus
41126,6,1,virus
47235,43,0,virus
8479,73,1,virus
53280,43,1,virus
18906,18,0,virus
16467,102,0,virus
16084,0,0,virus
29820,21,0,virus
39733,22,1,virus
2712,24,1,virus
16779,14,0,virus
50029,155,1,virus
26263,24,1,virus
11342,16,0,virus
34730,18,0,virus
23037,23,1,virus
21020,5,0,virus
34175,18,0,virus
611,8,1,virus
30548,43,1,virus
42791,188,1,virus
30301,18,0,virus
45960,255,1,virus
54963,2,0,virus
46686,43,0,virus
20678,10,0,virus
39207,23,1,virus
12834,2,1,virus
26887,16,1,virus
13329,222,1,virus
40579,189,1,virus
25379,22,1,virus
1427,2,0,virus
24885,10,1,virus
754,23,1,virus
52745,262,1,virus
46990,43,0,virus
30856,164,0,virus
23029,54,1,virus
48760,43,1,virus
33381,18,0,virus
39601,20,1,virus
40730,6,1,virus
13338,2,1,virus
18226,168,0,virus
30138,21,0,virus
8858,16,0,virus
45114,242,1,virus
29903,43,0,virus
32770,18,0,virus
40378,189,0,virus
43338,6,1,virus
19591,4,0,virus
24400,16,0,virus
39034,2,1,virus
24904,20,0,virus
17077,64,0,virus
22895,42,1,virus
27946,2,0,virus
39324,59,0,virus
33140,21,0,virus
55203,8,1,virus
40121,188,1,virus
33611,18,0,virus
45643,191,1,virus
34097,18,0,virus
51600,262,1,virus
21043,222,0,virus
45492,239,1,virus
13542,168,0,virus
3410,3,0,virus
14701,14,0,virus
18418,43,0,virus
35662,173,0,virus
33294,21,1,virus
48748,43,1,virus
596,23,1,virus
31140,43,1,virus
44775,136,1,virus
2549,2,0,virus
22835,22,1,virus
23772,136,1,virus
11037,2,0,virus
30333,18,0,virus
5316,222,0,virus
9232,6,1,virus
10474,56,1,virus
49582,6,1,virus
22968,224,1,virus
31891,21,0,virus
27716,2,0,virus
19864,2,0,virus
38649,135,1,virus
14850,222,1,virus
9294,13,0,virus
32126,21,0,virus
33238,43,0,virus
23555,54,1,virus
12243,168,1,virus
48802,237,1,virus
39851,24,1,virus
36142,24,1,virus
30093,21,0,virus
3695,48,1,virus
33040,21,0,virus
19069,18,0,virus
31378,21,0,virus
30567,21,1,virus
13037,16,0,virus
13516,16,0,virus
33068,21,0,virus
29167,18,0,virus
24440,137,1,virus
30748,18,0,virus
13909,9,0,virus
10795,2,0,virus
40667,194,0,virus
25207,222,1,virus
9871,56,0,virus
52191,262,1,virus
7828,4,1,virus
14094,16,0,virus
10401,168,0,virus
239,137,1,virus
38717,20,1,virus
26730,16,0,virus
37623,13,1,virus
7117,189,1,virus
32998,21,0,virus
10454,56,1,virus
25515,222,1,virus
13921,222,0,virus
4693,16,0,virus
44014,237,1,virus
24979,18,0,virus
7694,9,0,virus
22975,22,1,virus
7777,80,0,virus
14578,2,0,virus
47635,43,0,virus
39397,4,0,virus
44836,136,1,virus
27894,18,0,virus
32103,21,0,virus
33684,18,0,virus
24803,144,0,virus
52089,262,1,virus
32938,21,0,virus
17808,18,0,virus
29417,43,0,virus
35451,13,0,virus
1396,9,0,virus
7713,24,1,virus
11790,168,0,virus
33472,18,0,virus
23878,136,1,virus
50155,155,1,virus
1302,15,1,virus
4169,2,1,virus
34651,21,0,virus
36553,24,1,virus
29467,43,0,virus
45655,191,1,virus
12014,222,1,virus
29783,6,1,virus
39449,20,1,virus
27721,2,0,virus
32803,18,0,virus
24499,23,1,virus
31578,18,0,virus
13541,16,0,virus
23026,22,1,virus
32894,18,0,virus
25956,168,0,virus
10744,16,0,virus
14291,5,0,virus
9595,24,1,virus
17641,18,0,virus
15027,14,0,virus
29834,18,0,virus
15569,102,0,virus
25242,2,1,virus
8540,56,1,virus
42540,217,0,virus
5220,189,1,virus
5051,2,0,virus
10206,56,0,virus
770,56,1,virus
13596,2,1,virus
23944,6,1,virus
10718,2,1,virus
11793,2,0,virus
897,34,1,virus
33362,21,1,virus
19242,18,0,virus
10017,2,0,virus
33586,21,0,virus
7572,24,1,virus
37995,24,1,virus
44300,6,1,virus
14757,5,0,virus
31901,18,0,virus
2671,189,1,virus
29204,43,0,virus
3979,24,1,virus
46863,43,0,virus
35208,172,1,virus
21244,222,0,virus
17218,222,1,virus
14019,16,0,virus
9893,24,0,virus
35563,135,1,virus
30507,18,0,virus
23252,135,0,virus
27958,102,0,virus
38067,188,1,virus
33540,21,0,virus
13640,16,0,virus
33661,21,0,virus
14001,171,0,virus
7238,16,0,virus
26174,66,1,virus
33542,166,0,virus
10605,16,0,virus
2964,189,1,virus
10502,56,0,virus
4356,34,1,virus
33468,21,0,virus
53952,262,0,virus
47630,43,0,virus
30392,2,1,virus
22983,224,1,virus
50662,43,0,virus
53488,43,0,virus
48801,237,1,virus
16000,88,1,virus
9291,41,0,virus
24297,2,1,virus
3807,2,0,virus
25978,6,0,virus
24767,2,0,virus
2263,229,1,virus
38248,24,1,virus
5564,52,0,virus
31466,18,0,virus
26180,159,0,virus
32190,21,0,virus
4631,18,1,virus
28762,21,0,virus
14106,74,0,virus
33041,18,0,virus
19601,0,0,virus
34362,59,1,virus
43588,162,1,virus
34076,18,0,virus
36315,24,1,virus
33916,21,0,virus
41678,212,0,virus
530,9,0,virus
13521,16,0,virus
30470,18,0,virus
25689,222,1,virus
21725,2,0,virus
38932,20,1,virus
8593,191,1,virus
49288,264,1,virus
20572,222,0,virus
46101,255,1,virus
5975,24,1,virus
391,0,0,virus
25449,2,1,virus
37352,24,1,virus
28933,21,0,virus
47807,59,1,virus
38578,24,1,virus
52368,159,1,virus
1866,2,1,virus
25500,222,1,virus
34577,166,0,virus
469,25,0,virus
31279,135,1,virus
52390,159,1,virus
18442,14,0,virus
19427,16,1,virus
22531,13,0,virus
1879,15,1,virus
8926,9,0,virus
18963,18,0,virus
45383,163,0,virus
44161,34,1,virus
37977,189,1,virus
48773,43,1,virus
6512,22,1,virus
36164,24,1,virus
39734,22,1,virus
1081,201,1,virus
37512,22,1,virus
5891,16,0,virus
30417,18,0,virus
35418,43,1,virus
45379,59,0,virus
24214,16,0,virus
16949,222,0,virus
45963,255,1,virus
1392,23,1,virus
43218,6,1,virus
1012,8,1,virus
12220,16,1,virus
31053,24,1,virus
33470,21,0,virus
20067,168,0,virus
28807,164,0,virus
32984,21,0,virus
4007,13,1,virus
7541,2,0,virus
40044,188,1,virus
9369,24,1,virus
9377,24,1,virus
25229,2,0,virus
24423,2,0,virus
15924,168,1,virus
37366,24,1,virus
35229,2,0,virus
5832,24,0,virus
33558,18,0,virus
22936,54,1,virus
38187,24,1,virus
52690,262,1,virus
27444,2,1,virus
7573,16,0,virus
33203,43,0,virus
36456,24,1,virus
50720,43,0,virus
1724,22,1,virus
35725,13,0,virus
41044,91,1,virus
27922,2,1,virus
42228,216,0,virus
46290,258,1,virus
40274,189,1,virus
13016,168,0,virus
5162,24,1,virus
39234,20,1,virus
30910,21,0,virus
33403,18,0,virus
54217,262,0,virus
30,6,1,virus
266,183,1,virus
28929,21,0,virus
31261,18,0,virus
36799,24,1,virus
33538,18,0,virus
22098,95,0,virus
45604,64,1,virus
46597,43,0,virus
25011,150,0,virus
48247,59,0,virus
8942,2,1,virus
9365,24,1,virus
11361,2,1,virus
44332,6,1,virus
47600,43,0,virus
28859,21,0,virus
52364,250,1,virus
35554,173,0,virus
39134,20,1,virus
8794,24,0,virus
23884,54,1,virus
54084,262,0,virus
15555,103,0,virus
38848,20,1,virus
39554,20,1,virus
39779,23,1,virus
11036,2,0,virus
5377,49,0,virus
3637,61,0,virus
45266,251,1,virus
10404,56,0,virus
33591,166,0,virus
13910,168,1,virus
18929,102,0,virus
6282,6,0,virus
15442,0,0,virus
21087,5,0,virus
37841,189,1,virus
49754,43,1,virus
20866,168,1,virus
12963,95,0,virus
10513,56,0,virus
12679,168,1,virus
13016,72,0,virus
32764,18,0,virus
37004,22,0,virus
2825,24,1,virus
32416,167,0,virus
22959,224,1,virus
52380,232,1,virus
37258,59,0,virus
46517,43,0,virus
52126,262,1,virus
22279,16,1,virus
14018,168,0,virus
32542,21,0,virus
28915,165,0,virus
23027,54,1,virus
3219,24,1,virus
39636,20,1,virus
46509,43,0,virus
25155,16,0,virus
39339,20,0,virus
3891,48,1,virus
23904,130,1,virus
45951,255,1,virus
13336,220,1,virus
24098,168,0,virus
24743,150,0,virus
31425,18,0,virus
33047,18,0,virus
30314,21,0,virus
4069,6,1,virus
47188,43,0,virus
45882,191,1,virus
33745,18,0,virus
53005,262,0,virus
43281,6,1,virus
9341,24,1,virus
7080,2,0,virus
22927,23,1,virus
13200,168,0,virus
4870,2,0,virus
17297,16,0,virus
8744,2,0,virus
11563,2,1,virus
13324,6,1,virus
32505,18,0,virus
31258,21,0,virus
40762,189,1,virus
5954,24,1,virus
48246,59,0,virus
2911,2,0,virus
8643,168,0,virus
31932,21,0,virus
36021,109,0,virus
29530,21,0,virus
6584,195,0,virus
28573,43,0,virus
45817,64,1,virus
37994,135,1,virus
17724,2,1,virus
32191,18,0,virus
49682,6,1,virus
52381,43,1,virus
17891,14,0,virus
6770,24,1,virus
54114,262,0,virus
7328,24,1,virus
9313,16,0,virus
42486,0,0,virus
55053,168,0,virus
10164,24,1,virus
40124,188,1,virus
23900,54,1,virus
44347,6,1,virus
9217,76,0,virus
45881,191,1,virus
7426,24,1,virus
23035,224,1,virus
52058,262,1,virus
19355,18,0,virus
17154,18,0,virus
52377,232,1,virus
35701,2,0,virus
31030,43,1,virus
18853,0,0,virus
18129,16,1,virus
25749,222,0,virus
31109,43,0,virus
8429,6,1,virus
13523,168,0,virus
12766,222,0,virus
30194,18,0,virus
25998,6,0,virus
37709,41,0,virus
54834,6,1,virus
14226,18,0,virus
40044,188,1,virus
25407,20,0,virus
8634,278,0,virus
10270,9,0,virus
17622,18,0,virus
35194,59,0,virus
592,54,1,virus
43349,6,1,virus
4769,2,1,virus
8635,9,1,virus
21375,16,1,virus
30185,18,0,virus
38245,24,1,virus
34879,16,1,virus
13924,2,0,virus
22093,125,0,virus
23379,54,1,virus
41782,216,0,virus
17053,0,0,virus
49710,43,1,virus
17396,18,0,virus
4531,65,0,virus
18272,18,0,virus
12469,16,0,virus
18669,168,1,virus
891,13,1,virus
23086,126,1,virus
16341,64,0,virus
32877,21,0,virus
31229,21,0,virus
17307,103,0,virus
10433,16,0,virus
6507,22,1,virus
50976,43,0,virus
13053,16,0,virus
235,137,1,virus
32959,18,0,virus
31610,18,0,virus
299,168,1,virus
17327,220,1,virus
33516,18,0,virus
2796,24,1,virus
2177,56,1,virus
30820,164,0,virus
34719,21,0,virus
45597,64,1,virus
42910,225,1,virus
7527,16,0,virus
43346,6,1,virus
39472,54,1,virus
11718,16,0,virus
44424,6,1,virus
19966,10,0,virus
19247,222,0,virus
7623,24,1,virus
31201,18,0,virus
11391,2,1,virus
5188,24,1,virus
24493,22,1,virus
1913,222,0,virus
43391,239,1,virus
43473,162,1,virus
29744,60,0,virus
15637,5,0,virus
32980,21,0,virus
50133,155,1,virus
33455,18,0,virus
48815,237,1,virus
51729,262,1,virus
52163,262,1,virus
33201,21,0,virus
8915,16,0,virus
8312,2,1,virus
7215,9,0,virus
49689,6,1,virus
13869,2,0,virus
18976,10,0,virus
18114,0,0,virus
5045,2,1,virus
23035,23,1,virus
23006,54,1,virus
39242,43,1,virus
3618,24,0,virus
769,54,1,virus
52906,262,1,virus
28589,18,0,virus
39689,20,1,virus
16881,18,0,virus
45714,64,1,virus
98,222,0,virus
4970,189,1,virus
32269,21,0,virus
396,28,0,virus
37444,54,1,virus
1663,6,1,virus
52155,262,1,virus
12596,20,1,virus
24039,6,1,virus
21735,5,0,virus
933,8,1,virus
8774,56,0,virus
25061,54,1,virus
17826,106,0,virus
37532,13,1,virus
12531,168,0,virus
9092,9,0,virus
2671,6,1,virus
12471,16,0,virus
4117,2,1,virus
33122,21,0,virus
22484,2,0,virus
24306,168,1,virus
31595,18,0,virus
48219,59,0,virus
12125,2,0,virus
24460,136,1,virus
27103,43,0,virus
47329,43,0,virus
22426,126,0,virus
30298,18,0,virus
19473,18,0,virus
25233,222,1,virus
33924,9,0,virus
8207,2,0,virus
14956,18,0,virus
46392,43,0,virus
10600,59,0,virus
17465,18,0,virus
20512,5,0,virus
45438,232,0,virus
40763,189,1,virus
2144,17,0,virus
11041,2,0,virus
45728,64,1,virus
20018,5,0,virus
35845,24,1,virus
6351,2,1,virus
28993,21,0,virus
54970,2,0,virus
8766,22,0,virus
23354,126,1,virus
19743,0,0,virus
47862,159,0,virus
1860,56,1,virus
3537,4,1,virus
9475,2,0,virus
9323,6,1,virus
24886,10,1,virus
43817,239,0,virus
38355,91,0,virus
2859,189,1,virus
45055,136,1,virus
54393,168,1,virus
11965,10,0,virus
40657,194,0,virus
50123,155,1,virus
43059,6,0,virus
6352,16,0,virus
502,25,1,virus
5212,34,1,virus
19566,168,1,virus
47366,43,0,virus
22773,16,0,virus
39060,222,1,virus
17879,14,0,virus
1621,15,1,virus
25057,22,1,virus
20771,5,0,virus
16957,13,0,virus
18758,64,0,virus
51956,262,1,virus
39940,43,1,virus
37060,24,0,virus
37523,54,1,virus
13452,222,1,virus
926,8,1,virus
23889,136,1,virus
33270,21,0,virus
36074,135,1,virus
9354,24,1,virus
39204,23,1,virus
289,9,0,virus
39201,23,1,virus
38479,24,1,virus
23305,55,0,virus
17921,106,0,virus
38054,183,1,virus
7463,2,0,virus
18234,0,0,virus
35499,43,1,virus
42062,106,0,virus
28106,31,1,virus
44904,136,1,virus
40137,189,1,virus
5703,34,1,virus
26904,8,1,virus
30792,165,0,virus
9842,189,1,virus
23517,23,1,virus
698,56,1,virus
32575,164,0,virus
30570,18,0,virus
51856,262,1,virus
4720,189,1,virus
7224,23,0,virus
18997,168,0,virus
53758,262,0,virus
17029,102,0,virus
22088,125,0,virus
51731,262,1,virus
52979,262,0,virus
45084,136,1,virus
3314,16,0,virus
22974,23,1,virus
46300,258,1,virus
611,34,1,virus
28930,43,0,virus
12947,16,0,virus
5288,189,1,virus
24246,2,0,virus
44452,136,1,virus
19011,168,0,virus
24570,126,0,virus
49898,64,1,virus
45047,136,1,virus
51785,262,1,virus
14992,216,0,virus
1316,15,1,virus
16748,0,0,virus
45785,191,1,virus
20041,41,0,virus
40797,135,1,virus
30109,18,0,virus
30823,21,1,virus
10784,2,0,virus
3811,189,1,virus
38482,24,1,virus
19921,124,1,virus
9577,56,0,virus
21276,23,1,virus
48819,237,1,virus
7709,189,1,virus
18704,168,0,virus
21665,13,0,virus
33134,21,0,virus
11321,34,1,virus
5908,65,0,virus
28625,30,0,virus
49511,6,1,virus
7537,42,0,virus
12025,222,1,virus
557,2,1,virus
40712,195,1,virus
31684,21,0,virus
15150,18,0,virus
47478,43,0,virus
5519,2,0,virus
19806,103,0,virus
27784,17,0,virus
21151,16,0,virus
33407,21,0,virus
32762,21,0,virus
20050,16,0,virus
1772,54,1,virus
54873,6,1,virus
32672,43,1,virus
21926,16,1,virus
16616,18,0,virus
25115,34,1,virus
13698,16,1,virus
24541,113,0,virus
33409,21,0,virus
2564,168,0,virus
21536,2,0,virus
55094,4,0,virus
6201,135,1,virus
15374,2,0,virus
31528,43,0,virus
13085,16,0,virus
15942,0,0,virus
54626,34,1,virus
13187,16,1,virus
950,34,1,virus
37594,24,1,virus
18251,108,0,virus
28821,18,0,virus
2518,4,0,virus
6037,56,0,virus
25584,2,0,virus
2977,45,0,virus
30644,21,0,virus
34825,16,1,virus
33326,18,0,virus
2861,6,1,virus
48757,43,1,virus
3393,2,1,virus
25060,22,1,virus
24274,136,1,virus
10545,77,0,virus
21065,168,1,virus
3692,48,1,virus
36688,189,1,virus
52031,262,1,virus
52479,262,0,virus
26400,59,1,virus
10638,16,1,virus
20343,10,0,virus
36863,43,0,virus
33100,21,0,virus
11935,168,1,virus
18717,168,0,virus
12590,2,1,virus
30327,18,0,virus
720,0,0,virus
25070,9,1,virus
24503,22,1,virus
41110,54,1,virus
45505,239,1,virus
33096,21,0,virus
52386,43,1,virus
33589,21,0,virus
17445,102,0,virus
34084,21,0,virus
14040,168,0,virus
37103,54,1,virus
45748,191,1,virus
9914,24,1,virus
21814,222,0,virus
18933,102,0,virus
43339,6,1,virus
55105,126,0,virus
39786,22,1,virus
21303,222,0,virus
32452,21,0,virus
24666,147,0,virus
32480,18,0,virus
37480,13,1,virus
35416,43,1,virus
32491,21,0,virus
2521,24,1,virus
50201,155,1,virus
19455,18,0,virus
37171,24,1,virus
18928,18,0,virus
55157,222,1,virus
52119,262,1,virus
37529,13,1,virus
27529,2,1,virus
27297,9,1,virus
22007,9,0,virus
31012,21,0,virus
31609,18,0,virus
19248,5,0,virus
20677,10,0,virus
7869,4,1,virus
28695,18,0,virus
30210,18,0,virus
26611,4,0,virus
29823,18,0,virus
49255,43,1,virus
39719,20,1,virus
38695,20,1,virus
52042,262,1,virus
18881,18,0,virus
39305,24,1,virus
24605,20,1,virus
13535,222,0,virus
1254,56,1,virus
45868,64,1,virus
5050,24,1,virus
46895,43,0,virus
7891,47,1,virus
40327,189,1,virus
19567,168,1,virus
52379,232,1,virus
30242,21,0,virus
34697,21,0,virus
28470,262,1,virus
34668,21,0,virus
54515,16,0,virus
21311,222,1,virus
13265,16,0,virus
23300,130,1,virus
11142,16,0,virus
25403,9,0,virus
45114,136,1,virus
7236,22,0,virus
16710,14,0,virus
9550,189,1,virus
54388,2,0,virus
26053,2,1,virus
29574,43,0,virus
42587,115,0,virus
898,54,1,virus
6279,2,0,virus
34990,16,1,virus
2097,16,1,virus
39768,22,1,virus
36936,20,0,virus
30180,18,0,virus
31750,21,0,virus
34406,18,0,virus
23068,23,1,virus
39749,22,1,virus
24986,222,1,virus
33568,18,0,virus
47631,43,0,virus
9515,16,0,virus
36768,24,1,virus
36846,24,1,virus
25927,6,0,virus
20776,2,0,virus
34684,18,0,virus
21842,168,1,virus
24128,222,1,virus
32110,43,1,virus
39763,22,1,virus
39608,20,1,virus
32345,21,0,virus
9924,24,1,virus
6124,16,0,virus
4922,47,0,virus
8850,16,0,virus
860,56,1,virus
50256,155,1,virus
12589,222,1,virus
13660,16,0,virus
15875,16,0,virus
22069,16,1,virus
30267,18,0,virus
8710,24,0,virus
33575,18,0,virus
36699,24,1,virus
18237,64,0,virus
6084,56,0,virus
30782,18,0,virus
13302,16,0,virus
862,56,1,virus
18437,111,0,virus
1372,9,0,virus
31648,21,0,virus
25116,34,1,virus
23512,22,1,virus
32252,18,0,virus
21126,56,0,virus
862,8,1,virus
39739,58,1,virus
13367,89,0,virus
32514,18,0,virus
21945,168,1,virus
41357,91,0,virus
80,23,1,virus
39831,182,1,virus
24795,10,0,virus
38020,20,1,virus
4101,2,1,virus
9978,16,0,virus
44082,34,1,virus
6663,56,1,virus
43460,162,1,virus
53807,262,0,virus
34312,18,0,virus
9480,2,1,virus
6135,2,0,virus
13054,16,0,virus
11132,20,0,virus
45708,191,1,virus
34673,21,0,virus
20243,5,0,virus
31486,18,0,virus
12651,168,0,virus
19901,124,1,virus
24950,222,0,virus
8619,16,1,virus
10946,24,0,virus
17936,14,0,virus
48488,237,1,virus
19607,4,0,virus
44941,136,1,virus
6882,189,1,virus
47943,43,1,virus
33605,21,0,virus
37629,18,0,virus
30383,43,1,virus
5687,56,0,virus
30188,18,0,virus
49535,6,1,virus
48619,43,1,virus
37327,22,1,virus
12713,2,0,virus
23025,224,1,virus
24894,20,0,virus
24862,10,1,virus
39765,23,1,virus
8807,2,0,virus
19471,18,0,virus
53837,262,0,virus
32164,18,0,virus
10092,6,1,virus
20077,168,1,virus
3353,6,1,virus
25752,10,0,virus
17109,18,0,virus
49619,6,1,virus
18101,0,0,virus
40914,135,1,virus
25237,222,1,virus
53430,43,0,virus
33711,21,1,virus
935,56,1,virus
27070,43,0,virus
46563,43,0,virus
42737,100,0,virus
13734,126,0,virus
22934,54,1,virus
38458,24,1,virus
47745,43,0,virus
28257,21,0,virus
591,23,1,virus
3868,2,0,virus
32877,18,0,virus
45751,191,1,virus
5540,56,1,virus
32224,18,0,virus
11084,2,1,virus
28038,21,0,virus
39348,20,0,virus
25814,43,0,virus
26189,43,1,virus
1723,23,1,virus
794,56,1,virus
39542,20,1,virus
22933,224,1,virus
27746,43,1,virus
28953,43,0,virus
311,27,0,virus
35610,43,1,virus
32984,18,0,virus
25168,2,1,virus
18353,18,0,virus
37684,13,1,virus
50055,155,1,virus
14889,103,0,virus
5954,189,1,virus
17338,220,1,virus
34751,85,0,virus
45936,255,1,virus
23677,136,1,virus
34940,16,1,virus
37159,135,1,virus
18286,5,0,virus
19563,16,1,virus
41159,6,1,virus
29493,43,0,virus
45647,64,1,virus
14076,16,0,virus
9311,16,0,virus
49246,43,1,virus
12514,16,0,virus
31711,2,1,virus
40576,189,1,virus
34049,164,0,virus
54393,16,0,virus
13093,9,0,virus
19995,16,1,virus
2860,24,1,virus
19345,0,0,virus
49614,6,1,virus
358,164,0,virus
48472,237,1,virus
32236,166,0,virus
10456,278,0,virus
34411,18,0,virus
791,9,1,virus
27827,2,0,virus
11844,168,1,virus
30188,21,0,virus
23339,168,0,virus
12799,220,0,virus
21220,20,0,virus
54019,262,0,virus
52022,262,1,virus
53973,262,0,virus
54323,43,1,virus
33541,166,0,virus
52751,262,1,virus
32794,18,0,virus
38052,24,1,virus
32896,21,0,virus
21317,16,0,virus
21031,5,0,virus
53845,262,0,virus
47012,43,0,virus
6553,2,0,virus
51980,262,1,virus
29170,18,0,virus
33857,21,0,virus
777,56,1,virus
23029,22,1,virus
30571,18,0,virus
37073,22,0,virus
980,8,1,virus
21083,222,0,virus
12921,222,0,virus
1670,264,1,virus
6241,17,0,virus
15011,88,1,virus
6883,189,1,virus
5225,24,1,virus
34647,18,0,virus
37826,2,0,virus
13754,220,1,virus
40546,193,0,virus
24983,2,1,virus
34577,18,0,virus
15589,24,0,virus
24689,20,0,virus
4106,6,1,virus
36004,189,1,virus
45689,191,1,virus
34706,18,0,virus
4409,2,1,virus
38613,24,1,virus
12421,16,0,virus
20634,16,0,virus
20172,5,0,virus
44918,136,1,virus
39489,20,1,virus
19203,18,0,virus
7857,195,1,virus
5028,25,1,virus
4701,16,0,virus
21763,9,0,virus
36225,24,1,virus
52227,262,1,virus
7173,24,1,virus
8193,16,0,virus
9478,2,1,virus
22974,224,1,virus
8542,9,1,virus
21162,5,0,virus
1056,8,1,virus
1043,34,1,virus
12949,2,1,virus
13984,168,1,virus
19555,2,0,virus
5178,189,1,virus
25334,2,0,virus
49193,261,1,virus
17191,14,0,virus
43238,6,1,virus
19379,0,0,virus
44547,239,1,virus
46944,43,0,virus
22962,23,1,virus
291,9,0,virus
39625,24,1,virus
45890,191,1,virus
43126,237,1,virus
55134,278,0,virus
27478,2,1,virus
11843,16,1,virus
31911,21,0,virus
20386,123,1,virus
9290,59,0,virus
9370,24,1,virus
22851,42,1,virus
10615,16,0,virus
19645,14,0,virus
4468,222,0,virus
382,9,0,virus
22100,91,0,virus
22493,168,0,virus
10896,56,1,virus
10853,75,0,virus
43204,6,1,virus
39763,23,1,virus
40019,187,0,virus
16006,20,0,virus
25321,6,0,virus
52338,232,1,virus
32335,18,0,virus
32630,18,0,virus
26872,102,0,virus
15472,18,0,virus
6580,3,0,virus
46170,43,1,virus
25238,222,1,virus
52352,232,1,virus
5486,6,1,virus
42996,6,1,virus
38701,20,1,virus
14299,273,0,virus
33567,165,0,virus
36757,24,1,virus
13445,2,1,virus
35201,250,0,virus
45045,242,1,virus
9019,16,0,virus
23043,22,1,virus
39036,220,1,virus
24311,2,0,virus
25843,16,0,virus
33459,21,0,virus
10554,2,0,virus
46921,43,0,virus
36250,33,0,virus
53032,262,1,virus
12210,6,1,virus
2993,24,1,virus
37358,135,1,virus
181,135,1,virus
13288,16,0,virus
28684,18,0,virus
38563,24,1,virus
54648,4,1,virus
48515,237,1,virus
9397,6,1,virus
40593,189,1,virus
8504,168,0,virus
13017,168,0,virus
31848,18,0,virus
30207,21,0,virus
231,22,1,virus
36589,24,1,virus
44893,136,1,virus
20217,14,0,virus
32200,43,0,virus
27250,43,1,virus
1941,40,1,virus
40193,135,1,virus
10093,168,1,virus
44060,34,1,virus
12111,9,1,virus
7467,79,0,virus
24974,23,1,virus
40283,189,1,virus
48480,237,1,virus
6862,24,0,virus
33637,21,0,virus
5129,189,1,virus
52361,43,1,virus
21222,20,0,virus
4010,42,0,virus
48628,250,1,virus
22374,16,1,virus
30002,18,0,virus
27884,43,1,virus
52900,262,1,virus
13009,168,0,virus
31266,18,0,virus
53638,43,0,virus
52142,262,1,virus
39739,13,1,virus
9701,73,1,virus
23870,136,1,virus
46027,126,0,virus
2873,43,1,virus
44071,6,1,virus
20393,123,1,virus
12112,168,1,virus
54171,262,0,virus
39627,183,1,virus
13785,16,0,virus
6172,2,0,virus
45934,255,1,virus
14959,18,0,virus
9779,6,1,virus
43036,233,0,virus
11808,222,0,virus
46397,43,0,virus
36420,24,1,virus
23750,54,1,virus
13879,41,1,virus
19578,0,0,virus
28836,43,1,virus
38346,24,1,virus
14483,2,0,virus
20902,168,1,virus
10973,27,0,virus
11583,6,1,virus
31238,18,0,virus
10155,6,1,virus
8576,73,0,virus
32811,18,0,virus
12908,222,1,virus
32547,18,0,virus
22975,23,1,virus
31009,21,0,virus
33573,21,0,virus
1344,6,1,virus
40211,190,1,virus
32258,18,0,virus
33034,21,0,virus
29231,43,0,virus
15009,16,0,virus
37919,24,1,virus
23010,224,1,virus
55140,126,0,virus
36328,24,1,virus
29619,41,1,virus
39202,22,1,virus
45752,191,1,virus
44115,239,1,virus
29763,21,0,virus
18523,107,0,virus
1558,23,1,virus
13698,168,1,virus
1315,15,1,virus
52098,262,1,virus
19345,18,0,virus
25770,153,0,virus
14318,18,0,virus
10077,24,0,virus
8471,73,1,virus
5955,135,1,virus
2356,0,0,virus
6803,189,1,virus
51556,262,1,virus
22851,42,1,virus
2737,54,1,virus
33359,18,0,virus
32116,56,0,virus
40769,189,1,virus
15359,2,0,virus
19060,120,0,virus
54773,43,1,virus
9545,75,1,virus
34065,18,0,virus
34821,16,1,virus
43336,6,1,virus
1784,2,1,virus
39038,2,1,virus
18849,17,0,virus
13246,6,1,virus
19070,18,0,virus
7642,9,0,virus
19022,16,0,virus
34166,59,1,virus
52382,232,1,virus
7874,24,1,virus
1296,15,1,virus
995,34,1,virus
5463,2,0,virus
38454,24,1,virus
4469,2,0,virus
6978,24,1,virus
42953,54,0,virus
42789,189,1,virus
14448,10,0,virus
32720,18,0,virus
23019,54,1,virus
31289,21,0,virus
29464,43,0,virus
10081,16,0,virus
15530,0,0,virus
45060,136,1,virus
38207,24,1,virus
22991,23,1,virus
3850,24,1,virus
27002,2,1,virus
20664,10,0,virus
21170,2,1,virus
3456,4,1,virus
157,15,1,virus
30022,43,0,virus
23522,23,1,virus
31625,21,0,virus
36315,189,1,virus
3218,24,1,virus
50170,155,1,virus
5539,24,1,virus
26681,24,1,virus
24868,10,1,virus
4807,49,1,virus
17063,18,0,virus
22989,224,1,virus
31547,21,0,virus
40120,188,1,virus
22381,5,0,virus
7319,24,1,virus
25692,222,1,virus
51767,262,1,virus
28470,43,1,virus
32196,43,0,virus
43299,6,1,virus
28469,2,0,virus
545,6,1,virus
7519,56,0,virus
42885,189,1,virus
4729,65,0,virus
28693,18,0,virus
34872,16,1,virus
45043,136,1,virus
2646,24,0,virus
42992,43,1,virus
42710,204,0,virus
47060,43,0,virus
20487,168,1,virus
7860,3,0,virus
35230,43,1,virus
19700,18,0,virus
11150,16,0,virus
24594,20,1,virus
16389,126,0,virus
35007,16,1,virus
8576,203,0,virus
34339,171,0,virus
24817,144,1,virus
3619,2,1,virus
40131,189,1,virus
43142,237,1,virus
29650,21,0,virus
19260,14,0,virus
48646,159,1,virus
40150,189,1,virus
42826,14,0,virus
26070,43,0,virus
36903,24,0,virus
35730,13,0,virus
38716,20,1,virus
35344,43,1,virus
17831,14,0,virus
27876,43,0,virus
7175,24,1,virus
39173,20,1,virus
14728,0,0,virus
12075,222,1,virus
13498,10,0,virus
40167,189,0,virus
33613,165,0,virus
28769,43,0,virus
43131,237,1,virus
32423,18,0,virus
46066,255,1,virus
1342,15,1,virus
36995,23,1,virus
13312,41,0,virus
19656,18,0,virus
32468,21,0,virus
2492,16,0,virus
28928,18,0,virus
46715,43,0,virus
4138,6,0,virus
32490,21,0,virus
33789,18,0,virus
211,9,1,virus
13771,16,0,virus
28472,43,1,virus
20809,2,1,virus
33547,18,0,virus
20536,14,0,virus
38182,24,1,virus
12915,222,1,virus
33057,165,0,virus
33331,18,0,virus
30107,18,0,virus
32416,18,0,virus
6989,189,1,virus
37817,54,1,virus
29544,18,0,virus
7100,24,1,virus
2566,52,0,virus
47324,43,0,virus
9467,24,1,virus
53640,43,0,virus
24062,138,0,virus
3327,47,0,virus
49679,6,1,virus
610,8,1,virus
31472,18,0,virus
19284,18,0,virus
30189,21,0,virus
9482,50,0,virus
32974,21,0,virus
32307,21,0,virus
9049,59,0,virus
36343,55,0,virus
24773,10,0,virus
9100,16,0,virus
6938,189,1,virus
7939,16,0,virus
31664,21,1,virus
20165,56,0,virus
51996,262,1,virus
38665,180,1,virus
9395,16,0,virus
11619,2,0,virus
14335,18,0,virus
49938,64,1,virus
32469,18,0,virus
17756,106,0,virus
19427,168,1,virus
52334,232,1,virus
5090,191,1,virus
258,2,1,virus
31041,24,1,virus
39973,43,1,virus
8569,56,0,virus
2709,24,1,virus
52351,159,1,virus
2359,27,0,virus
33859,18,0,virus
31335,18,0,virus
31659,21,0,virus
994,8,1,virus
23044,23,1,virus
12026,222,1,virus
13825,56,1,virus
49198,261,1,virus
48620,43,1,virus
23895,54,1,virus
632,2,0,virus
39796,22,1,virus
32382,165,0,virus
37181,24,1,virus
3451,24,1,virus
6049,59,0,virus
32934,18,0,virus
33130,18,0,virus
609,34,1,virus
25030,100,1,virus
19528,103,0,virus
49885,64,1,virus
21862,5,0,virus
4750,47,1,virus
1245,222,1,virus
46126,255,1,virus
20266,5,0,virus
3415,10,0,virus
48605,43,1,virus
23643,136,1,virus
35784,24,1,virus
34246,18,0,virus
41257,100,0,virus
5151,24,1,virus
4769,6,1,virus
21816,222,1,virus
6738,24,1,virus
12045,222,1,virus
12808,222,0,virus
22708,123,0,virus
45686,64,1,virus
44985,136,1,virus
6151,16,0,virus
18362,105,0,virus
25999,16,0,virus
31174,18,0,virus
55122,126,0,virus
38938,20,1,virus
42702,34,1,virus
9795,9,1,virus
5883,6,1,virus
32911,21,0,virus
44318,6,1,virus
14665,222,0,virus
9076,56,0,virus
33481,18,0,virus
37162,24,1,virus
29104,43,0,virus
43294,6,1,virus
40001,187,0,virus
35972,24,1,virus
23147,54,0,virus
53610,43,0,virus
13233,56,1,virus
34665,21,0,virus
38602,189,1,virus
32523,43,0,virus
25524,222,1,virus
33066,18,0,virus
32429,21,0,virus
22166,10,0,virus
18665,16,0,virus
34564,21,0,virus
39041,220,1,virus
21034,16,0,virus
32462,21,0,virus
35715,24,1,virus
50646,43,0,virus
13391,21,0,virus
39466,23,1,virus
7264,24,0,virus
47199,43,0,virus
22399,222,0,virus
36145,24,1,virus
13970,16,1,virus
6514,22,1,virus
12648,16,0,virus
40384,189,1,virus
29225,43,0,virus
32382,167,0,virus
22185,2,0,virus
19606,4,0,virus
32791,21,0,virus
26838,21,0,virus
45012,189,1,virus
24840,10,0,virus
36449,189,1,virus
25983,2,1,virus
52392,250,1,virus
29188,43,0,virus
45766,64,1,virus
33472,21,0,virus
1081,139,1,virus
24234,135,1,virus
3480,164,0,virus
42438,13,0,virus
37537,54,1,virus
33254,43,1,virus
54364,6,1,virus
15393,102,0,virus
16693,103,0,virus
3991,24,1,virus
8753,2,0,virus
14666,103,0,virus
37353,24,1,virus
25066,23,1,virus
45761,191,1,virus
1780,2,1,virus
19189,18,0,virus
35009,16,1,virus
5193,24,1,virus
23025,23,1,virus
32104,21,0,virus
10784,6,0,virus
51805,262,1,virus
34085,21,0,virus
40067,135,1,virus
52002,262,1,virus
27837,168,0,virus
17014,103,0,virus
22817,19,0,virus
5536,34,1,virus
47945,43,1,virus
43285,6,1,virus
38741,20,1,virus
26642,18,0,virus
1739,5,0,virus
29861,56,0,virus
18680,16,0,virus
9411,2,0,virus
32016,43,0,virus
32978,18,0,virus
32829,21,0,virus
7038,9,1,virus
45681,191,1,virus
52388,232,1,virus
23278,168,1,virus
11121,222,0,virus
32918,18,0,virus
9552,189,1,virus
32868,18,0,virus
3988,44,1,virus
39432,20,1,virus
32585,18,0,virus
37285,24,1,virus
5082,2,1,virus
22236,14,0,virus
1924,2,0,virus
30781,18,0,virus
32988,18,0,virus
26817,161,0,virus
22051,222,1,virus
12875,222,1,virus
11103,2,1,virus
16815,105,0,virus
12756,168,0,virus
31581,21,0,virus
9432,24,1,virus
31460,18,0,virus
38574,24,1,virus
32592,18,0,virus
26818,43,1,virus
6818,24,1,virus
24564,168,0,virus
30744,18,0,virus
34965,16,1,virus
31629,18,0,virus
22480,2,0,virus
37180,135,1,virus
34596,21,0,virus
12221,6,1,virus
13909,56,0,virus
45388,59,0,virus
33803,18,0,virus
36498,24,1,virus
18720,16,0,virus
10436,56,1,virus
19502,105,0,virus
15296,103,0,virus
31599,21,0,virus
32502,18,0,virus
12824,220,1,virus
10267,9,0,virus
5233,24,1,virus
38856,20,1,virus
24610,20,1,virus
42917,224,1,virus
50214,155,1,virus
40960,189,1,virus
6935,24,1,virus
83,22,1,virus
49283,264,1,virus
12106,168,1,virus
44975,136,0,virus
45085,242,1,virus
33858,18,0,virus
10427,47,1,virus
36823,24,1,virus
19438,18,0,virus
26702,43,1,virus
14764,18,0,virus
44203,241,1,virus
45350,59,1,virus
27343,56,1,virus
22979,23,1,virus
12191,6,1,virus
24427,2,0,virus
4115,6,1,virus
12417,16,0,virus
2263,6,1,virus
38083,24,1,virus
37815,54,1,virus
16239,18,0,virus
38192,135,0,virus
794,9,1,virus
21190,14,0,virus
1758,5,0,virus
44636,239,1,virus
3098,24,0,virus
82,22,1,virus
45622,64,1,virus
35799,6,1,virus
18190,222,1,virus
2576,6,1,virus
33849,21,0,virus
11444,56,1,virus
32105,18,0,virus
5166,189,1,virus
20413,5,0,virus
51690,262,1,virus
52352,250,1,virus
11462,24,1,virus
39038,220,1,virus
20100,16,1,virus
4492,61,0,virus
25594,17,1,virus
38746,20,1,virus
851,56,1,virus
18184,102,0,virus
37624,18,0,virus
48684,31,1,virus
36009,24,1,virus
47579,43,0,virus
49780,41,0,virus
16062,0,0,virus
13336,2,1,virus
23602,54,1,virus
35483,43,1,virus
46862,43,0,virus
13743,168,0,virus
45279,251,1,virus
48279,59,0,virus
21219,20,0,virus
14419,2,0,virus
10458,278,0,virus
22923,54,1,virus
16874,18,0,virus
6206,189,1,virus
21592,2,0,virus
45685,191,1,virus
39066,2,1,virus
33834,18,0,virus
49883,64,1,virus
35197,146,0,virus
33973,21,0,virus
9576,189,1,virus
4067,2,1,virus
41484,6,0,virus
38799,20,1,virus
20627,16,0,virus
23997,6,1,virus
1643,139,1,virus
10170,189,1,virus
36431,109,0,virus
8534,24,1,virus
33462,18,0,virus
33476,18,0,virus
45783,191,1,virus
11829,16,0,virus
32850,18,0,virus
7655,2,0,virus
42985,134,0,virus
30581,21,0,virus
44023,237,1,virus
33054,21,0,virus
37469,54,1,virus
26774,2,0,virus
43312,6,1,virus
11257,2,1,virus
47179,43,0,virus
7363,44,1,virus
5005,2,0,virus
21529,2,0,virus
19477,18,0,virus
21674,2,0,virus
32515,21,0,virus
32974,18,0,virus
8942,6,1,virus
26140,43,0,virus
32547,164,0,virus
2454,9,0,virus
27247,248,1,virus
22966,22,1,virus
37778,24,1,virus
10434,56,1,virus
17224,220,1,virus
52316,250,1,virus
38453,24,1,virus
29840,18,0,virus
46181,59,0,virus
54885,6,1,virus
21076,168,1,virus
30901,2,0,virus
32871,21,0,virus
11096,191,0,virus
3867,44,0,virus
51641,262,1,virus
18878,102,0,virus
8151,24,0,virus
4733,6,0,virus
14068,16,0,virus
25114,8,1,virus
40013,187,0,virus
15831,103,0,virus
29674,43,0,virus
32508,21,0,virus
36840,24,1,virus
44163,34,1,virus
22301,168,0,virus
30843,21,0,virus
33004,21,0,virus
30856,18,0,virus
19763,102,0,virus
6563,189,1,virus
52112,262,1,virus
43356,239,1,virus
33358,18,0,virus
793,56,1,virus
5293,43,0,virus
26201,91,0,virus
40303,6,1,virus
39072,2,1,virus
6584,196,0,virus
4185,9,0,virus
23546,54,1,virus
33057,167,0,virus
16724,111,0,virus
10243,9,1,virus
34309,18,0,virus
2652,24,1,virus
2399,2,1,virus
34244,21,1,virus
39811,23,1,virus
31844,21,0,virus
26160,16,0,virus
34178,18,0,virus
30262,21,0,virus
2269,2,1,virus
11309,34,1,virus
28499,16,0,virus
22964,22,1,virus
2705,20,1,virus
18005,14,0,virus
38118,183,1,virus
39975,262,1,virus
38362,24,1,virus
607,34,1,virus
26489,9,1,virus
48673,43,0,virus
22052,2,1,virus
32900,21,0,virus
41851,216,0,virus
12146,16,1,virus
36719,24,1,virus
38324,189,1,virus
52048,262,1,virus
47597,43,0,virus
4111,2,1,virus
39982,43,1,virus
39623,24,1,virus
6346,145,0,virus
45413,59,0,virus
10716,2,1,virus
11217,16,1,virus
25536,222,1,virus
11129,2,0,virus
31866,21,0,virus
10057,2,1,virus
26253,24,1,virus
52385,232,1,virus
34685,21,0,virus
24554,20,0,virus
13203,59,0,virus
35336,43,1,virus
40343,189,1,virus
5964,24,1,virus
35181,172,1,virus
36824,24,1,virus
37857,24,1,virus
24501,22,1,virus
13346,16,0,virus
11526,168,1,virus
27124,2,1,virus
22150,9,0,virus
40998,6,1,virus
16964,18,0,virus
10746,2,1,virus
10782,2,1,virus
50053,155,1,virus
31548,21,0,virus
45777,64,1,virus
25440,2,1,virus
15351,18,0,virus
28565,43,1,virus
21159,222,0,virus
26492,43,1,virus
21982,16,0,virus
242,23,1,virus
39420,20,1,virus
2800,6,1,virus
37695,24,1,virus
26481,43,0,virus
35980,24,1,virus
13597,16,1,virus
28992,18,0,virus
19282,0,0,virus
44723,239,1,virus
37370,24,1,virus
51344,262,1,virus
53810,262,0,virus
49081,261,0,virus
34320,18,0,virus
26996,24,1,virus
23338,168,0,virus
41160,6,1,virus
37219,24,1,virus
53752,262,0,virus
10467,56,1,virus
9014,24,1,virus
30331,21,0,virus
5419,47,1,virus
52558,262,1,virus
44376,6,1,virus
18938,14,0,virus
27247,43,1,virus
38110,24,1,virus
19236,5,0,virus
12839,220,1,virus
26250,2,0,virus
9876,16,0,virus
34229,21,0,virus
15841,103,0,virus
31342,21,0,virus
37252,54,0,virus
3849,49,1,virus
34026,18,0,virus
18713,14,0,virus
48626,159,1,virus
38167,24,1,virus
32677,21,1,virus
1727,5,0,virus
2401,24,0,virus
11567,220,0,virus
15952,114,0,virus
33668,21,0,virus
20954,16,1,virus
684,191,0,virus
25982,6,0,virus
19049,18,0,virus
23067,224,1,virus
14156,126,0,virus
20741,5,0,virus
13781,10,0,virus
15056,102,0,virus
23001,23,1,virus
33158,18,0,virus
17875,18,0,virus
181,59,0,virus
6360,24,0,virus
1709,2,0,virus
22979,54,1,virus
19828,14,0,virus
21045,5,0,virus
20622,168,0,virus
32188,43,0,virus
19162,13,0,virus
22257,5,0,virus
37811,54,1,virus
33104,18,0,virus
27755,102,0,virus
21655,5,0,virus
30321,21,0,virus
439,9,1,virus
22463,20,0,virus
4092,6,0,virus
2322,160,0,virus
32295,43,0,virus
22608,222,0,virus
33591,165,0,virus
11314,34,1,virus
10441,56,1,virus
40393,6,0,virus
49919,64,1,virus
38614,24,1,virus
40337,189,1,virus
37714,24,1,virus
39749,23,1,virus
4561,48,1,virus
34043,18,0,virus
25042,23,1,virus
22069,168,1,virus
25993,2,1,virus
4411,24,1,virus
14989,18,0,virus
28894,58,1,virus
51939,262,1,virus
32438,21,0,virus
48918,261,0,virus
1670,6,0,virus
11339,222,1,virus
25537,222,1,virus
31148,43,1,virus
33552,21,0,virus
42263,216,0,virus
7231,24,1,virus
43754,162,1,virus
10274,56,0,virus
21852,168,1,virus
17853,222,1,virus
23024,22,1,virus
33415,43,0,virus
11339,220,1,virus
23760,136,1,virus
1643,183,1,virus
13732,9,0,virus
23021,22,1,virus
13567,16,1,virus
22980,54,1,virus
782,54,1,virus
1337,15,1,virus
47252,43,0,virus
24266,138,0,virus
934,42,1,virus
853,9,1,virus
3536,61,0,virus
1962,15,1,virus
39779,22,1,virus
14459,113,0,virus
29602,18,0,virus
7510,189,1,virus
41042,91,1,virus
19114,16,0,virus
32501,18,0,virus
6910,24,1,virus
3016,24,1,virus
40122,188,1,virus
38890,20,1,virus
1810,16,0,virus
18765,114,0,virus
7593,189,1,virus
52888,262,1,virus
26672,23,1,virus
25645,20,1,virus
2251,15,1,virus
31750,18,0,virus
22534,5,0,virus
32172,21,1,virus
17320,2,1,virus
52285,43,1,virus
32925,21,0,virus
32469,21,0,virus
23476,54,1,virus
3733,191,1,virus
27961,102,0,virus
40121,188,1,virus
44412,6,1,virus
51552,262,1,virus
32701,21,0,virus
17795,18,0,virus
588,22,1,virus
232,22,1,virus
15727,14,0,virus
37853,189,1,virus
29491,43,0,virus
565,0,0,virus
9266,2,1,virus
17574,0,0,virus
19289,0,0,virus
10532,77,0,virus
33677,166,0,virus
15865,103,0,virus
19880,14,0,virus
3477,18,0,virus
4366,49,1,virus
27599,91,0,virus
6094,9,0,virus
35790,135,1,virus
21926,168,1,virus
52036,262,1,virus
10854,2,0,virus
25879,154,0,virus
33105,18,0,virus
39600,20,1,virus
31602,18,0,virus
12198,16,1,virus
11798,16,0,virus
1173,2,1,virus
43929,239,0,virus
36187,13,0,virus
36394,135,1,virus
46025,257,0,virus
15021,18,0,virus
15453,0,0,virus
12137,16,0,virus
34242,166,0,virus
31386,18,0,virus
3974,24,1,virus
24665,148,0,virus
31549,21,0,virus
8409,6,0,virus
21423,5,0,virus
36806,135,1,virus
12600,91,0,virus
14297,69,0,virus
38168,24,1,virus
8895,9,1,virus
37289,6,1,virus
49090,261,1,virus
32671,164,0,virus
13427,16,0,virus
12240,168,1,virus
11135,41,0,virus
30219,18,0,virus
25023,54,1,virus
6734,189,1,virus
21675,16,1,virus
1391,9,0,virus
20005,168,0,virus
35581,13,0,virus
16191,0,0,virus
20302,16,0,virus
42467,0,0,virus
21277,22,1,virus
3666,48,1,virus
30134,56,1,virus
12107,168,1,virus
31856,21,0,virus
37204,135,1,virus
33682,167,0,virus
40195,189,1,virus
20216,126,0,virus
28759,43,1,virus
20391,118,1,virus
35794,160,0,virus
38249,22,0,virus
20710,222,0,virus
30744,21,0,virus
1817,2,0,virus
18755,0,0,virus
26679,2,1,virus
29451,43,0,virus
5923,16,0,virus
5576,222,0,virus
31473,18,0,virus
30557,21,0,virus
51879,262,1,virus
37529,54,1,virus
8991,56,0,virus
18724,102,0,virus
10619,22,0,virus
17313,222,1,virus
39045,2,1,virus
7263,56,1,virus
52885,262,1,virus
30265,21,0,virus
23968,6,1,virus
19183,18,0,virus
51874,262,1,virus
14031,16,0,virus
13513,168,0,virus
17154,0,0,virus
22325,16,0,virus
17318,2,0,virus
19033,168,0,virus
3644,25,1,virus
38241,24,1,virus
51930,262,1,virus
4232,54,1,virus
22884,42,1,virus
41737,216,0,virus
23617,136,1,virus
35470,43,1,virus
12343,2,0,virus
40958,189,1,virus
11614,2,0,virus
48979,261,1,virus
43711,162,1,virus
51554,262,1,virus
21347,10,0,virus
32461,18,0,virus
29950,18,0,virus
20725,16,0,virus
8902,2,0,virus
22622,20,1,virus
16741,13,0,virus
18426,14,0,virus
51911,262,1,virus
33131,21,0,virus
22645,222,0,virus
11377,2,1,virus
24954,16,0,virus
13024,43,0,virus
38134,24,1,virus
29429,43,0,virus
21941,168,1,virus
611,34,1,virus
13019,168,0,virus
49573,6,1,virus
2265,18,0,virus
51807,262,1,virus
47541,43,0,virus
29755,60,0,virus
39104,20,1,virus
7129,24,1,virus
30187,18,0,virus
14035,168,0,virus
36546,24,1,virus
3363,2,0,virus
34338,169,0,virus
7166,9,0,virus
14960,222,0,virus
33243,262,0,virus
23871,136,1,virus
23103,55,0,virus
27480,2,1,virus
6271,24,1,virus
12722,222,1,virus
34680,18,0,virus
6255,43,1,virus
13596,220,1,virus
22934,23,1,virus
15310,16,0,virus
30452,43,1,virus
33715,21,1,virus
28019,102,0,virus
51224,250,1,virus
26014,6,0,virus
34365,18,0,virus
8648,2,0,virus
34243,21,0,virus
5880,2,1,virus
53862,262,0,virus
45932,191,1,virus
11206,168,1,virus
9349,24,1,virus
10448,42,0,virus
35395,43,1,virus
3370,6,0,virus
10506,9,0,virus
45424,41,0,virus
22821,2,1,virus
55052,168,0,virus
7260,9,0,virus
29437,21,0,virus
44166,34,1,virus
23008,224,1,virus
30279,18,0,virus
30425,21,0,virus
33601,21,0,virus
12988,16,0,virus
11243,10,1,virus
44193,241,1,virus
30542,21,0,virus
10344,75,0,virus
15481,18,0,virus
43316,6,1,virus
25048,54,1,virus
5109,49,0,virus
18926,102,0,virus
37643,18,0,virus
42788,189,1,virus
24311,161,0,virus
8475,73,1,virus
22883,42,1,virus
33657,21,0,virus
12829,2,1,virus
6526,6,1,virus
41090,54,1,virus
4193,45,0,virus
33022,21,0,virus
47375,43,0,virus
20417,20,0,virus
30298,21,0,virus
52114,262,1,virus
292,15,1,virus
24068,222,0,virus
16193,18,0,virus
44851,136,0,virus
34087,18,0,virus
45839,191,1,virus
11742,59,0,virus
30559,21,0,virus
30950,24,1,virus
42474,59,1,virus
22561,132,0,virus
44128,239,1,virus
38250,24,1,virus
25671,2,1,virus
25119,8,1,virus
29516,21,0,virus
22308,168,0,virus
40294,6,1,virus
12145,2,0,virus
12582,50,0,virus
4107,6,1,virus
993,43,0,virus
47016,43,0,virus
48849,160,0,virus
37351,24,1,virus
33475,18,0,virus
16871,18,0,virus
38355,18,0,virus
44337,6,1,virus
32736,21,0,virus
13903,16,0,virus
3704,48,1,virus
13552,16,0,virus
28639,2,1,virus
14734,114,0,virus
23841,136,1,virus
44101,34,1,virus
2587,54,1,virus
13999,168,0,virus
1162,9,0,virus
18125,14,0,virus
45816,64,1,virus
17058,64,0,virus
47763,262,0,virus
36859,24,1,virus
33597,18,0,virus
10276,16,1,virus
37933,24,1,virus
28562,18,0,virus
25639,2,0,virus
15367,111,0,virus
48245,59,0,virus
11270,88,1,virus
48410,136,1,virus
4103,6,1,virus
48200,59,0,virus
15149,5,0,virus
43035,233,0,virus
21122,9,0,virus
13015,16,0,virus
45876,64,1,virus
24666,148,0,virus
51004,43,0,virus
8653,2,0,virus
23052,23,1,virus
42926,59,0,virus
23892,136,1,virus
24402,59,0,virus
20051,10,0,virus
5950,20,1,virus
41075,54,1,virus
19025,16,0,virus
9624,2,0,virus
38061,24,1,virus
34019,21,0,virus
32289,18,0,virus
11201,168,1,virus
7792,9,1,virus
31143,21,1,virus
51777,262,1,virus
8209,9,0,virus
36554,24,1,virus
15700,14,0,virus
16212,102,0,virus
34183,43,0,virus
21938,16,1,virus
11808,2,0,virus
25982,16,0,virus
16637,14,0,virus
33486,21,0,virus
4838,54,1,virus
233,23,1,virus
4724,48,1,virus
12808,2,0,virus
26185,43,0,virus
30478,21,0,virus
4518,24,1,virus
35348,43,1,virus
13975,16,1,virus
33571,18,0,virus
19065,18,0,virus
25042,54,1,virus
13892,168,0,virus
37581,13,1,virus
29554,69,0,virus
15265,0,0,virus
40995,6,1,virus
17509,112,0,virus
12228,16,1,virus
11340,222,1,virus
34674,21,0,virus
49089,261,1,virus
17949,102,0,virus
39379,20,1,virus
21069,168,1,virus
20804,222,1,virus
42465,0,0,virus
19457,18,0,virus
3532,3,0,virus
240,23,1,virus
19116,16,0,virus
55089,4,0,virus
11580,168,0,virus
1711,2,1,virus
34681,21,0,virus
181,135,1,virus
19700,5,0,virus
16780,102,0,virus
47952,43,1,virus
20255,13,0,virus
30780,18,0,virus
13300,16,0,virus
12298,16,1,virus
28022,2,0,virus
20806,2,1,virus
31559,18,0,virus
49879,64,1,virus
10395,2,0,virus
13099,222,0,virus
23299,130,1,virus
12366,2,1,virus
30817,164,0,virus
39781,22,1,virus
43305,6,1,virus
38797,20,1,virus
36776,135,1,virus
32922,18,0,virus
54475,6,0,virus
7780,74,0,virus
39149,222,0,virus
886,25,1,virus
17160,0,0,virus
11620,222,0,virus
21041,222,0,virus
7346,189,1,virus
34119,21,0,virus
43254,6,1,virus
28654,43,0,virus
5678,56,0,virus
952,34,1,virus
43334,6,1,virus
17599,103,0,virus
47128,43,0,virus
21277,23,1,virus
2322,21,0,virus
48711,31,1,virus
36187,23,0,virus
38003,24,1,virus
9678,6,0,virus
18019,168,1,virus
8068,191,1,virus
17856,18,0,virus
14960,2,0,virus
28384,2,0,virus
32852,21,0,virus
15649,18,0,virus
40196,189,1,virus
2683,24,1,virus
1768,5,0,virus
49541,6,1,virus
2174,40,1,virus
46141,255,1,virus
18280,222,0,virus
26033,6,0,virus
4719,57,0,virus
11410,90,1,virus
20439,16,0,virus
4276,16,0,virus
39353,20,0,virus
32840,18,0,virus
29858,2,0,virus
45659,191,1,virus
36830,6,1,virus
32491,18,0,virus
12677,16,1,virus
7872,4,1,virus
3420,4,1,virus
24391,9,0,virus
449,2,1,virus
412,0,0,virus
20295,14,0,virus
12500,16,0,virus
32157,21,0,virus
25410,20,0,virus
20957,16,1,virus
32741,21,0,virus
23512,224,1,virus
13291,16,0,virus
23756,136,1,virus
4241,18,0,virus
34695,18,0,virus
33520,21,0,virus
33714,21,1,virus
12821,2,1,virus
19959,126,0,virus
19015,16,0,virus
34030,21,0,virus
49142,261,0,virus
12289,2,0,virus
4648,16,0,virus
231,137,1,virus
13077,2,0,virus
48135,43,0,virus
23731,136,1,virus
36085,19,0,virus
7240,189,1,virus
33654,21,0,virus
31501,167,0,virus
37025,24,1,virus
39896,24,0,virus
33000,21,0,virus
23798,54,1,virus
34415,21,0,virus
28627,43,0,virus
52242,262,1,virus
22918,224,1,virus
31306,43,0,virus
13023,16,0,virus
40771,189,1,virus
1166,9,1,virus
25794,9,1,virus
30842,21,0,virus
44868,136,1,virus
5237,56,1,virus
20009,5,0,virus
12479,16,0,virus
11186,88,1,virus
4214,56,1,virus
23164,54,0,virus
44310,6,1,virus
17065,102,0,virus
17209,2,1,virus
22963,23,1,virus
31557,18,0,virus
19649,103,0,virus
55124,126,0,virus
3046,48,1,virus
3470,164,0,virus
8914,22,0,virus
44408,6,1,virus
38483,24,1,virus
15792,103,0,virus
36758,135,1,virus
7144,9,1,virus
22998,22,1,virus
22923,23,1,virus
44312,6,1,virus
20767,5,0,virus
180,15,1,virus
5926,16,0,virus
24928,2,0,virus
30587,18,0,virus
23090,126,1,virus
6943,24,1,virus
19340,5,0,virus
2864,6,1,virus
33505,21,0,virus
31281,21,0,virus
36732,24,1,virus
11860,16,1,virus
14144,59,0,virus
45607,191,1,virus
47354,43,0,virus
18114,18,0,virus
14744,222,0,virus
32378,21,0,virus
45641,191,1,virus
26446,43,0,virus
35892,24,1,virus
21387,168,1,virus
38056,24,1,virus
12993,168,0,virus
13865,95,0,virus
12124,2,0,virus
13855,168,0,virus
20070,168,0,virus
28722,2,1,virus
13598,6,1,virus
34598,43,0,virus
31108,43,0,virus
13279,168,1,virus
20076,168,1,virus
51782,262,1,virus
9703,202,0,virus
31577,21,0,virus
33179,18,0,virus
10394,9,0,virus
35179,172,1,virus
11248,222,0,virus
4633,18,0,virus
21626,5,0,virus
14842,222,1,virus
1880,15,1,virus
14852,18,0,virus
24866,3,1,virus
45444,59,0,virus
47231,43,0,virus
12910,222,1,virus
23281,126,1,virus
29859,18,0,virus
27734,2,1,virus
31532,43,0,virus
4810,49,1,virus
43595,162,1,virus
10221,9,0,virus
44177,34,1,virus
48646,59,1,virus
14818,103,0,virus
18026,107,0,virus
52122,262,1,virus
38063,183,1,virus
47932,43,1,virus
29808,18,0,virus
15687,0,0,virus
32565,21,0,virus
52076,262,1,virus
245,22,1,virus
18173,222,1,virus
17560,103,0,virus
5145,189,1,virus
12242,168,1,virus
16695,0,0,virus
2505,24,1,virus
26239,6,1,virus
36332,24,1,virus
24425,2,0,virus
2845,6,1,virus
14505,18,0,virus
14540,18,0,virus
25595,222,1,virus
14153,2,0,virus
29855,43,1,virus
23733,136,1,virus
6396,70,0,virus
5158,24,1,virus
42949,54,0,virus
9708,73,1,virus
25995,2,1,virus
42940,54,0,virus
32599,21,0,virus
1663,135,1,virus
39468,23,1,virus
3858,2,1,virus
34683,21,0,virus
14953,14,0,virus
42847,14,0,virus
28717,58,1,virus
9505,2,0,virus
39266,24,1,virus
30537,43,1,virus
36395,24,1,virus
31858,21,0,virus
31038,6,1,virus
38621,24,1,virus
53631,43,0,virus
47485,43,0,virus
12266,16,0,virus
13617,6,1,virus
52216,262,1,virus
15473,103,0,virus
43480,162,1,virus
6604,24,1,virus
25039,23,1,virus
31339,21,0,virus
43443,162,1,virus
51754,262,1,virus
31201,21,0,virus
44068,34,1,virus
50189,155,1,virus
19234,5,0,virus
18392,106,0,virus
33846,21,0,virus
49714,43,1,virus
28442,43,0,virus
17494,104,0,virus
7828,195,1,virus
39193,22,1,virus
32134,43,0,virus
2902,2,0,virus
45904,191,1,virus
49961,155,1,virus
19517,103,0,virus
12031,2,1,virus
42593,6,0,virus
10458,2,0,virus
1363,54,1,virus
28066,21,0,virus
18813,106,0,virus
23648,136,1,virus
34039,21,0,virus
844,9,1,virus
22914,22,1,virus
11545,20,1,virus
6422,2,1,virus
42128,216,0,virus
24793,10,0,virus
28033,2,0,virus
757,56,1,virus
20054,16,0,virus
24297,222,1,virus
2671,135,1,virus
12712,2,0,virus
1139,34,1,virus
36294,40,1,virus
28194,60,0,virus
6825,24,1,virus
22926,224,1,virus
6098,56,0,virus
4673,54,1,virus
6880,189,1,virus
12019,222,1,virus
49860,64,1,virus
5522,6,0,virus
23815,9,1,virus
3682,2,1,virus
23065,23,1,virus
14834,102,0,virus
15037,168,0,virus
37125,24,1,virus
1558,22,1,virus
31087,43,0,virus
17611,14,0,virus
52321,43,1,virus
29864,18,0,virus
37197,24,1,virus
21912,10,0,virus
9713,2,0,virus
38099,23,1,virus
51811,262,1,virus
36528,168,0,virus
26520,4,1,virus
37531,13,1,virus
32720,21,0,virus
24399,16,0,virus
9806,6,1,virus
54181,262,0,virus
19654,14,0,virus
31885,21,0,virus
21905,69,0,virus
3952,24,1,virus
45877,64,1,virus
20657,10,0,virus
39738,22,1,virus
24509,22,1,virus
25118,8,1,virus
22821,222,1,virus
50840,43,0,virus
5812,2,0,virus
4609,16,0,virus
54970,222,0,virus
17214,222,1,virus
29543,21,0,virus
4394,189,1,virus
35132,85,0,virus
20059,125,0,virus
35139,85,0,virus
936,34,1,virus
6094,56,0,virus
17465,13,0,virus
11441,9,1,virus
894,34,1,virus
28775,21,0,virus
31265,18,0,virus
30759,43,0,virus
16420,102,0,virus
16105,17,0,virus
2397,2,0,virus
3043,48,1,virus
5165,189,1,virus
7159,9,0,virus
291,100,0,virus
33122,18,0,virus
54706,2,0,virus
2701,189,1,virus
38908,20,1,virus
23047,22,1,virus
32750,21,0,virus
41139,6,1,virus
36560,24,1,virus
33278,18,0,virus
22899,42,1,virus
25124,8,1,virus
42984,231,1,virus
29822,18,0,virus
37490,13,1,virus
48805,237,1,virus
24786,10,0,virus
27963,102,0,virus
38054,183,1,virus
12414,126,0,virus
12791,220,0,virus
19545,2,1,virus
44924,136,1,virus
22172,16,0,virus
31379,21,0,virus
45746,191,1,virus
14848,222,1,virus
20802,2,1,virus
24866,10,1,virus
4529,17,0,virus
22199,5,0,virus
11565,6,1,virus
21555,5,0,virus
8786,2,0,virus
34318,21,0,virus
8043,191,1,virus
37582,13,1,virus
29652,21,0,virus
609,54,1,virus
18651,168,0,virus
7574,24,1,virus
45849,191,1,virus
29950,21,0,virus
28406,59,1,virus
11514,50,0,virus
39410,20,0,virus
32870,18,0,virus
52324,159,1,virus
55182,8,1,virus
33200,21,0,virus
22643,5,0,virus
266,135,1,virus
13299,16,0,virus
46938,43,0,virus
21412,20,0,virus
39772,22,1,virus
45184,59,1,virus
52371,250,1,virus
30337,21,0,virus
37433,13,1,virus
23460,54,1,virus
12208,6,1,virus
10405,16,0,virus
19588,4,0,virus
5783,34,1,virus
4588,6,0,virus
1643,135,1,virus
8715,24,0,virus
18100,0,0,virus
18584,0,0,virus
42739,100,0,virus
35517,43,1,virus
28935,18,0,virus
30774,18,0,virus
20593,16,0,virus
53094,262,0,virus
37694,24,1,virus
37189,183,1,virus
14622,0,0,virus
7407,56,0,virus
42287,216,0,virus
9389,16,0,virus
40317,189,1,virus
34988,16,1,virus
43302,6,1,virus
45188,59,1,virus
38043,183,1,virus
9931,74,0,virus
15077,103,0,virus
36703,41,0,virus
5098,222,0,virus
11217,168,1,virus
110,198,1,virus
39559,24,1,virus
41769,216,0,virus
32956,21,0,virus
12988,168,0,virus
36848,24,1,virus
11861,16,1,virus
6914,24,1,virus
39111,20,1,virus
49003,261,1,virus
5995,17,0,virus
48269,59,0,virus
45017,189,1,virus
32723,18,0,virus
44373,6,1,virus
7131,189,1,virus
14060,168,0,virus
24518,22,1,virus
13945,16,0,virus
33626,43,0,virus
45636,191,1,virus
13043,6,1,virus
12088,168,0,virus
39265,20,1,virus
19575,13,0,virus
38196,24,1,virus
23082,227,0,virus
34669,21,0,virus
9172,2,0,virus
19352,102,0,virus
9164,24,1,virus
245,23,1,virus
981,8,1,virus
24563,168,0,virus
28087,18,0,virus
38850,20,1,virus
35341,43,1,virus
44793,136,1,virus
39708,6,1,virus
10603,41,0,virus
37669,24,1,virus
36195,24,1,virus
14584,0,0,virus
13753,168,1,virus
12526,16,0,virus
38096,24,1,virus
8622,2,0,virus
7072,24,1,virus
19722,103,0,virus
18259,107,0,virus
35192,245,0,virus
51336,262,0,virus
10167,189,1,virus
8323,6,1,virus
44976,136,0,virus
45301,251,1,virus
25571,2,1,virus
45835,191,1,virus
6395,16,0,virus
47482,43,0,virus
26647,18,0,virus
54955,6,1,virus
18963,5,0,virus
17338,222,1,virus
6221,2,1,virus
50714,43,0,virus
33,24,0,virus
36443,24,1,virus
51568,262,1,virus
46582,43,0,virus
31168,41,1,virus
46092,255,1,virus
12278,16,0,virus
16702,103,0,virus
2671,139,1,virus
42618,14,0,virus
10424,47,1,virus
609,34,1,virus
12645,168,0,virus
39184,43,1,virus
43358,239,1,virus
40286,6,0,virus
21364,168,1,virus
45703,64,1,virus
24124,54,1,virus
12320,20,0,virus
12643,16,0,virus
40640,189,1,virus
12697,168,1,virus
33288,166,0,virus
22301,16,0,virus
31021,21,0,virus
22908,23,1,virus
52398,232,1,virus
1670,191,0,virus
45920,191,1,virus
16137,103,0,virus
21606,5,0,virus
42315,216,0,virus
21533,2,0,virus
14904,103,0,virus
36851,24,1,virus
46091,255,1,virus
29671,43,0,virus
30174,21,0,virus
54007,262,0,virus
11174,16,0,virus
36621,24,1,virus
52444,43,1,virus
20327,10,0,virus
25404,20,0,virus
15638,102,0,virus
13339,222,1,virus
45098,136,1,virus
39999,184,0,virus
45763,64,1,virus
11402,88,1,virus
15411,2,0,virus
4673,34,1,virus
16547,18,0,virus
10942,24,1,virus
22886,42,1,virus
13912,2,0,virus
6395,168,0,virus
12836,2,1,virus
38017,24,1,virus
22912,54,1,virus
15375,18,0,virus
756,100,1,virus
45987,255,1,virus
41309,100,1,virus
15467,18,0,virus
14351,13,0,virus
20787,88,0,virus
51882,262,1,virus
34105,21,0,virus
39328,20,0,virus
22300,16,0,virus
45585,191,1,virus
46520,43,0,virus
40017,187,0,virus
38855,24,1,virus
10398,9,0,virus
8547,16,0,virus
18988,2,0,virus
39088,20,1,virus
30529,167,0,virus
38880,41,0,virus
25784,222,0,virus
7031,56,0,virus
30792,21,1,virus
31643,18,0,virus
44474,239,1,virus
53796,262,0,virus
31598,18,0,virus
35101,16,1,virus
11203,16,1,virus
28410,43,1,virus
32106,164,0,virus
17795,102,0,virus
19472,0,0,virus
20810,222,1,virus
9327,24,1,virus
35996,190,1,virus
33039,21,0,virus
23619,54,1,virus
48600,43,1,virus
29213,43,0,virus
47488,43,0,virus
31580,18,0,virus
8534,189,1,virus
24979,206,0,virus
10155,189,1,virus
14012,16,0,virus
48676,43,0,virus
27748,2,1,virus
51654,262,1,virus
19582,0,0,virus
19901,180,1,virus
21051,189,0,virus
2023,47,0,virus
45687,191,1,virus
36245,24,1,virus
52895,262,1,virus
315,25,0,virus
38067,188,1,virus
39804,23,1,virus
6382,2,0,virus
19196,0,0,virus
43343,6,1,virus
13418,168,0,virus
46604,43,0,virus
1643,24,1,virus
32143,18,0,virus
10020,2,0,virus
47914,43,1,virus
15789,18,0,virus
18688,168,1,virus
10472,278,0,virus
51756,262,1,virus
25043,23,1,virus
8219,2,0,virus
5315,222,0,virus
4545,48,1,virus
14148,59,0,virus
9576,24,1,virus
7069,24,1,virus
12812,20,1,virus
4542,48,1,virus
13334,220,1,virus
18526,107,0,virus
45380,232,0,virus
28855,18,0,virus
24771,4,0,virus
14723,14,0,virus
22287,16,1,virus
40046,135,1,virus
45074,136,1,virus
19632,18,0,virus
49907,64,1,virus
30332,18,0,virus
228,137,1,virus
47713,43,0,virus
11130,222,1,virus
36161,24,1,virus
46923,43,0,virus
41221,100,1,virus
8454,28,0,virus
30436,21,0,virus
45837,191,1,virus
33719,167,0,virus
13982,16,1,virus
40573,189,1,virus
16863,106,0,virus
6978,189,1,virus
37135,24,1,virus
49667,6,1,virus
4368,189,1,virus
28000,43,0,virus
5171,24,1,virus
21200,2,1,virus
25928,2,0,virus
29808,21,0,virus
1670,6,0,virus
30339,43,1,virus
9536,189,1,virus
5660,16,0,virus
28038,18,0,virus
12348,126,1,virus
235,23,1,virus
36556,24,1,virus
36234,22,0,virus
2995,250,1,virus
13661,16,0,virus
6546,56,1,virus
50252,155,1,virus
37164,22,1,virus
24579,168,0,virus
45552,43,1,virus
18064,18,0,virus
19340,0,0,virus
28761,21,0,virus
11332,220,1,virus
41355,91,0,virus
22345,168,1,virus
36333,43,0,virus
50225,155,1,virus
37065,24,0,virus
26185,159,0,virus
35178,172,1,virus
20245,273,0,virus
23883,54,1,virus
10525,9,0,virus
33895,40,0,virus
51843,262,1,virus
21987,14,0,virus
38661,23,1,virus
12346,2,0,virus
16001,88,1,virus
38485,24,1,virus
31576,21,0,virus
36740,24,1,virus
6950,24,1,virus
13397,2,0,virus
584,100,0,virus
50195,155,1,virus
33386,18,0,virus
52270,262,1,virus
36187,22,0,virus
22223,5,0,virus
24204,222,1,virus
23708,54,1,virus
13176,74,0,virus
7683,56,0,virus
40433,6,0,virus
2709,183,1,virus
13545,2,1,virus
11570,16,0,virus
13199,220,1,virus
23053,54,1,virus
54740,74,0,virus
16443,13,0,virus
33850,21,0,virus
6897,189,1,virus
8539,9,1,virus
49022,261,1,virus
28717,180,1,virus
23173,54,0,virus
5032,6,1,virus
28425,43,1,virus
5100,6,1,virus
21296,4,0,virus
15340,18,0,virus
21003,2,1,virus
2896,189,1,virus
20995,2,1,virus
28696,18,0,virus
33855,18,0,virus
48262,59,0,virus
9083,24,1,virus
1892,19,0,virus
1643,59,0,virus
10803,6,0,virus
53859,262,0,virus
12414,10,0,virus
41134,6,1,virus
34986,16,1,virus
21817,2,1,virus
54044,262,0,virus
39771,23,1,virus
20443,16,0,virus
25026,22,1,virus
34686,18,0,virus
45075,242,1,virus
2709,139,1,virus
16474,64,0,virus
30529,164,0,virus
45405,59,0,virus
53872,262,0,virus
22050,2,1,virus
16757,14,0,virus
52323,250,1,virus
13649,168,0,virus
36855,135,1,virus
36990,24,0,virus
7093,2,1,virus
9232,135,1,virus
2371,24,0,virus
7068,24,1,virus
13011,168,1,virus
30493,21,0,virus
39646,183,1,virus
49680,6,1,virus
45167,43,0,virus
14587,102,0,virus
8256,56,1,virus
7856,4,1,virus
2671,135,1,virus
2929,49,0,virus
22986,224,1,virus
54348,43,1,virus
37019,189,1,virus
786,9,1,virus
32517,21,1,virus
40568,189,1,virus
13228,9,1,virus
33827,18,0,virus
14730,69,0,virus
11061,2,0,virus
29869,18,0,virus
13730,168,1,virus
7673,24,1,virus
6106,56,0,virus
15176,103,0,virus
3086,6,1,virus
23602,136,1,virus
22044,222,1,virus
23832,54,1,virus
14029,168,0,virus
55125,126,0,virus
44419,6,1,virus
2355,56,1,virus
42863,189,1,virus
14404,168,1,virus
10468,278,0,virus
20806,222,1,virus
37782,24,1,virus
26786,2,0,virus
38645,135,1,virus
34712,21,0,virus
26972,34,1,virus
12654,168,0,virus
17413,222,1,virus
23880,54,1,virus
36244,9,0,virus
18741,102,0,virus
8608,24,0,virus
30114,21,0,virus
3576,24,1,virus
22791,5,0,virus
47869,43,0,virus
35705,24,1,virus
21944,16,1,virus
23835,136,1,virus
16760,103,0,virus
6106,9,0,virus
12554,9,1,virus
12703,16,0,virus
26591,60,0,virus
37357,24,1,virus
225,23,1,virus
12765,222,0,virus
2025,24,0,virus
52351,59,1,virus
38967,24,1,virus
50054,155,1,virus
16934,10,0,virus
36249,137,0,virus
12699,168,1,virus
11113,6,1,virus
19525,18,0,virus
33212,18,0,virus
1633,15,1,virus
26457,43,0,virus
12799,6,0,virus
448,2,1,virus
39845,24,1,virus
7321,189,1,virus
1456,2,1,virus
27972,91,0,virus
32991,18,0,virus
52039,262,1,virus
30396,21,0,virus
927,8,1,virus
31085,21,0,virus
3072,25,1,virus
30494,21,0,virus
24663,59,0,virus
6844,189,0,virus
18054,0,0,virus
9108,56,1,virus
1570,189,1,virus
3743,191,1,virus
26951,102,1,virus
11766,80,0,virus
54349,59,1,virus
32486,18,0,virus
11741,74,0,virus
29738,60,0,virus
35929,24,1,virus
36754,24,1,virus
24456,2,0,virus
12086,16,0,virus
39022,220,1,virus
14736,5,0,virus
11105,9,1,virus
19712,0,0,virus
29186,43,0,virus
45682,191,1,virus
37433,22,1,virus
22779,16,0,virus
47564,43,0,virus
33464,21,0,virus
34101,21,0,virus
23985,6,1,virus
3881,48,1,virus
8131,191,1,virus
37314,22,1,virus
7247,22,0,virus
54308,43,1,virus
52349,43,1,virus
8818,24,0,virus
48264,59,0,virus
51591,262,1,virus
42814,6,0,virus
20878,168,0,virus
52369,59,1,virus
8889,16,1,virus
40342,189,1,virus
48939,261,1,virus
35593,13,0,virus
823,8,1,virus
21001,2,1,virus
22943,23,1,virus
36390,24,1,virus
36381,189,1,virus
32783,21,0,virus
36733,189,1,virus
32298,21,0,virus
39981,262,1,virus
33567,166,0,virus
30497,21,0,virus
592,137,1,virus
22093,95,0,virus
20390,118,1,virus
3816,189,1,virus
4113,6,1,virus
21767,9,0,virus
34190,43,0,virus
45801,64,1,virus
46152,255,1,virus
251,189,1,virus
12544,16,0,virus
8968,24,1,virus
26261,24,1,virus
49615,6,1,virus
10249,56,1,virus
5157,189,1,virus
22958,54,1,virus
15938,0,0,virus
52186,262,1,virus
1443,2,1,virus
13335,2,1,virus
43155,237,1,virus
48866,261,1,virus
28675,21,0,virus
41965,216,0,virus
16499,18,0,virus
80,22,1,virus
55218,6,0,virus
5280,52,0,virus
11172,168,0,virus
962,34,1,virus
28177,2,0,virus
18666,16,1,virus
32823,21,0,virus
38240,24,1,virus
40338,189,1,virus
9141,47,1,virus
4371,54,1,virus
41114,54,1,virus
31086,21,0,virus
23327,168,0,virus
32808,18,0,virus
46208,43,1,virus
4476,191,1,virus
30390,18,0,virus
23840,54,1,virus
2763,24,1,virus
18923,18,0,virus
13586,16,0,virus
26439,102,0,virus
26295,43,0,virus
40002,187,0,virus
776,54,1,virus
33672,21,0,virus
49209,261,1,virus
49298,264,1,virus
15948,69,0,virus
28774,18,0,virus
8950,59,0,virus
781,56,1,virus
1361,23,1,virus
48582,43,1,virus
49112,261,1,virus
3775,191,1,virus
52383,159,1,virus
38864,20,1,virus
23848,136,1,virus
39985,43,1,virus
6421,2,1,virus
40226,189,1,virus
22569,168,0,virus
39474,23,1,virus
39926,262,1,virus
3813,189,1,virus
31260,21,0,virus
3464,16,0,virus
19945,168,1,virus
6201,20,1,virus
16713,64,0,virus
199,9,0,virus
5662,54,1,virus
28715,58,1,virus
18948,18,0,virus
48522,237,1,virus
36575,24,1,virus
26851,43,0,virus
36048,24,1,virus
31120,43,1,virus
40735,6,0,virus
12226,16,1,virus
34680,21,0,virus
16796,14,0,virus
16442,18,0,virus
53283,262,1,virus
44888,136,1,virus
903,34,1,virus
16208,102,0,virus
17887,0,0,virus
7170,24,1,virus
48679,31,1,virus
43251,6,1,virus
17322,220,1,virus
34032,21,0,virus
11827,16,1,virus
31279,189,1,virus
30493,18,0,virus
42788,189,1,virus
43133,237,1,virus
38603,189,1,virus
26041,126,0,virus
32894,21,0,virus
579,34,1,virus
29743,60,0,virus
52384,250,1,virus
9712,74,0,virus
16940,106,0,virus
16112,17,0,virus
51795,262,1,virus
23778,136,1,virus
11674,208,0,virus
20963,130,1,virus
6078,24,0,virus
823,9,1,virus
26229,31,1,virus
10940,24,0,virus
30171,18,0,virus
44602,239,1,virus
32806,21,0,virus
30217,18,0,virus
16207,102,0,virus
16110,17,0,virus
6392,70,0,virus
9664,56,1,virus
11190,9,1,virus
33813,21,0,virus
51526,262,1,virus
32793,18,0,virus
31485,21,0,virus
35895,43,0,virus
30132,56,1,virus
7722,189,1,virus
29996,18,0,virus
32375,21,0,virus
9761,189,1,virus
3604,13,0,virus
20792,16,0,virus
32786,18,0,virus
22976,54,1,virus
13985,16,0,virus
10866,75,0,virus
47093,43,0,virus
51658,262,1,virus
38651,135,1,virus
28688,167,0,virus
49668,6,1,virus
47416,43,0,virus
37185,183,1,virus
34238,18,0,virus
21255,5,0,virus
5833,24,0,virus
23362,16,0,virus
36592,6,1,virus
30244,21,0,virus
19007,16,0,virus
53829,262,0,virus
6298,28,0,virus
28797,164,0,virus
47154,43,0,virus
12515,2,0,virus
37033,24,1,virus
24865,119,0,virus
20396,126,1,virus
23035,54,1,virus
36460,189,1,virus
9025,23,1,virus
14980,126,0,virus
42828,14,0,virus
3352,6,1,virus
5966,189,1,virus
45814,64,1,virus
14667,16,1,virus
33787,21,0,virus
2577,6,1,virus
52383,232,1,virus
33736,167,0,virus
33973,18,0,virus
39534,43,1,virus
21647,14,0,virus
33608,18,0,virus
38910,20,1,virus
14009,168,0,virus
37294,24,1,virus
4367,49,1,virus
20729,2,0,virus
33471,18,0,virus
16711,14,0,virus
15061,102,0,virus
25649,2,1,virus
14088,20,0,virus
7256,168,0,virus
13415,16,0,virus
23745,136,1,virus
29199,43,0,virus
9650,47,1,virus
40312,6,1,virus
38535,135,1,virus
52372,159,1,virus
45606,191,1,virus
2508,4,1,virus
23471,54,1,virus
33977,18,0,virus
42860,189,1,virus
19483,14,0,virus
10419,9,1,virus
1541,0,0,virus
45787,64,1,virus
13346,168,0,virus
23022,23,1,virus
13339,2,1,virus
46485,43,0,virus
52178,262,1,virus
1795,2,0,virus
18121,0,0,virus
43399,239,1,virus
33972,21,0,virus
18664,16,0,virus
48798,237,1,virus
8789,189,1,virus
38619,189,1,virus
31597,18,0,virus
8498,6,1,virus
54615,126,1,virus
22102,125,0,virus
21211,14,0,virus
35674,173,0,virus
4963,25,1,virus
22903,23,1,virus
5121,25,1,virus
16614,103,0,virus
34851,16,1,virus
4538,48,1,virus
7121,24,1,virus
33200,18,0,virus
40229,189,1,virus
46868,43,0,virus
48915,261,1,virus
30802,21,0,virus
45362,59,0,virus
3917,45,0,virus
32522,43,0,virus
13817,50,0,virus
33247,43,1,virus
50240,155,1,virus
38638,189,1,virus
11873,16,0,virus
44277,240,1,virus
20619,16,0,virus
2805,24,1,virus
21956,222,1,virus
31381,21,0,virus
4424,2,1,virus
17492,111,0,virus
6044,168,0,virus
33756,18,0,virus
33038,18,0,virus
5587,24,1,virus
18160,0,0,virus
22916,224,1,virus
10112,16,0,virus
7548,2,0,virus
34001,18,0,virus
25307,20,1,virus
7871,4,1,virus
49645,6,1,virus
39782,23,1,virus
26982,21,0,virus
22924,224,1,virus
42563,217,0,virus
37849,189,1,virus
36355,24,1,virus
55009,168,0,virus
30315,21,0,virus
47304,43,0,virus
37408,24,1,virus
30746,18,0,virus
30405,18,0,virus
30485,43,1,virus
52032,262,1,virus
13048,168,0,virus
18737,16,0,virus
49296,264,1,virus
13766,16,0,virus
14832,18,0,virus
42512,102,0,virus
38638,24,1,virus
9583,189,1,virus
39645,183,1,virus
31628,18,0,virus
14413,103,0,virus
2671,189,1,virus
44070,6,1,virus
31067,2,0,virus
20698,5,0,virus
1067,8,1,virus
13647,16,0,virus
15352,14,0,virus
27706,18,0,virus
24755,150,0,virus
7858,195,1,virus
30153,21,1,virus
16061,5,0,virus
50674,43,0,virus
2311,56,1,virus
12380,222,0,virus
27823,2,0,virus
25739,21,0,virus
38059,24,1,virus
25113,8,1,virus
51946,262,1,virus
610,34,1,virus
1212,15,1,virus
14026,168,0,virus
46931,43,0,virus
8183,168,0,virus
46186,59,0,virus
16857,18,0,virus
37456,13,0,virus
26041,10,0,virus
8655,2,0,virus
52770,262,1,virus
39082,222,1,virus
39469,22,1,virus
48593,43,1,virus
52144,262,1,virus
47556,43,0,virus
39046,2,1,virus
49955,155,1,virus
3725,2,1,virus
32878,21,0,virus
48221,59,0,virus
19682,18,0,virus
22908,54,1,virus
6535,16,0,virus
38625,24,1,virus
824,56,1,virus
19339,102,0,virus
30855,2,1,virus
32733,18,0,virus
48759,43,1,virus
23021,23,1,virus
15647,18,0,virus
39471,54,1,virus
25719,222,1,virus
44323,6,1,virus
7239,24,1,virus
24315,55,0,virus
5702,34,1,virus
37436,54,1,virus
18339,112,0,virus
594,137,1,virus
1517,222,1,virus
847,8,1,virus
15745,16,0,virus
26193,21,0,virus
17128,16,0,virus
23950,6,1,virus
41537,216,0,virus
40714,195,1,virus
14224,14,0,virus
26304,24,1,virus
12706,9,1,virus
41348,91,0,virus
22892,42,1,virus
36765,24,1,virus
33195,21,0,virus
45931,64,1,virus
5508,2,1,virus
36385,34,1,virus
28916,18,0,virus
23631,54,1,virus
45011,189,1,virus
52899,262,1,virus
17219,2,1,virus
37759,24,1,virus
34017,21,0,virus
924,8,1,virus
30554,18,0,virus
1864,222,1,virus
27838,161,0,virus
39744,22,1,virus
3254,56,0,virus
12866,2,1,virus
51158,43,1,virus
237,137,1,virus
30579,18,0,virus
20927,168,0,virus
25970,2,0,virus
20304,16,0,virus
8191,16,0,virus
37747,24,1,virus
16250,103,0,virus
54939,22,1,virus
29506,43,1,virus
22856,42,1,virus
32462,18,0,virus
34491,43,1,virus
22055,2,1,virus
9183,2,0,virus
925,34,1,virus
17274,222,0,virus
1851,6,0,virus
39199,23,1,virus
21608,5,0,virus
27739,2,1,virus
10173,2,0,virus
4464,2,0,virus
3081,54,1,virus
20672,10,0,virus
22168,10,0,virus
21285,56,1,virus
560,8,1,virus
38812,24,1,virus
2329,9,0,virus
21570,222,1,virus
41176,6,1,virus
11438,56,1,virus
33790,167,0,virus
54070,262,0,virus
13276,16,1,virus
7800,41,0,virus
266,135,1,virus
35954,24,1,virus
36568,24,1,virus
33129,18,0,virus
32757,18,0,virus
17687,103,0,virus
33133,18,0,virus
50124,155,1,virus
1643,139,1,virus
38213,24,1,virus
23585,136,1,virus
30746,21,0,virus
16801,18,0,virus
110,4,1,virus
50106,155,1,virus
12980,168,0,virus
52364,59,1,virus
25985,2,1,virus
52250,262,1,virus
2662,24,1,virus
48606,43,1,virus
778,9,1,virus
37732,24,1,virus
21941,16,1,virus
27602,2,0,virus
46534,43,0,virus
3111,24,1,virus
16495,0,0,virus
34026,21,0,virus
37369,24,1,virus
23020,224,1,virus
9259,2,1,virus
4955,25,1,virus
36131,24,1,virus
16458,216,0,virus
45658,64,1,virus
20137,5,0,virus
38792,20,0,virus
40002,187,0,virus
13019,16,0,virus
37739,13,0,virus
23055,22,1,virus
34068,21,0,virus
20994,2,1,virus
33595,18,0,virus
32215,18,0,virus
15023,222,0,virus
54162,262,0,virus
36645,222,0,virus
13440,56,1,virus
243,137,1,virus
37672,24,0,virus
54096,262,0,virus
54015,262,0,virus
21144,5,0,virus
40753,189,1,virus
16013,18,0,virus
45063,136,1,virus
8268,16,0,virus
1393,137,1,virus
29822,21,0,virus
27120,24,1,virus
29437,18,0,virus
2849,6,1,virus
22910,23,1,virus
35202,172,1,virus
34324,21,0,virus
19969,126,0,virus
45874,64,1,virus
13989,168,0,virus
4650,6,0,virus
46208,59,1,virus
28858,18,0,virus
16574,105,0,virus
20714,2,0,virus
30412,21,0,virus
37185,24,1,virus
50229,155,1,virus
54658,4,1,virus
52703,262,1,virus
22960,22,1,virus
4690,16,0,virus
37214,135,1,virus
3509,56,0,virus
41351,205,0,virus
13055,168,1,virus
33147,18,0,virus
38604,24,1,virus
3871,24,1,virus
31907,21,0,virus
4842,34,1,virus
30491,18,0,virus
13448,2,1,virus
2160,40,1,virus
23281,10,1,virus
45878,191,1,virus
25180,140,0,virus
20726,14,0,virus
13455,126,0,virus
1251,54,1,virus
24109,222,1,virus
26455,43,0,virus
12536,168,1,virus
32784,164,0,virus
34668,18,0,virus
36313,24,1,virus
16104,17,0,virus
45599,64,1,virus
24209,2,0,virus
9820,56,0,virus
32843,18,0,virus
4061,24,1,virus
28036,102,0,virus
8533,9,1,virus
11820,16,0,virus
30157,18,0,virus
1231,0,0,virus
33717,165,0,virus
22046,2,1,virus
31676,2,1,virus
17474,18,0,virus
46089,255,1,virus
33827,21,0,virus
22659,72,0,virus
14909,107,0,virus
23810,9,1,virus
33247,262,0,virus
32830,18,0,virus
37893,20,1,virus
12837,2,1,virus
6233,16,0,virus
32576,18,0,virus
45678,64,1,virus
15764,14,0,virus
19430,18,0,virus
44455,136,1,virus
20042,41,0,virus
25508,222,1,virus
32704,21,0,virus
6940,189,1,virus
28822,18,0,virus
18503,103,0,virus
51065,43,0,virus
12949,220,1,virus
23057,22,1,virus
22336,16,0,virus
39764,22,1,virus
17204,222,1,virus
20885,14,0,virus
5091,191,1,virus
12461,168,0,virus
12714,2,0,virus
42635,14,0,virus
13991,168,0,virus
45836,191,1,virus
31265,21,0,virus
36866,24,1,virus
37186,183,1,virus
13814,16,0,virus
38911,20,1,virus
33444,43,1,virus
9123,59,0,virus
4961,25,1,virus
3809,24,1,virus
9291,59,0,virus
49592,6,1,virus
38385,9,0,virus
4552,48,1,virus
8309,6,1,virus
3103,24,1,virus
18309,2,0,virus
33357,21,0,virus
18186,0,0,virus
33814,18,0,virus
45211,59,1,virus
38990,20,1,virus
54881,6,1,virus
32682,43,0,virus
9393,16,0,virus
36952,135,1,virus
12202,168,1,virus
28571,21,0,virus
19006,16,0,virus
31940,43,0,virus
9076,9,0,virus
42158,216,0,virus
846,56,1,virus
34597,21,0,virus
32772,21,0,virus
10136,24,1,virus
3624,3,0,virus
23732,54,1,virus
9437,24,1,virus
12967,16,0,virus
7569,56,1,virus
16041,107,0,virus
15058,102,0,virus
15899,114,0,virus
14913,4,0,virus
51548,262,1,virus
39294,20,1,virus
23286,6,1,virus
47550,43,0,virus
54822,6,1,virus
46179,43,0,virus
17504,112,0,virus
21197,16,1,virus
4952,24,1,virus
38147,222,1,virus
51926,262,1,virus
54168,262,0,virus
32223,21,0,virus
2890,9,0,virus
1324,56,1,virus
54517,16,0,virus
34273,21,0,virus
20148,20,0,virus
51835,262,1,virus
23927,6,1,virus
7228,22,0,virus
6369,24,0,virus
33101,18,0,virus
8697,135,1,virus
226,22,1,virus
19000,168,0,virus
14790,2,0,virus
25541,222,1,virus
32745,18,0,virus
36273,189,1,virus
49244,191,1,virus
31279,135,1,virus
7537,137,1,virus
30185,21,0,virus
14618,0,0,virus
18986,2,0,virus
19076,10,0,virus
4502,16,0,virus
39029,20,1,virus
19224,103,0,virus
1222,2,0,virus
23026,23,1,virus
4766,222,0,virus
24681,16,0,virus
22242,14,0,virus
11199,34,1,virus
52245,262,1,virus
45867,191,1,virus
18596,104,0,virus
52909,262,1,virus
28874,21,0,virus
33149,18,0,virus
7161,9,0,virus
53895,262,0,virus
31582,21,0,virus
24967,2,0,virus
32855,18,0,virus
37591,22,1,virus
12212,16,1,virus
10454,278,0,virus
43028,233,0,virus
37133,24,0,virus
11259,220,1,virus
47239,43,0,virus
31883,21,0,virus
4149,2,0,virus
4652,222,0,virus
4313,2,0,virus
30163,164,0,virus
46987,43,0,virus
1762,5,0,virus
47063,43,0,virus
19624,16,0,virus
49054,261,1,virus
1377,9,0,virus
17354,102,0,virus
39194,22,1,virus
10335,9,1,virus
11209,16,1,virus
26493,145,0,virus
34118,21,0,virus
45342,59,0,virus
38543,24,1,virus
30307,21,0,virus
45157,41,0,virus
40562,189,1,virus
3577,24,1,virus
20618,16,0,virus
7645,2,0,virus
36055,189,1,virus
7096,56,1,virus
31189,58,1,virus
20522,14,0,virus
50117,155,1,virus
4038,13,1,virus
31933,18,0,virus
16904,18,0,virus
31409,43,0,virus
54984,220,0,virus
33792,167,0,virus
11526,16,1,virus
12546,16,0,virus
14647,104,0,virus
21678,2,1,virus
11098,191,0,virus
42912,224,1,virus
17481,14,1,virus
31348,43,0,virus
30225,21,0,virus
24525,2,0,virus
29762,21,0,virus
33151,21,0,virus
149,15,1,virus
37535,13,1,virus
32242,58,1,virus
26849,17,0,virus
33613,21,1,virus
36457,24,1,virus
44199,241,1,virus
14966,0,0,virus
34056,21,0,virus
11475,24,1,virus
11492,22,0,virus
10354,75,0,virus
15237,103,0,virus
31874,2,1,virus
10027,16,0,virus
9408,56,0,virus
15876,106,0,virus
3435,8,1,virus
376,0,0,virus
18204,5,0,virus
45089,136,1,virus
30685,18,0,virus
12123,6,1,virus
8527,56,1,virus
4251,191,1,virus
47318,43,0,virus
24795,4,0,virus
10158,189,1,virus
32168,43,1,virus
2330,24,0,virus
15755,103,0,virus
51542,262,1,virus
10092,16,1,virus
4103,2,1,virus
18099,0,0,virus
34672,21,0,virus
29180,21,0,virus
20329,126,0,virus
32869,21,0,virus
47205,43,0,virus
33156,18,0,virus
3454,24,1,virus
3277,24,1,virus
23004,22,1,virus
15024,222,0,virus
3714,2,1,virus
42783,180,1,virus
54814,6,1,virus
7720,189,1,virus
43292,6,1,virus
12411,2,0,virus
46743,43,0,virus
20997,222,1,virus
20963,100,1,virus
19959,10,0,virus
1275,9,0,virus
11865,168,1,virus
23306,55,0,virus
31691,18,0,virus
219,23,1,virus
34590,18,0,virus
42226,216,0,virus
24509,23,1,virus
28747,4,1,virus
11369,222,1,virus
16761,70,0,virus
19621,103,0,virus
8376,3,1,virus
52692,262,1,virus
38855,20,1,virus
23043,54,1,virus
38552,189,1,virus
32864,21,0,virus
24314,16,0,virus
19298,18,0,virus
21078,2,0,virus
40456,6,1,virus
12943,16,0,virus
10859,2,0,virus
2819,24,1,virus
40328,189,1,virus
40639,189,1,virus
37807,54,1,virus
7241,24,1,virus
30104,21,0,virus
19244,0,0,virus
18651,16,0,virus
51793,262,1,virus
31986,18,0,virus
52393,250,1,virus
27764,2,1,virus
12867,2,1,virus
36386,9,1,virus
27281,43,0,virus
22090,95,0,virus
14873,18,0,virus
22993,54,1,virus
24946,2,0,virus
7716,189,1,virus
12229,16,1,virus
5089,191,1,virus
29163,21,0,virus
15366,111,0,virus
14217,102,0,virus
11853,95,0,virus
6837,24,1,virus
28717,180,1,virus
8857,2,0,virus
11968,10,0,virus
950,34,1,virus
22190,222,0,virus
20071,168,0,virus
18830,107,0,virus
12693,168,1,virus
15216,18,0,virus
54184,262,0,virus
51995,262,1,virus
36466,16,1,virus
2694,24,1,virus
16524,168,0,virus
32116,9,0,virus
30137,21,0,virus
30749,18,0,virus
9761,24,1,virus
9773,9,0,virus
25980,6,0,virus
8844,2,0,virus
29457,43,0,virus
3893,48,1,virus
15210,0,0,virus
41904,216,0,virus
16117,17,0,virus
95,0,0,virus
29817,18,0,virus
494,25,1,virus
6256,41,1,virus
24717,20,0,virus
23799,136,1,virus
997,34,1,virus
8540,9,1,virus
32226,21,0,virus
19103,18,0,virus
10006,2,0,virus
34904,16,1,virus
19117,0,0,virus
36453,24,1,virus
36999,20,1,virus
28629,43,0,virus
35967,189,1,virus
37345,135,1,virus
31593,21,0,virus
29654,21,0,virus
21125,56,0,virus
23925,6,1,virus
35968,24,1,virus
22250,222,0,virus
13547,168,0,virus
34135,43,1,virus
33785,18,0,virus
37583,24,1,virus
20637,16,0,virus
42141,216,0,virus
18634,16,0,virus
7981,2,1,virus
45725,191,1,virus
10525,56,0,virus
31023,43,1,virus
37750,24,1,virus
34666,18,0,virus
21119,5,0,virus
11732,16,0,virus
11989,20,0,virus
26101,43,0,virus
38000,24,1,virus
29939,24,1,virus
12029,2,1,virus
21781,16,0,virus
20920,168,1,virus
15408,222,0,virus
8314,2,1,virus
10701,2,1,virus
24978,152,1,virus
14871,18,0,virus
6680,6,0,virus
25602,126,0,virus
32775,18,0,virus
34047,21,0,virus
32709,19,0,virus
13241,168,1,virus
9260,2,1,virus
8866,24,0,virus
45929,64,1,virus
22862,42,1,virus
30428,21,0,virus
18718,16,0,virus
36559,24,1,virus
37839,189,1,virus
13249,16,1,virus
14992,105,0,virus
13259,2,0,virus
23045,22,1,virus
27433,17,0,virus
7379,189,1,virus
12549,168,0,virus
22043,2,1,virus
2055,5,0,virus
26234,2,1,virus
32640,21,0,virus
32142,18,0,virus
35727,13,0,virus
12777,220,0,virus
38099,22,1,virus
15637,103,0,virus
847,56,1,virus
46753,43,0,virus
11674,207,0,virus
778,22,1,virus
13692,16,0,virus
697,56,1,virus
40307,6,1,virus
12022,222,1,virus
8733,2,0,virus
34117,21,0,virus
29883,21,0,virus
52159,262,1,virus
19032,168,0,virus
23702,136,1,virus
47101,43,0,virus
9186,2,0,virus
19890,118,1,virus
6928,24,0,virus
36787,24,1,virus
36882,24,1,virus
26009,2,1,virus
19021,168,0,virus
18090,18,0,virus
766,56,1,virus
31193,43,0,virus
22942,23,1,virus
22829,224,1,virus
628,8,1,virus
605,8,1,virus
16095,111,0,virus
18933,18,0,virus
30743,21,0,virus
33019,18,0,virus
33593,21,0,virus
13246,16,1,virus
13290,16,0,virus
32976,18,0,virus
7918,24,1,virus
37322,13,1,virus
15621,0,0,virus
52324,59,1,virus
8568,189,1,virus
1559,0,0,virus
12368,168,0,virus
25037,54,1,virus
37247,24,1,virus
32222,43,1,virus
18,2,0,virus
18569,103,0,virus
9179,76,0,virus
11093,9,0,virus
51449,262,1,virus
10159,189,1,virus
30141,18,0,virus
45666,64,1,virus
53751,262,0,virus
23264,135,0,virus
11383,222,0,virus
17311,222,1,virus
32886,18,0,virus
9230,24,1,virus
13582,126,0,virus
6583,195,0,virus
39941,262,1,virus
46297,258,1,virus
31995,21,0,virus
22325,168,0,virus
17146,103,0,virus
327,34,1,virus
968,8,1,virus
37590,24,1,virus
39023,2,1,virus
33753,21,1,virus
20079,95,0,virus
19999,14,0,virus
50321,43,1,virus
23541,54,1,virus
13500,16,0,virus
38512,24,1,virus
31925,59,1,virus
6281,2,0,virus
12743,168,0,virus
30378,43,1,virus
11912,59,0,virus
24161,100,1,virus
43663,162,1,virus
36084,135,1,virus
33975,18,0,virus
20052,16,0,virus
37221,135,1,virus
37747,189,1,virus
33118,18,0,virus
12718,222,1,virus
51924,262,1,virus
35238,43,1,virus
12662,56,1,virus
3870,16,0,virus
55015,168,0,virus
30147,21,0,virus
45898,191,1,virus
37591,13,1,virus
37098,54,1,virus
51306,43,0,virus
50032,155,1,virus
811,9,1,virus
25362,2,1,virus
21932,168,1,virus
39696,20,1,virus
23068,22,1,virus
43664,162,1,virus
7065,24,1,virus
55160,168,0,virus
33640,18,0,virus
9052,9,0,virus
33184,18,0,virus
26760,2,0,virus
41982,216,0,virus
13423,191,0,virus
39473,23,1,virus
8085,191,1,virus
13020,168,0,virus
12594,20,1,virus
51862,262,1,virus
32718,19,0,virus
37265,24,0,virus
54278,43,1,virus
40021,187,0,virus
2284,2,1,virus
4438,222,0,virus
6830,189,1,virus
30464,18,1,virus
8796,189,1,virus
24088,126,1,virus
41034,184,0,virus
4087,6,0,virus
34883,16,1,virus
30594,43,1,virus
31908,21,0,virus
36454,24,1,virus
2671,189,1,virus
17670,168,0,virus
33903,43,0,virus
2720,54,1,virus
20933,2,0,virus
13404,16,0,virus
52494,43,1,virus
30168,21,0,virus
37000,20,1,virus
12860,2,0,virus
8889,168,1,virus
12994,16,0,virus
38318,24,1,virus
1203,22,1,virus
16470,107,0,virus
11127,222,0,virus
37138,24,1,virus
17167,10,0,virus
13648,168,0,virus
35723,13,0,virus
20393,118,1,virus
33918,18,0,virus
33804,18,0,virus
38038,20,1,virus
31377,21,0,virus
1643,20,1,virus
3549,34,1,virus
1874,27,0,virus
34139,43,1,virus
14966,5,0,virus
45888,64,1,virus
36892,2,1,virus
54946,222,0,virus
33706,18,0,virus
15483,14,0,virus
10509,9,0,virus
47340,43,0,virus
29883,18,0,virus
47725,262,0,virus
8458,9,1,virus
715,168,1,virus
38447,24,1,virus
24681,222,0,virus
29511,18,0,virus
24324,20,1,virus
1025,8,1,virus
1069,8,1,virus
24986,2,1,virus
33701,21,1,virus
5269,16,0,virus
10919,9,1,virus
32882,21,0,virus
10217,56,0,virus
47662,43,0,virus
13888,16,0,virus
36233,13,0,virus
52276,262,1,virus
9703,28,0,virus
12269,168,0,virus
30634,21,0,virus
33065,18,0,virus
30261,21,0,virus
54011,262,0,virus
31647,18,0,virus
19017,168,0,virus
40721,195,0,virus
36827,24,1,virus
45792,191,1,virus
14171,74,0,virus
647,2,1,virus
20666,10,0,virus
8161,189,1,virus
55097,222,1,virus
37726,24,1,virus
30047,30,0,virus
6137,24,0,virus
33003,21,0,virus
656,2,1,virus
20568,14,0,virus
17994,18,0,virus
26283,24,1,virus
36102,24,1,virus
39545,24,1,virus
42302,216,0,virus
36421,189,1,virus
3641,195,1,virus
52197,262,1,virus
40443,6,0,virus
46551,43,0,virus
22024,2,1,virus
6381,2,1,virus
12839,222,1,virus
33079,18,0,virus
33307,18,0,virus
37805,24,1,virus
30225,18,0,virus
7435,24,1,virus
11216,168,1,virus
47360,43,0,virus
5265,222,0,virus
1643,183,1,virus
53467,43,0,virus
9577,9,0,virus
7599,24,1,virus
2992,135,1,virus
52383,43,1,virus
21644,2,1,virus
13048,16,0,virus
30790,18,0,virus
1284,9,0,virus
35221,2,0,virus
39697,20,1,virus
22960,224,1,virus
45058,136,1,virus
16517,168,0,virus
38484,135,1,virus
8834,16,0,virus
80,16,1,virus
17527,18,0,virus
18007,103,0,virus
52397,59,1,virus
36400,24,1,virus
5168,24,1,virus
46124,255,1,virus
47913,43,1,virus
24534,10,0,virus
35951,24,1,virus
18222,222,1,virus
40291,6,1,virus
25542,222,1,virus
31279,135,1,virus
23060,224,1,virus
52395,43,1,virus
950,34,1,virus
25269,56,1,virus
23333,16,0,virus
44064,34,1,virus
23515,22,1,virus
17327,2,1,virus
7383,6,0,virus
31993,21,0,virus
13710,16,0,virus
23480,54,1,virus
6661,2,0,virus
2954,2,0,virus
32457,18,0,virus
15183,111,0,virus
29742,4,0,virus
17703,18,0,virus
224,137,1,virus
23742,54,1,virus
6303,28,0,virus
32827,21,0,virus
9997,9,0,virus
14648,102,0,virus
29642,43,1,virus
42926,228,0,virus
1690,2,0,virus
16936,102,0,virus
52030,262,1,virus
37565,24,1,virus
1848,2,1,virus
11473,24,1,virus
15443,0,0,virus
47125,43,0,virus
39494,23,1,virus
40145,189,1,virus
11909,168,1,virus
11208,6,1,virus
24563,2,0,virus
30056,30,0,virus
15448,102,0,virus
33577,21,0,virus
6648,189,1,virus
30792,167,0,virus
29816,21,0,virus
1504,222,1,virus
22878,42,1,virus
20663,126,0,virus
14930,114,0,virus
13440,9,1,virus
26155,43,0,virus
7879,24,1,virus
46880,43,0,virus
1328,16,1,virus
33925,21,0,virus
33833,167,0,virus
5719,54,1,virus
32441,18,0,virus
25183,20,1,virus
9282,189,1,virus
4562,48,1,virus
26417,43,0,virus
1044,34,1,virus
9116,9,0,virus
45082,242,1,virus
45361,59,0,virus
35204,172,1,virus
41046,91,1,virus
45930,191,1,virus
19987,128,0,virus
23070,23,1,virus
46888,43,0,virus
23624,54,1,virus
34647,21,0,virus
39776,23,1,virus
19847,16,0,virus
8657,16,0,virus
12728,16,0,virus
21816,2,1,virus
4390,49,1,virus
9119,24,1,virus
38259,20,1,virus
34181,18,0,virus
36493,43,0,virus
16116,17,0,virus
2264,0,0,virus
786,100,1,virus
18360,168,0,virus
32131,18,0,virus
11232,20,1,virus
22690,2,0,virus
6570,189,1,virus
1172,13,1,virus
50744,43,0,virus
19529,18,0,virus
28944,166,0,virus
54077,262,0,virus
30789,18,0,virus
20241,5,0,virus
7632,24,1,virus
14024,16,0,virus
20960,168,1,virus
51983,262,1,virus
13849,168,1,virus
861,9,1,virus
36011,24,1,virus
19573,59,0,virus
51868,262,1,virus
7984,191,1,virus
32658,18,0,virus
11744,16,0,virus
54024,262,0,virus
19124,102,0,virus
288,9,0,virus
1030,8,1,virus
490,25,1,virus
45260,251,1,virus
6518,9,0,virus
31560,21,0,virus
47879,41,0,virus
48000,43,1,virus
10231,56,0,virus
30227,21,0,virus
31429,18,0,virus
15307,16,0,virus
11570,168,0,virus
16589,18,0,virus
40789,135,1,virus
22913,224,1,virus
10814,2,0,virus
47432,43,0,virus
44717,239,1,virus
32627,18,0,virus
11386,2,1,virus
19424,16,1,virus
16172,16,0,virus
6547,16,1,virus
24950,2,0,virus
13173,74,0,virus
30215,21,0,virus
32694,18,0,virus
8751,2,0,virus
9021,13,1,virus
33417,43,0,virus
50038,155,1,virus
34657,18,0,virus
7579,24,0,virus
33675,18,0,virus
39480,188,1,virus
36460,24,1,virus
13900,4,0,virus
38753,41,0,virus
41683,213,0,virus
5191,24,1,virus
21697,5,0,virus
33703,21,1,virus
5455,2,0,virus
4063,49,0,virus
28876,21,0,virus
12197,168,1,virus
4656,16,0,virus
10598,41,0,virus
14627,59,0,virus
22910,22,1,virus
23085,227,0,virus
22056,2,0,virus
12107,16,1,virus
8663,2,0,virus
1858,9,1,virus
26040,10,0,virus
13951,20,0,virus
13554,16,0,virus
24752,137,1,virus
33460,18,0,virus
55036,222,0,virus
45832,64,1,virus
3719,2,1,virus
21438,2,0,virus
23068,58,1,virus
39364,20,0,virus
45103,136,1,virus
29181,43,1,virus
43565,162,1,virus
33053,21,0,virus
34092,18,0,virus
21886,222,0,virus
15164,0,0,virus
15222,14,0,virus
3201,24,1,virus
12544,168,0,virus
20269,14,0,virus
52373,250,1,virus
35992,24,1,virus
11157,16,0,virus
21285,22,1,virus
32309,18,0,virus
16060,103,0,virus
30946,24,1,virus
3062,45,0,virus
5266,2,0,virus
20773,20,0,virus
43389,239,1,virus
52090,262,1,virus
12524,9,0,virus
5128,42,0,virus
6373,189,0,virus
27232,43,1,virus
33198,18,0,virus
38213,135,1,virus
39349,20,0,virus
35185,59,0,virus
25998,2,1,virus
52029,262,1,virus
36764,24,1,virus
299,16,1,virus
4303,48,1,virus
833,56,1,virus
39540,20,1,virus
22901,54,1,virus
48646,232,1,virus
9375,24,1,virus
34093,21,1,virus
40244,189,1,virus
19371,168,1,virus
33809,18,0,virus
13943,16,0,virus
16513,168,0,virus
38595,24,1,virus
1291,15,1,virus
13576,168,0,virus
41774,216,0,virus
5195,191,1,virus
36810,135,1,virus
32844,21,0,virus
2872,24,1,virus
37057,24,1,virus
37543,13,1,virus
30406,21,0,virus
21209,222,1,virus
6237,16,0,virus
43561,162,1,virus
38136,54,1,virus
14948,14,0,virus
52103,262,1,virus
963,34,1,virus
23773,136,1,virus
47878,43,0,virus
46488,43,0,virus
7140,24,0,virus
42958,229,0,virus
10580,9,0,virus
34122,43,0,virus
17421,103,0,virus
40591,189,1,virus
12953,2,1,virus
2250,15,1,virus
43243,6,1,virus
37213,24,1,virus
34143,43,1,virus
27231,43,1,virus
18749,14,0,virus
7491,189,0,virus
30771,18,0,virus
34047,18,0,virus
40139,189,1,virus
6904,24,1,virus
1000,34,1,virus
591,54,1,virus
4925,47,0,virus
34503,21,0,virus
37195,135,1,virus
18183,18,0,virus
14143,43,0,virus
47876,41,0,virus
2953,49,0,virus
12236,16,1,virus
25583,2,0,virus
30847,18,0,virus
34660,18,0,virus
36606,24,1,virus
34599,21,0,virus
33790,164,0,virus
314,25,0,virus
39665,20,1,virus
13203,41,0,virus
49190,261,1,virus
30206,18,0,virus
6841,189,1,virus
24015,6,1,virus
15148,0,0,virus
47671,43,0,virus
9588,16,0,virus
38582,24,1,virus
19986,5,0,virus
31977,18,0,virus
44895,136,1,virus
24507,23,1,virus
21440,2,0,virus
52389,43,1,virus
36941,24,1,virus
23050,54,1,virus
44211,241,1,virus
15584,0,0,virus
35138,16,1,virus
18703,168,1,virus
8942,6,1,virus
6773,24,1,virus
19761,222,1,virus
22904,54,1,virus
24431,2,0,virus
48998,261,1,virus
20343,126,0,virus
34177,21,0,virus
10033,16,0,virus
4932,47,0,virus
3687,48,1,virus
4681,54,1,virus
12948,168,0,virus
15884,103,0,virus
38667,180,1,virus
33648,21,0,virus
22061,95,0,virus
33663,21,0,virus
17040,16,1,virus
30105,21,0,virus
15782,0,0,virus
38117,24,1,virus
36327,6,1,virus
38089,24,1,virus
38047,24,1,virus
1561,0,0,virus
40109,189,1,virus
23517,224,1,virus
20960,16,1,virus
47963,43,1,virus
49675,6,1,virus
37332,189,1,virus
24776,126,0,virus
243,23,1,virus
10989,24,0,virus
13114,95,0,virus
17762,0,0,virus
23641,54,1,virus
21135,5,0,virus
1571,27,0,virus
32382,18,0,virus
37553,13,1,virus
7491,24,0,virus
2794,24,1,virus
10778,6,0,virus
54300,43,1,virus
23821,9,1,virus
29954,18,0,virus
36734,24,1,virus
4754,2,1,virus
37463,13,0,virus
20071,16,0,virus
15642,64,0,virus
16219,105,0,virus
19346,0,0,virus
34018,21,0,virus
784,23,1,virus
44683,239,1,virus
7397,47,1,virus
6764,24,1,virus
20747,5,0,virus
45762,64,1,virus
2106,8,0,virus
3421,9,0,virus
54071,262,0,virus
31980,18,0,virus
287,9,0,virus
5008,25,1,virus
31254,18,0,virus
31707,2,1,virus
39932,43,1,virus
36246,189,1,virus
12263,2,0,virus
41846,216,0,virus
32652,18,0,virus
30297,18,0,virus
6359,168,0,virus
11256,222,0,virus
10162,24,1,virus
4483,24,0,virus
1149,8,1,virus
2960,24,1,virus
28024,102,0,virus
34125,43,0,virus
24488,222,0,virus
29580,21,0,virus
12052,2,1,virus
20597,16,0,virus
5519,222,0,virus
1297,15,1,virus
27453,2,1,virus
